"","month_id","country_id","situation_month"
"1",457,1,"peace"
"2",458,1,"peace"
"3",459,1,"peace"
"4",460,1,"peace"
"5",461,1,"peace"
"6",462,1,"peace"
"7",463,1,"peace"
"8",464,1,"peace"
"9",465,1,"peace"
"10",466,1,"peace"
"11",467,1,"peace"
"12",468,1,"peace"
"13",469,1,"peace"
"14",470,1,"peace"
"15",471,1,"peace"
"16",472,1,"peace"
"17",473,1,"peace"
"18",474,1,"peace"
"19",475,1,"peace"
"20",476,1,"peace"
"21",477,1,"peace"
"22",478,1,"peace"
"23",479,1,"peace"
"24",480,1,"peace"
"25",481,1,"peace"
"26",482,1,"peace"
"27",483,1,"peace"
"28",484,1,"peace"
"29",485,1,"peace"
"30",486,1,"peace"
"31",487,1,"peace"
"32",488,1,"peace"
"33",489,1,"peace"
"34",490,1,"peace"
"35",491,1,"peace"
"36",492,1,"peace"
"37",493,1,"peace"
"38",494,1,"peace"
"39",495,1,"peace"
"40",496,1,"peace"
"41",497,1,"peace"
"42",498,1,"peace"
"43",499,1,"peace"
"44",500,1,"peace"
"45",501,1,"peace"
"46",502,1,"peace"
"47",503,1,"peace"
"48",504,1,"peace"
"49",505,1,"peace"
"50",506,1,"peace"
"51",507,1,"peace"
"52",508,1,"peace"
"53",509,1,"peace"
"54",510,1,"peace"
"55",511,1,"peace"
"56",512,1,"peace"
"57",513,1,"peace"
"58",514,1,"peace"
"59",515,1,"peace"
"60",516,1,"peace"
"61",517,1,"peace"
"62",518,1,"peace"
"63",519,1,"peace"
"64",520,1,"peace"
"65",521,1,"peace"
"66",522,1,"peace"
"67",523,1,"peace"
"68",524,1,"peace"
"69",525,1,"peace"
"70",526,1,"peace"
"71",527,1,"peace"
"72",528,1,"peace"
"73",457,2,"peace"
"74",458,2,"peace"
"75",459,2,"peace"
"76",460,2,"peace"
"77",461,2,"peace"
"78",462,2,"peace"
"79",463,2,"peace"
"80",464,2,"peace"
"81",465,2,"peace"
"82",466,2,"peace"
"83",467,2,"peace"
"84",468,2,"peace"
"85",469,2,"peace"
"86",470,2,"peace"
"87",471,2,"peace"
"88",472,2,"peace"
"89",473,2,"peace"
"90",474,2,"peace"
"91",475,2,"peace"
"92",476,2,"peace"
"93",477,2,"peace"
"94",478,2,"peace"
"95",479,2,"peace"
"96",480,2,"peace"
"97",481,2,"peace"
"98",482,2,"peace"
"99",483,2,"peace"
"100",484,2,"peace"
"101",485,2,"peace"
"102",486,2,"peace"
"103",487,2,"peace"
"104",488,2,"peace"
"105",489,2,"peace"
"106",490,2,"peace"
"107",491,2,"peace"
"108",492,2,"peace"
"109",493,2,"peace"
"110",494,2,"peace"
"111",495,2,"peace"
"112",496,2,"peace"
"113",497,2,"peace"
"114",498,2,"peace"
"115",499,2,"peace"
"116",500,2,"peace"
"117",501,2,"peace"
"118",502,2,"peace"
"119",503,2,"peace"
"120",504,2,"peace"
"121",505,2,"peace"
"122",506,2,"peace"
"123",507,2,"peace"
"124",508,2,"peace"
"125",509,2,"peace"
"126",510,2,"peace"
"127",511,2,"peace"
"128",512,2,"peace"
"129",513,2,"peace"
"130",514,2,"peace"
"131",515,2,"peace"
"132",516,2,"peace"
"133",517,2,"peace"
"134",518,2,"peace"
"135",519,2,"peace"
"136",520,2,"peace"
"137",521,2,"peace"
"138",522,2,"peace"
"139",523,2,"peace"
"140",524,2,"peace"
"141",525,2,"peace"
"142",526,2,"peace"
"143",527,2,"peace"
"144",528,2,"peace"
"145",457,3,"peace"
"146",458,3,"peace"
"147",459,3,"peace"
"148",460,3,"peace"
"149",461,3,"peace"
"150",462,3,"peace"
"151",463,3,"peace"
"152",464,3,"peace"
"153",465,3,"peace"
"154",466,3,"peace"
"155",467,3,"peace"
"156",468,3,"peace"
"157",469,3,"peace"
"158",470,3,"peace"
"159",471,3,"peace"
"160",472,3,"peace"
"161",473,3,"peace"
"162",474,3,"peace"
"163",475,3,"peace"
"164",476,3,"peace"
"165",477,3,"peace"
"166",478,3,"peace"
"167",479,3,"peace"
"168",480,3,"peace"
"169",481,3,"peace"
"170",482,3,"peace"
"171",483,3,"peace"
"172",484,3,"peace"
"173",485,3,"peace"
"174",486,3,"peace"
"175",487,3,"peace"
"176",488,3,"peace"
"177",489,3,"peace"
"178",490,3,"peace"
"179",491,3,"peace"
"180",492,3,"peace"
"181",493,3,"peace"
"182",494,3,"peace"
"183",495,3,"peace"
"184",496,3,"peace"
"185",497,3,"peace"
"186",498,3,"peace"
"187",499,3,"peace"
"188",500,3,"peace"
"189",501,3,"peace"
"190",502,3,"peace"
"191",503,3,"peace"
"192",504,3,"peace"
"193",505,3,"peace"
"194",506,3,"peace"
"195",507,3,"peace"
"196",508,3,"peace"
"197",509,3,"peace"
"198",510,3,"peace"
"199",511,3,"peace"
"200",512,3,"peace"
"201",513,3,"peace"
"202",514,3,"peace"
"203",515,3,"peace"
"204",516,3,"peace"
"205",517,3,"peace"
"206",518,3,"peace"
"207",519,3,"peace"
"208",520,3,"peace"
"209",521,3,"peace"
"210",522,3,"peace"
"211",523,3,"peace"
"212",524,3,"peace"
"213",525,3,"peace"
"214",526,3,"peace"
"215",527,3,"peace"
"216",528,3,"peace"
"217",457,4,"peace"
"218",458,4,"peace"
"219",459,4,"peace"
"220",460,4,"peace"
"221",461,4,"peace"
"222",462,4,"peace"
"223",463,4,"peace"
"224",464,4,"peace"
"225",465,4,"peace"
"226",466,4,"peace"
"227",467,4,"peace"
"228",468,4,"peace"
"229",469,4,"peace"
"230",470,4,"peace"
"231",471,4,"peace"
"232",472,4,"peace"
"233",473,4,"peace"
"234",474,4,"peace"
"235",475,4,"peace"
"236",476,4,"peace"
"237",477,4,"peace"
"238",478,4,"peace"
"239",479,4,"peace"
"240",480,4,"peace"
"241",481,4,"peace"
"242",482,4,"peace"
"243",483,4,"peace"
"244",484,4,"peace"
"245",485,4,"peace"
"246",486,4,"peace"
"247",487,4,"peace"
"248",488,4,"peace"
"249",489,4,"peace"
"250",490,4,"peace"
"251",491,4,"peace"
"252",492,4,"peace"
"253",493,4,"peace"
"254",494,4,"peace"
"255",495,4,"peace"
"256",496,4,"peace"
"257",497,4,"peace"
"258",498,4,"peace"
"259",499,4,"peace"
"260",500,4,"peace"
"261",501,4,"peace"
"262",502,4,"peace"
"263",503,4,"peace"
"264",504,4,"peace"
"265",505,4,"peace"
"266",506,4,"peace"
"267",507,4,"peace"
"268",508,4,"peace"
"269",509,4,"peace"
"270",510,4,"peace"
"271",511,4,"peace"
"272",512,4,"peace"
"273",513,4,"peace"
"274",514,4,"peace"
"275",515,4,"peace"
"276",516,4,"peace"
"277",517,4,"peace"
"278",518,4,"peace"
"279",519,4,"peace"
"280",520,4,"peace"
"281",521,4,"peace"
"282",522,4,"peace"
"283",523,4,"peace"
"284",524,4,"peace"
"285",525,4,"peace"
"286",526,4,"peace"
"287",527,4,"peace"
"288",528,4,"peace"
"289",457,5,"peace"
"290",458,5,"peace"
"291",459,5,"peace"
"292",460,5,"peace"
"293",461,5,"peace"
"294",462,5,"peace"
"295",463,5,"peace"
"296",464,5,"peace"
"297",465,5,"peace"
"298",466,5,"peace"
"299",467,5,"peace"
"300",468,5,"peace"
"301",469,5,"peace"
"302",470,5,"peace"
"303",471,5,"peace"
"304",472,5,"peace"
"305",473,5,"peace"
"306",474,5,"peace"
"307",475,5,"peace"
"308",476,5,"peace"
"309",477,5,"peace"
"310",478,5,"peace"
"311",479,5,"peace"
"312",480,5,"peace"
"313",481,5,"peace"
"314",482,5,"peace"
"315",483,5,"peace"
"316",484,5,"peace"
"317",485,5,"peace"
"318",486,5,"peace"
"319",487,5,"peace"
"320",488,5,"peace"
"321",489,5,"peace"
"322",490,5,"peace"
"323",491,5,"peace"
"324",492,5,"peace"
"325",493,5,"peace"
"326",494,5,"peace"
"327",495,5,"peace"
"328",496,5,"peace"
"329",497,5,"peace"
"330",498,5,"peace"
"331",499,5,"peace"
"332",500,5,"peace"
"333",501,5,"peace"
"334",502,5,"peace"
"335",503,5,"peace"
"336",504,5,"peace"
"337",505,5,"peace"
"338",506,5,"peace"
"339",507,5,"peace"
"340",508,5,"peace"
"341",509,5,"peace"
"342",510,5,"peace"
"343",511,5,"peace"
"344",512,5,"peace"
"345",513,5,"peace"
"346",514,5,"peace"
"347",515,5,"peace"
"348",516,5,"peace"
"349",517,5,"peace"
"350",518,5,"peace"
"351",519,5,"peace"
"352",520,5,"peace"
"353",521,5,"peace"
"354",522,5,"peace"
"355",523,5,"peace"
"356",524,5,"peace"
"357",525,5,"peace"
"358",526,5,"peace"
"359",527,5,"peace"
"360",528,5,"peace"
"361",457,6,"peace"
"362",458,6,"peace"
"363",459,6,"peace"
"364",460,6,"peace"
"365",461,6,"peace"
"366",462,6,"peace"
"367",463,6,"peace"
"368",464,6,"peace"
"369",465,6,"peace"
"370",466,6,"peace"
"371",467,6,"peace"
"372",468,6,"peace"
"373",469,6,"peace"
"374",470,6,"peace"
"375",471,6,"peace"
"376",472,6,"peace"
"377",473,6,"peace"
"378",474,6,"peace"
"379",475,6,"peace"
"380",476,6,"peace"
"381",477,6,"peace"
"382",478,6,"peace"
"383",479,6,"peace"
"384",480,6,"peace"
"385",481,6,"peace"
"386",482,6,"peace"
"387",483,6,"peace"
"388",484,6,"peace"
"389",485,6,"peace"
"390",486,6,"peace"
"391",487,6,"peace"
"392",488,6,"peace"
"393",489,6,"peace"
"394",490,6,"peace"
"395",491,6,"peace"
"396",492,6,"peace"
"397",493,6,"peace"
"398",494,6,"peace"
"399",495,6,"peace"
"400",496,6,"peace"
"401",497,6,"peace"
"402",498,6,"peace"
"403",499,6,"peace"
"404",500,6,"peace"
"405",501,6,"peace"
"406",502,6,"peace"
"407",503,6,"peace"
"408",504,6,"peace"
"409",505,6,"peace"
"410",506,6,"peace"
"411",507,6,"peace"
"412",508,6,"peace"
"413",509,6,"peace"
"414",510,6,"peace"
"415",511,6,"peace"
"416",512,6,"peace"
"417",513,6,"peace"
"418",514,6,"peace"
"419",515,6,"peace"
"420",516,6,"peace"
"421",517,6,"peace"
"422",518,6,"peace"
"423",519,6,"peace"
"424",520,6,"peace"
"425",521,6,"peace"
"426",522,6,"peace"
"427",523,6,"peace"
"428",524,6,"peace"
"429",525,6,"peace"
"430",526,6,"peace"
"431",527,6,"peace"
"432",528,6,"peace"
"433",457,7,"peace"
"434",458,7,"peace"
"435",459,7,"peace"
"436",460,7,"peace"
"437",461,7,"peace"
"438",462,7,"peace"
"439",463,7,"peace"
"440",464,7,"peace"
"441",465,7,"peace"
"442",466,7,"peace"
"443",467,7,"peace"
"444",468,7,"peace"
"445",469,7,"peace"
"446",470,7,"peace"
"447",471,7,"peace"
"448",472,7,"peace"
"449",473,7,"peace"
"450",474,7,"peace"
"451",475,7,"peace"
"452",476,7,"peace"
"453",477,7,"peace"
"454",478,7,"peace"
"455",479,7,"peace"
"456",480,7,"peace"
"457",481,7,"peace"
"458",482,7,"peace"
"459",483,7,"peace"
"460",484,7,"peace"
"461",485,7,"peace"
"462",486,7,"peace"
"463",487,7,"peace"
"464",488,7,"peace"
"465",489,7,"peace"
"466",490,7,"peace"
"467",491,7,"peace"
"468",492,7,"peace"
"469",493,7,"peace"
"470",494,7,"peace"
"471",495,7,"peace"
"472",496,7,"peace"
"473",497,7,"peace"
"474",498,7,"peace"
"475",499,7,"peace"
"476",500,7,"peace"
"477",501,7,"peace"
"478",502,7,"peace"
"479",503,7,"peace"
"480",504,7,"peace"
"481",505,7,"peace"
"482",506,7,"peace"
"483",507,7,"peace"
"484",508,7,"peace"
"485",509,7,"peace"
"486",510,7,"peace"
"487",511,7,"peace"
"488",512,7,"peace"
"489",513,7,"peace"
"490",514,7,"peace"
"491",515,7,"peace"
"492",516,7,"peace"
"493",517,7,"peace"
"494",518,7,"peace"
"495",519,7,"peace"
"496",520,7,"peace"
"497",521,7,"peace"
"498",522,7,"peace"
"499",523,7,"peace"
"500",524,7,"peace"
"501",525,7,"peace"
"502",526,7,"peace"
"503",527,7,"peace"
"504",528,7,"peace"
"505",457,8,"peace"
"506",458,8,"peace"
"507",459,8,"peace"
"508",460,8,"peace"
"509",461,8,"peace"
"510",462,8,"peace"
"511",463,8,"peace"
"512",464,8,"peace"
"513",465,8,"peace"
"514",466,8,"peace"
"515",467,8,"peace"
"516",468,8,"peace"
"517",469,8,"peace"
"518",470,8,"peace"
"519",471,8,"peace"
"520",472,8,"peace"
"521",473,8,"peace"
"522",474,8,"peace"
"523",475,8,"peace"
"524",476,8,"peace"
"525",477,8,"peace"
"526",478,8,"peace"
"527",479,8,"peace"
"528",480,8,"peace"
"529",481,8,"peace"
"530",482,8,"peace"
"531",483,8,"peace"
"532",484,8,"peace"
"533",485,8,"peace"
"534",486,8,"peace"
"535",487,8,"peace"
"536",488,8,"peace"
"537",489,8,"peace"
"538",490,8,"peace"
"539",491,8,"peace"
"540",492,8,"peace"
"541",493,8,"peace"
"542",494,8,"peace"
"543",495,8,"peace"
"544",496,8,"peace"
"545",497,8,"peace"
"546",498,8,"peace"
"547",499,8,"peace"
"548",500,8,"peace"
"549",501,8,"peace"
"550",502,8,"peace"
"551",503,8,"peace"
"552",504,8,"peace"
"553",505,8,"peace"
"554",506,8,"peace"
"555",507,8,"peace"
"556",508,8,"peace"
"557",509,8,"peace"
"558",510,8,"peace"
"559",511,8,"peace"
"560",512,8,"peace"
"561",513,8,"peace"
"562",514,8,"peace"
"563",515,8,"peace"
"564",516,8,"peace"
"565",517,8,"peace"
"566",518,8,"peace"
"567",519,8,"peace"
"568",520,8,"peace"
"569",521,8,"peace"
"570",522,8,"peace"
"571",523,8,"peace"
"572",524,8,"peace"
"573",525,8,"peace"
"574",526,8,"peace"
"575",527,8,"peace"
"576",528,8,"peace"
"577",457,9,"peace"
"578",458,9,"peace"
"579",459,9,"peace"
"580",460,9,"peace"
"581",461,9,"peace"
"582",462,9,"peace"
"583",463,9,"peace"
"584",464,9,"peace"
"585",465,9,"peace"
"586",466,9,"peace"
"587",467,9,"peace"
"588",468,9,"peace"
"589",469,9,"peace"
"590",470,9,"peace"
"591",471,9,"peace"
"592",472,9,"peace"
"593",473,9,"peace"
"594",474,9,"peace"
"595",475,9,"peace"
"596",476,9,"peace"
"597",477,9,"peace"
"598",478,9,"peace"
"599",479,9,"peace"
"600",480,9,"peace"
"601",481,9,"peace"
"602",482,9,"peace"
"603",483,9,"peace"
"604",484,9,"peace"
"605",485,9,"peace"
"606",486,9,"peace"
"607",487,9,"peace"
"608",488,9,"peace"
"609",489,9,"peace"
"610",490,9,"peace"
"611",491,9,"peace"
"612",492,9,"peace"
"613",493,9,"peace"
"614",494,9,"peace"
"615",495,9,"peace"
"616",496,9,"peace"
"617",497,9,"peace"
"618",498,9,"peace"
"619",499,9,"peace"
"620",500,9,"peace"
"621",501,9,"peace"
"622",502,9,"peace"
"623",503,9,"peace"
"624",504,9,"peace"
"625",505,9,"peace"
"626",506,9,"peace"
"627",507,9,"peace"
"628",508,9,"peace"
"629",509,9,"peace"
"630",510,9,"peace"
"631",511,9,"peace"
"632",512,9,"peace"
"633",513,9,"peace"
"634",514,9,"peace"
"635",515,9,"peace"
"636",516,9,"peace"
"637",517,9,"peace"
"638",518,9,"peace"
"639",519,9,"peace"
"640",520,9,"peace"
"641",521,9,"peace"
"642",522,9,"peace"
"643",523,9,"peace"
"644",524,9,"peace"
"645",525,9,"peace"
"646",526,9,"peace"
"647",527,9,"peace"
"648",528,9,"peace"
"649",457,10,"peace"
"650",458,10,"peace"
"651",459,10,"peace"
"652",460,10,"peace"
"653",461,10,"peace"
"654",462,10,"peace"
"655",463,10,"peace"
"656",464,10,"peace"
"657",465,10,"peace"
"658",466,10,"peace"
"659",467,10,"peace"
"660",468,10,"peace"
"661",469,10,"peace"
"662",470,10,"peace"
"663",471,10,"peace"
"664",472,10,"peace"
"665",473,10,"peace"
"666",474,10,"peace"
"667",475,10,"peace"
"668",476,10,"peace"
"669",477,10,"peace"
"670",478,10,"peace"
"671",479,10,"peace"
"672",480,10,"peace"
"673",481,10,"peace"
"674",482,10,"peace"
"675",483,10,"peace"
"676",484,10,"peace"
"677",485,10,"peace"
"678",486,10,"peace"
"679",487,10,"peace"
"680",488,10,"peace"
"681",489,10,"peace"
"682",490,10,"peace"
"683",491,10,"peace"
"684",492,10,"peace"
"685",493,10,"peace"
"686",494,10,"peace"
"687",495,10,"peace"
"688",496,10,"peace"
"689",497,10,"peace"
"690",498,10,"peace"
"691",499,10,"peace"
"692",500,10,"peace"
"693",501,10,"peace"
"694",502,10,"peace"
"695",503,10,"peace"
"696",504,10,"peace"
"697",505,10,"peace"
"698",506,10,"peace"
"699",507,10,"peace"
"700",508,10,"peace"
"701",509,10,"peace"
"702",510,10,"peace"
"703",511,10,"peace"
"704",512,10,"peace"
"705",513,10,"peace"
"706",514,10,"peace"
"707",515,10,"peace"
"708",516,10,"peace"
"709",517,10,"peace"
"710",518,10,"peace"
"711",519,10,"peace"
"712",520,10,"peace"
"713",521,10,"peace"
"714",522,10,"peace"
"715",523,10,"peace"
"716",524,10,"peace"
"717",525,10,"peace"
"718",526,10,"peace"
"719",527,10,"peace"
"720",528,10,"peace"
"721",457,11,"peace"
"722",458,11,"peace"
"723",459,11,"peace"
"724",460,11,"peace"
"725",461,11,"peace"
"726",462,11,"peace"
"727",463,11,"peace"
"728",464,11,"peace"
"729",465,11,"peace"
"730",466,11,"peace"
"731",467,11,"peace"
"732",468,11,"peace"
"733",469,11,"onset"
"734",470,11,"peace"
"735",471,11,"peace"
"736",472,11,"peace"
"737",473,11,"peace"
"738",474,11,"peace"
"739",475,11,"peace"
"740",476,11,"peace"
"741",477,11,"peace"
"742",478,11,"peace"
"743",479,11,"peace"
"744",480,11,"peace"
"745",481,11,"peace"
"746",482,11,"peace"
"747",483,11,"peace"
"748",484,11,"peace"
"749",485,11,"peace"
"750",486,11,"peace"
"751",487,11,"peace"
"752",488,11,"peace"
"753",489,11,"peace"
"754",490,11,"peace"
"755",491,11,"peace"
"756",492,11,"peace"
"757",493,11,"peace"
"758",494,11,"peace"
"759",495,11,"peace"
"760",496,11,"peace"
"761",497,11,"peace"
"762",498,11,"peace"
"763",499,11,"peace"
"764",500,11,"peace"
"765",501,11,"peace"
"766",502,11,"peace"
"767",503,11,"peace"
"768",504,11,"peace"
"769",505,11,"peace"
"770",506,11,"peace"
"771",507,11,"peace"
"772",508,11,"peace"
"773",509,11,"peace"
"774",510,11,"peace"
"775",511,11,"peace"
"776",512,11,"peace"
"777",513,11,"peace"
"778",514,11,"peace"
"779",515,11,"peace"
"780",516,11,"peace"
"781",517,11,"peace"
"782",518,11,"peace"
"783",519,11,"peace"
"784",520,11,"peace"
"785",521,11,"peace"
"786",522,11,"peace"
"787",523,11,"peace"
"788",524,11,"peace"
"789",525,11,"peace"
"790",526,11,"peace"
"791",527,11,"peace"
"792",528,11,"peace"
"793",457,12,"peace"
"794",458,12,"peace"
"795",459,12,"peace"
"796",460,12,"peace"
"797",461,12,"peace"
"798",462,12,"peace"
"799",463,12,"peace"
"800",464,12,"peace"
"801",465,12,"peace"
"802",466,12,"peace"
"803",467,12,"peace"
"804",468,12,"peace"
"805",469,12,"peace"
"806",470,12,"peace"
"807",471,12,"peace"
"808",472,12,"peace"
"809",473,12,"peace"
"810",474,12,"peace"
"811",475,12,"peace"
"812",476,12,"peace"
"813",477,12,"peace"
"814",478,12,"peace"
"815",479,12,"peace"
"816",480,12,"peace"
"817",481,12,"peace"
"818",482,12,"peace"
"819",483,12,"peace"
"820",484,12,"peace"
"821",485,12,"peace"
"822",486,12,"peace"
"823",487,12,"peace"
"824",488,12,"peace"
"825",489,12,"peace"
"826",490,12,"peace"
"827",491,12,"peace"
"828",492,12,"peace"
"829",493,12,"peace"
"830",494,12,"peace"
"831",495,12,"peace"
"832",496,12,"peace"
"833",497,12,"peace"
"834",498,12,"peace"
"835",499,12,"peace"
"836",500,12,"peace"
"837",501,12,"peace"
"838",502,12,"peace"
"839",503,12,"peace"
"840",504,12,"peace"
"841",505,12,"peace"
"842",506,12,"peace"
"843",507,12,"peace"
"844",508,12,"peace"
"845",509,12,"peace"
"846",510,12,"peace"
"847",511,12,"peace"
"848",512,12,"peace"
"849",513,12,"peace"
"850",514,12,"peace"
"851",515,12,"peace"
"852",516,12,"peace"
"853",517,12,"peace"
"854",518,12,"peace"
"855",519,12,"peace"
"856",520,12,"peace"
"857",521,12,"peace"
"858",522,12,"peace"
"859",523,12,"peace"
"860",524,12,"peace"
"861",525,12,"peace"
"862",526,12,"peace"
"863",527,12,"peace"
"864",528,12,"peace"
"865",457,13,"deescalation"
"866",458,13,"deescalation"
"867",459,13,"deescalation"
"868",460,13,"deescalation"
"869",461,13,"deescalation"
"870",462,13,"deescalation"
"871",463,13,"deescalation"
"872",464,13,"deescalation"
"873",465,13,"deescalation"
"874",466,13,"deescalation"
"875",467,13,"deescalation"
"876",468,13,"deescalation"
"877",469,13,"peace"
"878",470,13,"peace"
"879",471,13,"peace"
"880",472,13,"peace"
"881",473,13,"peace"
"882",474,13,"peace"
"883",475,13,"peace"
"884",476,13,"peace"
"885",477,13,"peace"
"886",478,13,"peace"
"887",479,13,"peace"
"888",480,13,"peace"
"889",481,13,"peace"
"890",482,13,"onset"
"891",483,13,"peace"
"892",484,13,"peace"
"893",485,13,"peace"
"894",486,13,"peace"
"895",487,13,"peace"
"896",488,13,"peace"
"897",489,13,"peace"
"898",490,13,"peace"
"899",491,13,"peace"
"900",492,13,"peace"
"901",493,13,"peace"
"902",494,13,"peace"
"903",495,13,"peace"
"904",496,13,"peace"
"905",497,13,"onset"
"906",498,13,"peace"
"907",499,13,"onset"
"908",500,13,"peace"
"909",501,13,"onset"
"910",502,13,"peace"
"911",503,13,"peace"
"912",504,13,"peace"
"913",505,13,"peace"
"914",506,13,"peace"
"915",507,13,"peace"
"916",508,13,"peace"
"917",509,13,"peace"
"918",510,13,"peace"
"919",511,13,"onset"
"920",512,13,"onset"
"921",513,13,"peace"
"922",514,13,"peace"
"923",515,13,"peace"
"924",516,13,"peace"
"925",517,13,"peace"
"926",518,13,"peace"
"927",519,13,"onset"
"928",520,13,"peace"
"929",521,13,"peace"
"930",522,13,"peace"
"931",523,13,"peace"
"932",524,13,"peace"
"933",525,13,"onset"
"934",526,13,"peace"
"935",527,13,"peace"
"936",528,13,"peace"
"937",457,14,"peace"
"938",458,14,"peace"
"939",459,14,"peace"
"940",460,14,"peace"
"941",461,14,"peace"
"942",462,14,"peace"
"943",463,14,"peace"
"944",464,14,"peace"
"945",465,14,"peace"
"946",466,14,"peace"
"947",467,14,"peace"
"948",468,14,"peace"
"949",469,14,"peace"
"950",470,14,"peace"
"951",471,14,"peace"
"952",472,14,"peace"
"953",473,14,"peace"
"954",474,14,"peace"
"955",475,14,"peace"
"956",476,14,"peace"
"957",477,14,"peace"
"958",478,14,"peace"
"959",479,14,"peace"
"960",480,14,"peace"
"961",481,14,"peace"
"962",482,14,"peace"
"963",483,14,"peace"
"964",484,14,"peace"
"965",485,14,"peace"
"966",486,14,"peace"
"967",487,14,"peace"
"968",488,14,"peace"
"969",489,14,"peace"
"970",490,14,"peace"
"971",491,14,"peace"
"972",492,14,"peace"
"973",493,14,"peace"
"974",494,14,"peace"
"975",495,14,"peace"
"976",496,14,"peace"
"977",497,14,"peace"
"978",498,14,"peace"
"979",499,14,"peace"
"980",500,14,"peace"
"981",501,14,"peace"
"982",502,14,"peace"
"983",503,14,"peace"
"984",504,14,"peace"
"985",505,14,"peace"
"986",506,14,"peace"
"987",507,14,"peace"
"988",508,14,"peace"
"989",509,14,"peace"
"990",510,14,"peace"
"991",511,14,"peace"
"992",512,14,"peace"
"993",513,14,"peace"
"994",514,14,"peace"
"995",515,14,"peace"
"996",516,14,"peace"
"997",517,14,"peace"
"998",518,14,"peace"
"999",519,14,"peace"
"1000",520,14,"peace"
"1001",521,14,"peace"
"1002",522,14,"peace"
"1003",523,14,"peace"
"1004",524,14,"peace"
"1005",525,14,"peace"
"1006",526,14,"peace"
"1007",527,14,"peace"
"1008",528,14,"peace"
"1009",457,16,"peace"
"1010",458,16,"peace"
"1011",459,16,"peace"
"1012",460,16,"peace"
"1013",461,16,"peace"
"1014",462,16,"peace"
"1015",463,16,"peace"
"1016",464,16,"peace"
"1017",465,16,"peace"
"1018",466,16,"peace"
"1019",467,16,"peace"
"1020",468,16,"peace"
"1021",469,16,"peace"
"1022",470,16,"peace"
"1023",471,16,"peace"
"1024",472,16,"peace"
"1025",473,16,"peace"
"1026",474,16,"peace"
"1027",475,16,"peace"
"1028",476,16,"peace"
"1029",477,16,"peace"
"1030",478,16,"peace"
"1031",479,16,"peace"
"1032",480,16,"peace"
"1033",481,16,"peace"
"1034",482,16,"peace"
"1035",483,16,"peace"
"1036",484,16,"peace"
"1037",485,16,"peace"
"1038",486,16,"peace"
"1039",487,16,"peace"
"1040",488,16,"peace"
"1041",489,16,"peace"
"1042",490,16,"peace"
"1043",491,16,"peace"
"1044",492,16,"peace"
"1045",493,16,"peace"
"1046",494,16,"peace"
"1047",495,16,"peace"
"1048",496,16,"peace"
"1049",497,16,"peace"
"1050",498,16,"peace"
"1051",499,16,"peace"
"1052",500,16,"peace"
"1053",501,16,"peace"
"1054",502,16,"peace"
"1055",503,16,"peace"
"1056",504,16,"peace"
"1057",505,16,"peace"
"1058",506,16,"peace"
"1059",507,16,"peace"
"1060",508,16,"peace"
"1061",509,16,"peace"
"1062",510,16,"peace"
"1063",511,16,"peace"
"1064",512,16,"peace"
"1065",513,16,"peace"
"1066",514,16,"peace"
"1067",515,16,"peace"
"1068",516,16,"peace"
"1069",517,16,"peace"
"1070",518,16,"peace"
"1071",519,16,"peace"
"1072",520,16,"peace"
"1073",521,16,"peace"
"1074",522,16,"peace"
"1075",523,16,"peace"
"1076",524,16,"peace"
"1077",525,16,"peace"
"1078",526,16,"peace"
"1079",527,16,"peace"
"1080",528,16,"peace"
"1081",457,17,"peace"
"1082",458,17,"peace"
"1083",459,17,"peace"
"1084",460,17,"peace"
"1085",461,17,"peace"
"1086",462,17,"peace"
"1087",463,17,"peace"
"1088",464,17,"peace"
"1089",465,17,"peace"
"1090",466,17,"peace"
"1091",467,17,"peace"
"1092",468,17,"peace"
"1093",469,17,"peace"
"1094",470,17,"peace"
"1095",471,17,"peace"
"1096",472,17,"peace"
"1097",473,17,"peace"
"1098",474,17,"peace"
"1099",475,17,"peace"
"1100",476,17,"peace"
"1101",477,17,"peace"
"1102",478,17,"peace"
"1103",479,17,"peace"
"1104",480,17,"peace"
"1105",481,17,"peace"
"1106",482,17,"peace"
"1107",483,17,"peace"
"1108",484,17,"peace"
"1109",485,17,"peace"
"1110",486,17,"peace"
"1111",487,17,"peace"
"1112",488,17,"peace"
"1113",489,17,"peace"
"1114",490,17,"peace"
"1115",491,17,"peace"
"1116",492,17,"peace"
"1117",493,17,"peace"
"1118",494,17,"peace"
"1119",495,17,"peace"
"1120",496,17,"peace"
"1121",497,17,"peace"
"1122",498,17,"peace"
"1123",499,17,"peace"
"1124",500,17,"peace"
"1125",501,17,"peace"
"1126",502,17,"peace"
"1127",503,17,"peace"
"1128",504,17,"peace"
"1129",505,17,"peace"
"1130",506,17,"peace"
"1131",507,17,"peace"
"1132",508,17,"peace"
"1133",509,17,"peace"
"1134",510,17,"peace"
"1135",511,17,"peace"
"1136",512,17,"peace"
"1137",513,17,"peace"
"1138",514,17,"peace"
"1139",515,17,"peace"
"1140",516,17,"peace"
"1141",517,17,"peace"
"1142",518,17,"peace"
"1143",519,17,"peace"
"1144",520,17,"peace"
"1145",521,17,"peace"
"1146",522,17,"peace"
"1147",523,17,"peace"
"1148",524,17,"peace"
"1149",525,17,"peace"
"1150",526,17,"peace"
"1151",527,17,"peace"
"1152",528,17,"peace"
"1153",457,18,"peace"
"1154",458,18,"peace"
"1155",459,18,"peace"
"1156",460,18,"peace"
"1157",461,18,"peace"
"1158",462,18,"peace"
"1159",463,18,"peace"
"1160",464,18,"peace"
"1161",465,18,"peace"
"1162",466,18,"peace"
"1163",467,18,"peace"
"1164",468,18,"peace"
"1165",469,18,"peace"
"1166",470,18,"peace"
"1167",471,18,"peace"
"1168",472,18,"peace"
"1169",473,18,"peace"
"1170",474,18,"peace"
"1171",475,18,"peace"
"1172",476,18,"peace"
"1173",477,18,"peace"
"1174",478,18,"peace"
"1175",479,18,"peace"
"1176",480,18,"peace"
"1177",481,18,"peace"
"1178",482,18,"peace"
"1179",483,18,"peace"
"1180",484,18,"peace"
"1181",485,18,"peace"
"1182",486,18,"peace"
"1183",487,18,"peace"
"1184",488,18,"peace"
"1185",489,18,"peace"
"1186",490,18,"peace"
"1187",491,18,"peace"
"1188",492,18,"peace"
"1189",493,18,"peace"
"1190",494,18,"peace"
"1191",495,18,"peace"
"1192",496,18,"peace"
"1193",497,18,"peace"
"1194",498,18,"peace"
"1195",499,18,"peace"
"1196",500,18,"peace"
"1197",501,18,"peace"
"1198",502,18,"peace"
"1199",503,18,"peace"
"1200",504,18,"peace"
"1201",505,18,"peace"
"1202",506,18,"peace"
"1203",507,18,"peace"
"1204",508,18,"peace"
"1205",509,18,"peace"
"1206",510,18,"peace"
"1207",511,18,"peace"
"1208",512,18,"peace"
"1209",513,18,"peace"
"1210",514,18,"peace"
"1211",515,18,"peace"
"1212",516,18,"peace"
"1213",517,18,"peace"
"1214",518,18,"peace"
"1215",519,18,"peace"
"1216",520,18,"peace"
"1217",521,18,"peace"
"1218",522,18,"peace"
"1219",523,18,"peace"
"1220",524,18,"peace"
"1221",525,18,"peace"
"1222",526,18,"peace"
"1223",527,18,"peace"
"1224",528,18,"peace"
"1225",457,19,"peace"
"1226",458,19,"peace"
"1227",459,19,"peace"
"1228",460,19,"peace"
"1229",461,19,"peace"
"1230",462,19,"peace"
"1231",463,19,"peace"
"1232",464,19,"peace"
"1233",465,19,"peace"
"1234",466,19,"peace"
"1235",467,19,"peace"
"1236",468,19,"peace"
"1237",469,19,"peace"
"1238",470,19,"peace"
"1239",471,19,"peace"
"1240",472,19,"peace"
"1241",473,19,"peace"
"1242",474,19,"peace"
"1243",475,19,"peace"
"1244",476,19,"peace"
"1245",477,19,"peace"
"1246",478,19,"peace"
"1247",479,19,"peace"
"1248",480,19,"peace"
"1249",481,19,"peace"
"1250",482,19,"peace"
"1251",483,19,"peace"
"1252",484,19,"peace"
"1253",485,19,"peace"
"1254",486,19,"peace"
"1255",487,19,"peace"
"1256",488,19,"peace"
"1257",489,19,"peace"
"1258",490,19,"peace"
"1259",491,19,"peace"
"1260",492,19,"peace"
"1261",493,19,"peace"
"1262",494,19,"peace"
"1263",495,19,"peace"
"1264",496,19,"peace"
"1265",497,19,"peace"
"1266",498,19,"peace"
"1267",499,19,"peace"
"1268",500,19,"peace"
"1269",501,19,"peace"
"1270",502,19,"peace"
"1271",503,19,"peace"
"1272",504,19,"peace"
"1273",505,19,"peace"
"1274",506,19,"peace"
"1275",507,19,"peace"
"1276",508,19,"peace"
"1277",509,19,"peace"
"1278",510,19,"peace"
"1279",511,19,"peace"
"1280",512,19,"peace"
"1281",513,19,"peace"
"1282",514,19,"peace"
"1283",515,19,"peace"
"1284",516,19,"peace"
"1285",517,19,"peace"
"1286",518,19,"peace"
"1287",519,19,"peace"
"1288",520,19,"peace"
"1289",521,19,"peace"
"1290",522,19,"peace"
"1291",523,19,"peace"
"1292",524,19,"peace"
"1293",525,19,"peace"
"1294",526,19,"peace"
"1295",527,19,"peace"
"1296",528,19,"peace"
"1297",457,20,"peace"
"1298",458,20,"peace"
"1299",459,20,"peace"
"1300",460,20,"peace"
"1301",461,20,"peace"
"1302",462,20,"peace"
"1303",463,20,"peace"
"1304",464,20,"peace"
"1305",465,20,"peace"
"1306",466,20,"peace"
"1307",467,20,"peace"
"1308",468,20,"peace"
"1309",469,20,"peace"
"1310",470,20,"peace"
"1311",471,20,"peace"
"1312",472,20,"peace"
"1313",473,20,"peace"
"1314",474,20,"peace"
"1315",475,20,"peace"
"1316",476,20,"peace"
"1317",477,20,"peace"
"1318",478,20,"peace"
"1319",479,20,"peace"
"1320",480,20,"peace"
"1321",481,20,"peace"
"1322",482,20,"peace"
"1323",483,20,"peace"
"1324",484,20,"peace"
"1325",485,20,"peace"
"1326",486,20,"peace"
"1327",487,20,"peace"
"1328",488,20,"peace"
"1329",489,20,"peace"
"1330",490,20,"peace"
"1331",491,20,"peace"
"1332",492,20,"peace"
"1333",493,20,"peace"
"1334",494,20,"peace"
"1335",495,20,"peace"
"1336",496,20,"peace"
"1337",497,20,"peace"
"1338",498,20,"peace"
"1339",499,20,"peace"
"1340",500,20,"peace"
"1341",501,20,"peace"
"1342",502,20,"peace"
"1343",503,20,"peace"
"1344",504,20,"peace"
"1345",505,20,"peace"
"1346",506,20,"peace"
"1347",507,20,"peace"
"1348",508,20,"peace"
"1349",509,20,"peace"
"1350",510,20,"peace"
"1351",511,20,"peace"
"1352",512,20,"peace"
"1353",513,20,"peace"
"1354",514,20,"peace"
"1355",515,20,"peace"
"1356",516,20,"peace"
"1357",517,20,"peace"
"1358",518,20,"peace"
"1359",519,20,"peace"
"1360",520,20,"peace"
"1361",521,20,"peace"
"1362",522,20,"peace"
"1363",523,20,"peace"
"1364",524,20,"peace"
"1365",525,20,"peace"
"1366",526,20,"peace"
"1367",527,20,"peace"
"1368",528,20,"peace"
"1369",457,21,"peace"
"1370",458,21,"peace"
"1371",459,21,"peace"
"1372",460,21,"peace"
"1373",461,21,"peace"
"1374",462,21,"peace"
"1375",463,21,"peace"
"1376",464,21,"peace"
"1377",465,21,"peace"
"1378",466,21,"peace"
"1379",467,21,"peace"
"1380",468,21,"peace"
"1381",469,21,"peace"
"1382",470,21,"peace"
"1383",471,21,"peace"
"1384",472,21,"peace"
"1385",473,21,"peace"
"1386",474,21,"peace"
"1387",475,21,"peace"
"1388",476,21,"peace"
"1389",477,21,"peace"
"1390",478,21,"peace"
"1391",479,21,"peace"
"1392",480,21,"peace"
"1393",481,21,"peace"
"1394",482,21,"peace"
"1395",483,21,"peace"
"1396",484,21,"peace"
"1397",485,21,"peace"
"1398",486,21,"peace"
"1399",487,21,"peace"
"1400",488,21,"peace"
"1401",489,21,"peace"
"1402",490,21,"peace"
"1403",491,21,"peace"
"1404",492,21,"peace"
"1405",493,21,"peace"
"1406",494,21,"peace"
"1407",495,21,"peace"
"1408",496,21,"peace"
"1409",497,21,"peace"
"1410",498,21,"peace"
"1411",499,21,"peace"
"1412",500,21,"peace"
"1413",501,21,"peace"
"1414",502,21,"peace"
"1415",503,21,"peace"
"1416",504,21,"peace"
"1417",505,21,"peace"
"1418",506,21,"peace"
"1419",507,21,"peace"
"1420",508,21,"peace"
"1421",509,21,"peace"
"1422",510,21,"peace"
"1423",511,21,"peace"
"1424",512,21,"peace"
"1425",513,21,"peace"
"1426",514,21,"peace"
"1427",515,21,"peace"
"1428",516,21,"peace"
"1429",517,21,"peace"
"1430",518,21,"peace"
"1431",519,21,"peace"
"1432",520,21,"peace"
"1433",521,21,"peace"
"1434",522,21,"peace"
"1435",523,21,"peace"
"1436",524,21,"peace"
"1437",525,21,"peace"
"1438",526,21,"peace"
"1439",527,21,"peace"
"1440",528,21,"peace"
"1441",457,22,"peace"
"1442",458,22,"peace"
"1443",459,22,"peace"
"1444",460,22,"peace"
"1445",461,22,"peace"
"1446",462,22,"peace"
"1447",463,22,"peace"
"1448",464,22,"peace"
"1449",465,22,"peace"
"1450",466,22,"peace"
"1451",467,22,"peace"
"1452",468,22,"peace"
"1453",469,22,"peace"
"1454",470,22,"peace"
"1455",471,22,"peace"
"1456",472,22,"peace"
"1457",473,22,"peace"
"1458",474,22,"peace"
"1459",475,22,"peace"
"1460",476,22,"peace"
"1461",477,22,"peace"
"1462",478,22,"peace"
"1463",479,22,"peace"
"1464",480,22,"peace"
"1465",481,22,"peace"
"1466",482,22,"peace"
"1467",483,22,"peace"
"1468",484,22,"peace"
"1469",485,22,"peace"
"1470",486,22,"peace"
"1471",487,22,"peace"
"1472",488,22,"peace"
"1473",489,22,"peace"
"1474",490,22,"peace"
"1475",491,22,"peace"
"1476",492,22,"peace"
"1477",493,22,"peace"
"1478",494,22,"peace"
"1479",495,22,"peace"
"1480",496,22,"peace"
"1481",497,22,"peace"
"1482",498,22,"peace"
"1483",499,22,"peace"
"1484",500,22,"peace"
"1485",501,22,"peace"
"1486",502,22,"peace"
"1487",503,22,"peace"
"1488",504,22,"peace"
"1489",505,22,"peace"
"1490",506,22,"peace"
"1491",507,22,"peace"
"1492",508,22,"peace"
"1493",509,22,"peace"
"1494",510,22,"peace"
"1495",511,22,"peace"
"1496",512,22,"peace"
"1497",513,22,"peace"
"1498",514,22,"peace"
"1499",515,22,"peace"
"1500",516,22,"peace"
"1501",517,22,"peace"
"1502",518,22,"peace"
"1503",519,22,"peace"
"1504",520,22,"peace"
"1505",521,22,"peace"
"1506",522,22,"peace"
"1507",523,22,"peace"
"1508",524,22,"peace"
"1509",525,22,"peace"
"1510",526,22,"peace"
"1511",527,22,"peace"
"1512",528,22,"peace"
"1513",457,23,"peace"
"1514",458,23,"peace"
"1515",459,23,"peace"
"1516",460,23,"peace"
"1517",461,23,"peace"
"1518",462,23,"peace"
"1519",463,23,"peace"
"1520",464,23,"peace"
"1521",465,23,"peace"
"1522",466,23,"peace"
"1523",467,23,"peace"
"1524",468,23,"peace"
"1525",469,23,"peace"
"1526",470,23,"peace"
"1527",471,23,"peace"
"1528",472,23,"peace"
"1529",473,23,"peace"
"1530",474,23,"peace"
"1531",475,23,"peace"
"1532",476,23,"peace"
"1533",477,23,"peace"
"1534",478,23,"peace"
"1535",479,23,"peace"
"1536",480,23,"peace"
"1537",481,23,"peace"
"1538",482,23,"peace"
"1539",483,23,"peace"
"1540",484,23,"peace"
"1541",485,23,"peace"
"1542",486,23,"peace"
"1543",487,23,"peace"
"1544",488,23,"peace"
"1545",489,23,"peace"
"1546",490,23,"peace"
"1547",491,23,"peace"
"1548",492,23,"peace"
"1549",493,23,"peace"
"1550",494,23,"peace"
"1551",495,23,"peace"
"1552",496,23,"peace"
"1553",497,23,"peace"
"1554",498,23,"peace"
"1555",499,23,"peace"
"1556",500,23,"peace"
"1557",501,23,"peace"
"1558",502,23,"peace"
"1559",503,23,"peace"
"1560",504,23,"peace"
"1561",505,23,"peace"
"1562",506,23,"peace"
"1563",507,23,"peace"
"1564",508,23,"peace"
"1565",509,23,"peace"
"1566",510,23,"peace"
"1567",511,23,"peace"
"1568",512,23,"peace"
"1569",513,23,"peace"
"1570",514,23,"peace"
"1571",515,23,"peace"
"1572",516,23,"peace"
"1573",517,23,"peace"
"1574",518,23,"peace"
"1575",519,23,"peace"
"1576",520,23,"peace"
"1577",521,23,"peace"
"1578",522,23,"peace"
"1579",523,23,"peace"
"1580",524,23,"peace"
"1581",525,23,"peace"
"1582",526,23,"peace"
"1583",527,23,"peace"
"1584",528,23,"peace"
"1585",457,24,"peace"
"1586",458,24,"peace"
"1587",459,24,"peace"
"1588",460,24,"peace"
"1589",461,24,"peace"
"1590",462,24,"peace"
"1591",463,24,"peace"
"1592",464,24,"peace"
"1593",465,24,"peace"
"1594",466,24,"peace"
"1595",467,24,"peace"
"1596",468,24,"peace"
"1597",469,24,"peace"
"1598",470,24,"peace"
"1599",471,24,"peace"
"1600",472,24,"peace"
"1601",473,24,"peace"
"1602",474,24,"peace"
"1603",475,24,"peace"
"1604",476,24,"peace"
"1605",477,24,"peace"
"1606",478,24,"peace"
"1607",479,24,"peace"
"1608",480,24,"peace"
"1609",481,24,"peace"
"1610",482,24,"peace"
"1611",483,24,"peace"
"1612",484,24,"peace"
"1613",485,24,"peace"
"1614",486,24,"peace"
"1615",487,24,"peace"
"1616",488,24,"peace"
"1617",489,24,"peace"
"1618",490,24,"peace"
"1619",491,24,"peace"
"1620",492,24,"peace"
"1621",493,24,"peace"
"1622",494,24,"peace"
"1623",495,24,"peace"
"1624",496,24,"peace"
"1625",497,24,"peace"
"1626",498,24,"peace"
"1627",499,24,"peace"
"1628",500,24,"peace"
"1629",501,24,"peace"
"1630",502,24,"peace"
"1631",503,24,"peace"
"1632",504,24,"peace"
"1633",505,24,"peace"
"1634",506,24,"peace"
"1635",507,24,"peace"
"1636",508,24,"peace"
"1637",509,24,"peace"
"1638",510,24,"peace"
"1639",511,24,"peace"
"1640",512,24,"peace"
"1641",513,24,"peace"
"1642",514,24,"peace"
"1643",515,24,"peace"
"1644",516,24,"peace"
"1645",517,24,"peace"
"1646",518,24,"peace"
"1647",519,24,"peace"
"1648",520,24,"peace"
"1649",521,24,"peace"
"1650",522,24,"peace"
"1651",523,24,"peace"
"1652",524,24,"peace"
"1653",525,24,"peace"
"1654",526,24,"peace"
"1655",527,24,"peace"
"1656",528,24,"peace"
"1657",457,25,"peace"
"1658",458,25,"peace"
"1659",459,25,"peace"
"1660",460,25,"peace"
"1661",461,25,"peace"
"1662",462,25,"peace"
"1663",463,25,"peace"
"1664",464,25,"peace"
"1665",465,25,"peace"
"1666",466,25,"peace"
"1667",467,25,"peace"
"1668",468,25,"peace"
"1669",469,25,"peace"
"1670",470,25,"peace"
"1671",471,25,"peace"
"1672",472,25,"peace"
"1673",473,25,"peace"
"1674",474,25,"peace"
"1675",475,25,"peace"
"1676",476,25,"peace"
"1677",477,25,"peace"
"1678",478,25,"peace"
"1679",479,25,"peace"
"1680",480,25,"peace"
"1681",481,25,"peace"
"1682",482,25,"peace"
"1683",483,25,"peace"
"1684",484,25,"peace"
"1685",485,25,"peace"
"1686",486,25,"peace"
"1687",487,25,"peace"
"1688",488,25,"peace"
"1689",489,25,"peace"
"1690",490,25,"peace"
"1691",491,25,"peace"
"1692",492,25,"peace"
"1693",493,25,"peace"
"1694",494,25,"peace"
"1695",495,25,"peace"
"1696",496,25,"peace"
"1697",497,25,"peace"
"1698",498,25,"peace"
"1699",499,25,"peace"
"1700",500,25,"peace"
"1701",501,25,"peace"
"1702",502,25,"peace"
"1703",503,25,"peace"
"1704",504,25,"peace"
"1705",505,25,"peace"
"1706",506,25,"peace"
"1707",507,25,"peace"
"1708",508,25,"peace"
"1709",509,25,"peace"
"1710",510,25,"peace"
"1711",511,25,"peace"
"1712",512,25,"peace"
"1713",513,25,"peace"
"1714",514,25,"peace"
"1715",515,25,"peace"
"1716",516,25,"peace"
"1717",517,25,"peace"
"1718",518,25,"peace"
"1719",519,25,"peace"
"1720",520,25,"peace"
"1721",521,25,"peace"
"1722",522,25,"peace"
"1723",523,25,"peace"
"1724",524,25,"peace"
"1725",525,25,"peace"
"1726",526,25,"peace"
"1727",527,25,"peace"
"1728",528,25,"peace"
"1729",457,26,"peace"
"1730",458,26,"peace"
"1731",459,26,"peace"
"1732",460,26,"peace"
"1733",461,26,"peace"
"1734",462,26,"peace"
"1735",463,26,"peace"
"1736",464,26,"peace"
"1737",465,26,"peace"
"1738",466,26,"peace"
"1739",467,26,"peace"
"1740",468,26,"peace"
"1741",469,26,"peace"
"1742",470,26,"peace"
"1743",471,26,"peace"
"1744",472,26,"peace"
"1745",473,26,"peace"
"1746",474,26,"peace"
"1747",475,26,"peace"
"1748",476,26,"peace"
"1749",477,26,"peace"
"1750",478,26,"peace"
"1751",479,26,"peace"
"1752",480,26,"peace"
"1753",481,26,"peace"
"1754",482,26,"peace"
"1755",483,26,"peace"
"1756",484,26,"peace"
"1757",485,26,"peace"
"1758",486,26,"peace"
"1759",487,26,"peace"
"1760",488,26,"peace"
"1761",489,26,"peace"
"1762",490,26,"peace"
"1763",491,26,"peace"
"1764",492,26,"peace"
"1765",493,26,"peace"
"1766",494,26,"peace"
"1767",495,26,"peace"
"1768",496,26,"peace"
"1769",497,26,"peace"
"1770",498,26,"peace"
"1771",499,26,"peace"
"1772",500,26,"peace"
"1773",501,26,"peace"
"1774",502,26,"peace"
"1775",503,26,"peace"
"1776",504,26,"peace"
"1777",505,26,"peace"
"1778",506,26,"peace"
"1779",507,26,"peace"
"1780",508,26,"peace"
"1781",509,26,"peace"
"1782",510,26,"peace"
"1783",511,26,"peace"
"1784",512,26,"peace"
"1785",513,26,"peace"
"1786",514,26,"peace"
"1787",515,26,"peace"
"1788",516,26,"peace"
"1789",517,26,"peace"
"1790",518,26,"peace"
"1791",519,26,"peace"
"1792",520,26,"peace"
"1793",521,26,"peace"
"1794",522,26,"peace"
"1795",523,26,"peace"
"1796",524,26,"peace"
"1797",525,26,"peace"
"1798",526,26,"peace"
"1799",527,26,"peace"
"1800",528,26,"peace"
"1801",457,27,"peace"
"1802",458,27,"peace"
"1803",459,27,"peace"
"1804",460,27,"peace"
"1805",461,27,"peace"
"1806",462,27,"peace"
"1807",463,27,"peace"
"1808",464,27,"peace"
"1809",465,27,"peace"
"1810",466,27,"peace"
"1811",467,27,"peace"
"1812",468,27,"peace"
"1813",469,27,"peace"
"1814",470,27,"peace"
"1815",471,27,"peace"
"1816",472,27,"peace"
"1817",473,27,"peace"
"1818",474,27,"peace"
"1819",475,27,"peace"
"1820",476,27,"peace"
"1821",477,27,"peace"
"1822",478,27,"peace"
"1823",479,27,"peace"
"1824",480,27,"peace"
"1825",481,27,"peace"
"1826",482,27,"peace"
"1827",483,27,"peace"
"1828",484,27,"peace"
"1829",485,27,"peace"
"1830",486,27,"peace"
"1831",487,27,"peace"
"1832",488,27,"peace"
"1833",489,27,"peace"
"1834",490,27,"peace"
"1835",491,27,"peace"
"1836",492,27,"peace"
"1837",493,27,"peace"
"1838",494,27,"peace"
"1839",495,27,"peace"
"1840",496,27,"peace"
"1841",497,27,"peace"
"1842",498,27,"peace"
"1843",499,27,"peace"
"1844",500,27,"peace"
"1845",501,27,"peace"
"1846",502,27,"peace"
"1847",503,27,"peace"
"1848",504,27,"peace"
"1849",505,27,"peace"
"1850",506,27,"peace"
"1851",507,27,"peace"
"1852",508,27,"peace"
"1853",509,27,"peace"
"1854",510,27,"peace"
"1855",511,27,"peace"
"1856",512,27,"peace"
"1857",513,27,"peace"
"1858",514,27,"peace"
"1859",515,27,"peace"
"1860",516,27,"peace"
"1861",517,27,"peace"
"1862",518,27,"peace"
"1863",519,27,"peace"
"1864",520,27,"peace"
"1865",521,27,"peace"
"1866",522,27,"peace"
"1867",523,27,"peace"
"1868",524,27,"peace"
"1869",525,27,"peace"
"1870",526,27,"peace"
"1871",527,27,"peace"
"1872",528,27,"peace"
"1873",457,28,"onset"
"1874",458,28,"onset"
"1875",459,28,"onset"
"1876",460,28,"peace"
"1877",461,28,"onset"
"1878",462,28,"onset"
"1879",463,28,"onset"
"1880",464,28,"onset"
"1881",465,28,"onset"
"1882",466,28,"onset"
"1883",467,28,"onset"
"1884",468,28,"onset"
"1885",469,28,"conflict"
"1886",470,28,"conflict"
"1887",471,28,"conflict"
"1888",472,28,"conflict"
"1889",473,28,"conflict"
"1890",474,28,"conflict"
"1891",475,28,"conflict"
"1892",476,28,"conflict"
"1893",477,28,"conflict"
"1894",478,28,"conflict"
"1895",479,28,"conflict"
"1896",480,28,"conflict"
"1897",481,28,"conflict"
"1898",482,28,"conflict"
"1899",483,28,"conflict"
"1900",484,28,"conflict"
"1901",485,28,"conflict"
"1902",486,28,"conflict"
"1903",487,28,"deescalation"
"1904",488,28,"conflict"
"1905",489,28,"deescalation"
"1906",490,28,"conflict"
"1907",491,28,"conflict"
"1908",492,28,"conflict"
"1909",493,28,"conflict"
"1910",494,28,"conflict"
"1911",495,28,"conflict"
"1912",496,28,"conflict"
"1913",497,28,"conflict"
"1914",498,28,"conflict"
"1915",499,28,"conflict"
"1916",500,28,"deescalation"
"1917",501,28,"conflict"
"1918",502,28,"conflict"
"1919",503,28,"conflict"
"1920",504,28,"conflict"
"1921",505,28,"conflict"
"1922",506,28,"conflict"
"1923",507,28,"conflict"
"1924",508,28,"conflict"
"1925",509,28,"conflict"
"1926",510,28,"conflict"
"1927",511,28,"conflict"
"1928",512,28,"conflict"
"1929",513,28,"conflict"
"1930",514,28,"deescalation"
"1931",515,28,"deescalation"
"1932",516,28,"conflict"
"1933",517,28,"onset"
"1934",518,28,"peace"
"1935",519,28,"onset"
"1936",520,28,"onset"
"1937",521,28,"onset"
"1938",522,28,"onset"
"1939",523,28,"onset"
"1940",524,28,"onset"
"1941",525,28,"onset"
"1942",526,28,"onset"
"1943",527,28,"onset"
"1944",528,28,"peace"
"1945",457,29,"peace"
"1946",458,29,"peace"
"1947",459,29,"peace"
"1948",460,29,"peace"
"1949",461,29,"peace"
"1950",462,29,"peace"
"1951",463,29,"peace"
"1952",464,29,"peace"
"1953",465,29,"peace"
"1954",466,29,"peace"
"1955",467,29,"peace"
"1956",468,29,"peace"
"1957",469,29,"peace"
"1958",470,29,"peace"
"1959",471,29,"peace"
"1960",472,29,"peace"
"1961",473,29,"peace"
"1962",474,29,"peace"
"1963",475,29,"peace"
"1964",476,29,"peace"
"1965",477,29,"peace"
"1966",478,29,"peace"
"1967",479,29,"peace"
"1968",480,29,"peace"
"1969",481,29,"peace"
"1970",482,29,"peace"
"1971",483,29,"peace"
"1972",484,29,"peace"
"1973",485,29,"peace"
"1974",486,29,"peace"
"1975",487,29,"peace"
"1976",488,29,"peace"
"1977",489,29,"peace"
"1978",490,29,"peace"
"1979",491,29,"peace"
"1980",492,29,"peace"
"1981",493,29,"peace"
"1982",494,29,"peace"
"1983",495,29,"peace"
"1984",496,29,"peace"
"1985",497,29,"peace"
"1986",498,29,"peace"
"1987",499,29,"peace"
"1988",500,29,"peace"
"1989",501,29,"peace"
"1990",502,29,"peace"
"1991",503,29,"peace"
"1992",504,29,"peace"
"1993",505,29,"peace"
"1994",506,29,"peace"
"1995",507,29,"peace"
"1996",508,29,"peace"
"1997",509,29,"peace"
"1998",510,29,"peace"
"1999",511,29,"peace"
"2000",512,29,"peace"
"2001",513,29,"peace"
"2002",514,29,"peace"
"2003",515,29,"peace"
"2004",516,29,"peace"
"2005",517,29,"peace"
"2006",518,29,"peace"
"2007",519,29,"peace"
"2008",520,29,"peace"
"2009",521,29,"peace"
"2010",522,29,"peace"
"2011",523,29,"peace"
"2012",524,29,"peace"
"2013",525,29,"peace"
"2014",526,29,"peace"
"2015",527,29,"peace"
"2016",528,29,"peace"
"2017",457,30,"peace"
"2018",458,30,"peace"
"2019",459,30,"peace"
"2020",460,30,"peace"
"2021",461,30,"peace"
"2022",462,30,"peace"
"2023",463,30,"peace"
"2024",464,30,"peace"
"2025",465,30,"peace"
"2026",466,30,"peace"
"2027",467,30,"peace"
"2028",468,30,"peace"
"2029",469,30,"peace"
"2030",470,30,"peace"
"2031",471,30,"peace"
"2032",472,30,"peace"
"2033",473,30,"peace"
"2034",474,30,"peace"
"2035",475,30,"peace"
"2036",476,30,"peace"
"2037",477,30,"peace"
"2038",478,30,"peace"
"2039",479,30,"peace"
"2040",480,30,"peace"
"2041",481,30,"peace"
"2042",482,30,"peace"
"2043",483,30,"peace"
"2044",484,30,"peace"
"2045",485,30,"peace"
"2046",486,30,"peace"
"2047",487,30,"peace"
"2048",488,30,"peace"
"2049",489,30,"peace"
"2050",490,30,"peace"
"2051",491,30,"peace"
"2052",492,30,"peace"
"2053",493,30,"peace"
"2054",494,30,"peace"
"2055",495,30,"peace"
"2056",496,30,"peace"
"2057",497,30,"peace"
"2058",498,30,"peace"
"2059",499,30,"peace"
"2060",500,30,"peace"
"2061",501,30,"peace"
"2062",502,30,"peace"
"2063",503,30,"peace"
"2064",504,30,"peace"
"2065",505,30,"peace"
"2066",506,30,"peace"
"2067",507,30,"peace"
"2068",508,30,"peace"
"2069",509,30,"peace"
"2070",510,30,"peace"
"2071",511,30,"peace"
"2072",512,30,"peace"
"2073",513,30,"peace"
"2074",514,30,"peace"
"2075",515,30,"peace"
"2076",516,30,"peace"
"2077",517,30,"peace"
"2078",518,30,"peace"
"2079",519,30,"peace"
"2080",520,30,"peace"
"2081",521,30,"peace"
"2082",522,30,"peace"
"2083",523,30,"peace"
"2084",524,30,"peace"
"2085",525,30,"peace"
"2086",526,30,"peace"
"2087",527,30,"peace"
"2088",528,30,"peace"
"2089",457,31,"peace"
"2090",458,31,"peace"
"2091",459,31,"peace"
"2092",460,31,"peace"
"2093",461,31,"peace"
"2094",462,31,"peace"
"2095",463,31,"peace"
"2096",464,31,"peace"
"2097",465,31,"peace"
"2098",466,31,"peace"
"2099",467,31,"peace"
"2100",468,31,"peace"
"2101",469,31,"peace"
"2102",470,31,"peace"
"2103",471,31,"peace"
"2104",472,31,"peace"
"2105",473,31,"peace"
"2106",474,31,"peace"
"2107",475,31,"peace"
"2108",476,31,"peace"
"2109",477,31,"peace"
"2110",478,31,"peace"
"2111",479,31,"peace"
"2112",480,31,"peace"
"2113",481,31,"peace"
"2114",482,31,"peace"
"2115",483,31,"peace"
"2116",484,31,"peace"
"2117",485,31,"peace"
"2118",486,31,"peace"
"2119",487,31,"peace"
"2120",488,31,"peace"
"2121",489,31,"peace"
"2122",490,31,"peace"
"2123",491,31,"peace"
"2124",492,31,"peace"
"2125",493,31,"peace"
"2126",494,31,"peace"
"2127",495,31,"peace"
"2128",496,31,"peace"
"2129",497,31,"peace"
"2130",498,31,"peace"
"2131",499,31,"peace"
"2132",500,31,"peace"
"2133",501,31,"peace"
"2134",502,31,"peace"
"2135",503,31,"peace"
"2136",504,31,"peace"
"2137",505,31,"peace"
"2138",506,31,"peace"
"2139",507,31,"peace"
"2140",508,31,"peace"
"2141",509,31,"peace"
"2142",510,31,"peace"
"2143",511,31,"peace"
"2144",512,31,"peace"
"2145",513,31,"peace"
"2146",514,31,"peace"
"2147",515,31,"peace"
"2148",516,31,"peace"
"2149",517,31,"peace"
"2150",518,31,"peace"
"2151",519,31,"peace"
"2152",520,31,"peace"
"2153",521,31,"peace"
"2154",522,31,"peace"
"2155",523,31,"peace"
"2156",524,31,"peace"
"2157",525,31,"peace"
"2158",526,31,"peace"
"2159",527,31,"peace"
"2160",528,31,"peace"
"2161",457,32,"peace"
"2162",458,32,"peace"
"2163",459,32,"peace"
"2164",460,32,"peace"
"2165",461,32,"peace"
"2166",462,32,"peace"
"2167",463,32,"peace"
"2168",464,32,"peace"
"2169",465,32,"peace"
"2170",466,32,"peace"
"2171",467,32,"peace"
"2172",468,32,"peace"
"2173",469,32,"peace"
"2174",470,32,"peace"
"2175",471,32,"peace"
"2176",472,32,"peace"
"2177",473,32,"peace"
"2178",474,32,"peace"
"2179",475,32,"peace"
"2180",476,32,"peace"
"2181",477,32,"peace"
"2182",478,32,"peace"
"2183",479,32,"peace"
"2184",480,32,"peace"
"2185",481,32,"peace"
"2186",482,32,"peace"
"2187",483,32,"peace"
"2188",484,32,"peace"
"2189",485,32,"peace"
"2190",486,32,"peace"
"2191",487,32,"peace"
"2192",488,32,"peace"
"2193",489,32,"peace"
"2194",490,32,"peace"
"2195",491,32,"peace"
"2196",492,32,"peace"
"2197",493,32,"peace"
"2198",494,32,"peace"
"2199",495,32,"peace"
"2200",496,32,"peace"
"2201",497,32,"peace"
"2202",498,32,"peace"
"2203",499,32,"peace"
"2204",500,32,"peace"
"2205",501,32,"peace"
"2206",502,32,"peace"
"2207",503,32,"peace"
"2208",504,32,"peace"
"2209",505,32,"peace"
"2210",506,32,"peace"
"2211",507,32,"peace"
"2212",508,32,"peace"
"2213",509,32,"peace"
"2214",510,32,"peace"
"2215",511,32,"peace"
"2216",512,32,"peace"
"2217",513,32,"peace"
"2218",514,32,"peace"
"2219",515,32,"peace"
"2220",516,32,"peace"
"2221",517,32,"peace"
"2222",518,32,"peace"
"2223",519,32,"peace"
"2224",520,32,"peace"
"2225",521,32,"peace"
"2226",522,32,"peace"
"2227",523,32,"peace"
"2228",524,32,"peace"
"2229",525,32,"peace"
"2230",526,32,"peace"
"2231",527,32,"peace"
"2232",528,32,"peace"
"2233",457,33,"peace"
"2234",458,33,"peace"
"2235",459,33,"peace"
"2236",460,33,"peace"
"2237",461,33,"peace"
"2238",462,33,"peace"
"2239",463,33,"peace"
"2240",464,33,"peace"
"2241",465,33,"peace"
"2242",466,33,"peace"
"2243",467,33,"peace"
"2244",468,33,"peace"
"2245",469,33,"peace"
"2246",470,33,"peace"
"2247",471,33,"peace"
"2248",472,33,"peace"
"2249",473,33,"peace"
"2250",474,33,"peace"
"2251",475,33,"peace"
"2252",476,33,"peace"
"2253",477,33,"peace"
"2254",478,33,"peace"
"2255",479,33,"peace"
"2256",480,33,"peace"
"2257",481,33,"peace"
"2258",482,33,"peace"
"2259",483,33,"peace"
"2260",484,33,"peace"
"2261",485,33,"peace"
"2262",486,33,"peace"
"2263",487,33,"peace"
"2264",488,33,"peace"
"2265",489,33,"peace"
"2266",490,33,"peace"
"2267",491,33,"peace"
"2268",492,33,"peace"
"2269",493,33,"peace"
"2270",494,33,"peace"
"2271",495,33,"peace"
"2272",496,33,"peace"
"2273",497,33,"peace"
"2274",498,33,"peace"
"2275",499,33,"peace"
"2276",500,33,"peace"
"2277",501,33,"peace"
"2278",502,33,"peace"
"2279",503,33,"peace"
"2280",504,33,"peace"
"2281",505,33,"peace"
"2282",506,33,"peace"
"2283",507,33,"peace"
"2284",508,33,"peace"
"2285",509,33,"peace"
"2286",510,33,"peace"
"2287",511,33,"peace"
"2288",512,33,"peace"
"2289",513,33,"peace"
"2290",514,33,"peace"
"2291",515,33,"peace"
"2292",516,33,"peace"
"2293",517,33,"peace"
"2294",518,33,"peace"
"2295",519,33,"peace"
"2296",520,33,"peace"
"2297",521,33,"peace"
"2298",522,33,"peace"
"2299",523,33,"peace"
"2300",524,33,"peace"
"2301",525,33,"peace"
"2302",526,33,"peace"
"2303",527,33,"peace"
"2304",528,33,"peace"
"2305",457,34,"peace"
"2306",458,34,"peace"
"2307",459,34,"peace"
"2308",460,34,"peace"
"2309",461,34,"peace"
"2310",462,34,"peace"
"2311",463,34,"peace"
"2312",464,34,"peace"
"2313",465,34,"peace"
"2314",466,34,"peace"
"2315",467,34,"peace"
"2316",468,34,"peace"
"2317",469,34,"peace"
"2318",470,34,"peace"
"2319",471,34,"peace"
"2320",472,34,"peace"
"2321",473,34,"peace"
"2322",474,34,"peace"
"2323",475,34,"peace"
"2324",476,34,"peace"
"2325",477,34,"peace"
"2326",478,34,"peace"
"2327",479,34,"peace"
"2328",480,34,"peace"
"2329",481,34,"peace"
"2330",482,34,"peace"
"2331",483,34,"peace"
"2332",484,34,"peace"
"2333",485,34,"peace"
"2334",486,34,"peace"
"2335",487,34,"peace"
"2336",488,34,"peace"
"2337",489,34,"peace"
"2338",490,34,"peace"
"2339",491,34,"peace"
"2340",492,34,"peace"
"2341",493,34,"peace"
"2342",494,34,"peace"
"2343",495,34,"peace"
"2344",496,34,"peace"
"2345",497,34,"peace"
"2346",498,34,"peace"
"2347",499,34,"peace"
"2348",500,34,"peace"
"2349",501,34,"peace"
"2350",502,34,"peace"
"2351",503,34,"peace"
"2352",504,34,"peace"
"2353",505,34,"peace"
"2354",506,34,"peace"
"2355",507,34,"peace"
"2356",508,34,"peace"
"2357",509,34,"peace"
"2358",510,34,"peace"
"2359",511,34,"peace"
"2360",512,34,"peace"
"2361",513,34,"peace"
"2362",514,34,"peace"
"2363",515,34,"peace"
"2364",516,34,"peace"
"2365",517,34,"peace"
"2366",518,34,"peace"
"2367",519,34,"peace"
"2368",520,34,"peace"
"2369",521,34,"peace"
"2370",522,34,"peace"
"2371",523,34,"peace"
"2372",524,34,"peace"
"2373",525,34,"peace"
"2374",526,34,"peace"
"2375",527,34,"peace"
"2376",528,34,"peace"
"2377",457,35,"peace"
"2378",458,35,"peace"
"2379",459,35,"peace"
"2380",460,35,"peace"
"2381",461,35,"peace"
"2382",462,35,"peace"
"2383",463,35,"peace"
"2384",464,35,"peace"
"2385",465,35,"peace"
"2386",466,35,"peace"
"2387",467,35,"peace"
"2388",468,35,"peace"
"2389",469,35,"peace"
"2390",470,35,"peace"
"2391",471,35,"peace"
"2392",472,35,"peace"
"2393",473,35,"peace"
"2394",474,35,"peace"
"2395",475,35,"peace"
"2396",476,35,"peace"
"2397",477,35,"peace"
"2398",478,35,"peace"
"2399",479,35,"peace"
"2400",480,35,"peace"
"2401",481,35,"peace"
"2402",482,35,"peace"
"2403",483,35,"peace"
"2404",484,35,"peace"
"2405",485,35,"peace"
"2406",486,35,"peace"
"2407",487,35,"peace"
"2408",488,35,"peace"
"2409",489,35,"peace"
"2410",490,35,"peace"
"2411",491,35,"peace"
"2412",492,35,"peace"
"2413",493,35,"peace"
"2414",494,35,"peace"
"2415",495,35,"peace"
"2416",496,35,"peace"
"2417",497,35,"peace"
"2418",498,35,"peace"
"2419",499,35,"peace"
"2420",500,35,"peace"
"2421",501,35,"peace"
"2422",502,35,"peace"
"2423",503,35,"peace"
"2424",504,35,"peace"
"2425",505,35,"peace"
"2426",506,35,"peace"
"2427",507,35,"peace"
"2428",508,35,"peace"
"2429",509,35,"peace"
"2430",510,35,"peace"
"2431",511,35,"peace"
"2432",512,35,"peace"
"2433",513,35,"peace"
"2434",514,35,"peace"
"2435",515,35,"peace"
"2436",516,35,"peace"
"2437",517,35,"peace"
"2438",518,35,"peace"
"2439",519,35,"peace"
"2440",520,35,"peace"
"2441",521,35,"peace"
"2442",522,35,"peace"
"2443",523,35,"peace"
"2444",524,35,"peace"
"2445",525,35,"peace"
"2446",526,35,"peace"
"2447",527,35,"peace"
"2448",528,35,"peace"
"2449",457,36,"peace"
"2450",458,36,"peace"
"2451",459,36,"peace"
"2452",460,36,"peace"
"2453",461,36,"peace"
"2454",462,36,"peace"
"2455",463,36,"peace"
"2456",464,36,"peace"
"2457",465,36,"peace"
"2458",466,36,"peace"
"2459",467,36,"peace"
"2460",468,36,"peace"
"2461",469,36,"peace"
"2462",470,36,"peace"
"2463",471,36,"peace"
"2464",472,36,"peace"
"2465",473,36,"peace"
"2466",474,36,"peace"
"2467",475,36,"peace"
"2468",476,36,"peace"
"2469",477,36,"peace"
"2470",478,36,"peace"
"2471",479,36,"peace"
"2472",480,36,"peace"
"2473",481,36,"peace"
"2474",482,36,"peace"
"2475",483,36,"peace"
"2476",484,36,"peace"
"2477",485,36,"peace"
"2478",486,36,"peace"
"2479",487,36,"peace"
"2480",488,36,"peace"
"2481",489,36,"peace"
"2482",490,36,"peace"
"2483",491,36,"peace"
"2484",492,36,"peace"
"2485",493,36,"peace"
"2486",494,36,"peace"
"2487",495,36,"peace"
"2488",496,36,"peace"
"2489",497,36,"peace"
"2490",498,36,"peace"
"2491",499,36,"peace"
"2492",500,36,"peace"
"2493",501,36,"peace"
"2494",502,36,"peace"
"2495",503,36,"peace"
"2496",504,36,"peace"
"2497",505,36,"peace"
"2498",506,36,"peace"
"2499",507,36,"peace"
"2500",508,36,"peace"
"2501",509,36,"peace"
"2502",510,36,"peace"
"2503",511,36,"peace"
"2504",512,36,"peace"
"2505",513,36,"peace"
"2506",514,36,"peace"
"2507",515,36,"peace"
"2508",516,36,"peace"
"2509",517,36,"peace"
"2510",518,36,"peace"
"2511",519,36,"peace"
"2512",520,36,"peace"
"2513",521,36,"peace"
"2514",522,36,"peace"
"2515",523,36,"peace"
"2516",524,36,"peace"
"2517",525,36,"peace"
"2518",526,36,"peace"
"2519",527,36,"peace"
"2520",528,36,"peace"
"2521",457,37,"peace"
"2522",458,37,"peace"
"2523",459,37,"peace"
"2524",460,37,"peace"
"2525",461,37,"peace"
"2526",462,37,"peace"
"2527",463,37,"peace"
"2528",464,37,"peace"
"2529",465,37,"peace"
"2530",466,37,"peace"
"2531",467,37,"peace"
"2532",468,37,"peace"
"2533",469,37,"peace"
"2534",470,37,"peace"
"2535",471,37,"peace"
"2536",472,37,"peace"
"2537",473,37,"peace"
"2538",474,37,"peace"
"2539",475,37,"peace"
"2540",476,37,"peace"
"2541",477,37,"peace"
"2542",478,37,"peace"
"2543",479,37,"peace"
"2544",480,37,"peace"
"2545",481,37,"peace"
"2546",482,37,"peace"
"2547",483,37,"peace"
"2548",484,37,"peace"
"2549",485,37,"peace"
"2550",486,37,"peace"
"2551",487,37,"peace"
"2552",488,37,"peace"
"2553",489,37,"peace"
"2554",490,37,"peace"
"2555",491,37,"peace"
"2556",492,37,"peace"
"2557",493,37,"peace"
"2558",494,37,"peace"
"2559",495,37,"peace"
"2560",496,37,"peace"
"2561",497,37,"peace"
"2562",498,37,"peace"
"2563",499,37,"peace"
"2564",500,37,"peace"
"2565",501,37,"peace"
"2566",502,37,"peace"
"2567",503,37,"peace"
"2568",504,37,"peace"
"2569",505,37,"peace"
"2570",506,37,"peace"
"2571",507,37,"peace"
"2572",508,37,"peace"
"2573",509,37,"peace"
"2574",510,37,"peace"
"2575",511,37,"peace"
"2576",512,37,"peace"
"2577",513,37,"peace"
"2578",514,37,"peace"
"2579",515,37,"peace"
"2580",516,37,"peace"
"2581",517,37,"peace"
"2582",518,37,"peace"
"2583",519,37,"peace"
"2584",520,37,"peace"
"2585",521,37,"peace"
"2586",522,37,"peace"
"2587",523,37,"peace"
"2588",524,37,"peace"
"2589",525,37,"peace"
"2590",526,37,"peace"
"2591",527,37,"peace"
"2592",528,37,"peace"
"2593",457,38,"peace"
"2594",458,38,"peace"
"2595",459,38,"peace"
"2596",460,38,"peace"
"2597",461,38,"peace"
"2598",462,38,"peace"
"2599",463,38,"peace"
"2600",464,38,"peace"
"2601",465,38,"peace"
"2602",466,38,"peace"
"2603",467,38,"peace"
"2604",468,38,"peace"
"2605",469,38,"peace"
"2606",470,38,"peace"
"2607",471,38,"peace"
"2608",472,38,"peace"
"2609",473,38,"peace"
"2610",474,38,"peace"
"2611",475,38,"peace"
"2612",476,38,"peace"
"2613",477,38,"peace"
"2614",478,38,"peace"
"2615",479,38,"peace"
"2616",480,38,"peace"
"2617",481,38,"peace"
"2618",482,38,"peace"
"2619",483,38,"peace"
"2620",484,38,"peace"
"2621",485,38,"peace"
"2622",486,38,"peace"
"2623",487,38,"peace"
"2624",488,38,"peace"
"2625",489,38,"peace"
"2626",490,38,"peace"
"2627",491,38,"peace"
"2628",492,38,"peace"
"2629",493,38,"peace"
"2630",494,38,"peace"
"2631",495,38,"peace"
"2632",496,38,"peace"
"2633",497,38,"peace"
"2634",498,38,"peace"
"2635",499,38,"peace"
"2636",500,38,"peace"
"2637",501,38,"peace"
"2638",502,38,"peace"
"2639",503,38,"peace"
"2640",504,38,"peace"
"2641",505,38,"peace"
"2642",506,38,"peace"
"2643",507,38,"peace"
"2644",508,38,"peace"
"2645",509,38,"peace"
"2646",510,38,"peace"
"2647",511,38,"peace"
"2648",512,38,"peace"
"2649",513,38,"peace"
"2650",514,38,"peace"
"2651",515,38,"peace"
"2652",516,38,"peace"
"2653",517,38,"peace"
"2654",518,38,"peace"
"2655",519,38,"peace"
"2656",520,38,"peace"
"2657",521,38,"peace"
"2658",522,38,"peace"
"2659",523,38,"peace"
"2660",524,38,"peace"
"2661",525,38,"peace"
"2662",526,38,"peace"
"2663",527,38,"peace"
"2664",528,38,"peace"
"2665",457,39,"peace"
"2666",458,39,"peace"
"2667",459,39,"peace"
"2668",460,39,"peace"
"2669",461,39,"peace"
"2670",462,39,"peace"
"2671",463,39,"peace"
"2672",464,39,"peace"
"2673",465,39,"peace"
"2674",466,39,"peace"
"2675",467,39,"peace"
"2676",468,39,"peace"
"2677",469,39,"peace"
"2678",470,39,"peace"
"2679",471,39,"peace"
"2680",472,39,"onset"
"2681",473,39,"peace"
"2682",474,39,"peace"
"2683",475,39,"peace"
"2684",476,39,"peace"
"2685",477,39,"peace"
"2686",478,39,"peace"
"2687",479,39,"onset"
"2688",480,39,"peace"
"2689",481,39,"peace"
"2690",482,39,"peace"
"2691",483,39,"peace"
"2692",484,39,"peace"
"2693",485,39,"peace"
"2694",486,39,"peace"
"2695",487,39,"peace"
"2696",488,39,"peace"
"2697",489,39,"peace"
"2698",490,39,"peace"
"2699",491,39,"peace"
"2700",492,39,"peace"
"2701",493,39,"peace"
"2702",494,39,"peace"
"2703",495,39,"peace"
"2704",496,39,"peace"
"2705",497,39,"peace"
"2706",498,39,"peace"
"2707",499,39,"peace"
"2708",500,39,"peace"
"2709",501,39,"peace"
"2710",502,39,"peace"
"2711",503,39,"peace"
"2712",504,39,"peace"
"2713",505,39,"peace"
"2714",506,39,"peace"
"2715",507,39,"peace"
"2716",508,39,"peace"
"2717",509,39,"peace"
"2718",510,39,"peace"
"2719",511,39,"peace"
"2720",512,39,"peace"
"2721",513,39,"peace"
"2722",514,39,"peace"
"2723",515,39,"peace"
"2724",516,39,"peace"
"2725",517,39,"peace"
"2726",518,39,"peace"
"2727",519,39,"peace"
"2728",520,39,"peace"
"2729",521,39,"peace"
"2730",522,39,"peace"
"2731",523,39,"peace"
"2732",524,39,"peace"
"2733",525,39,"peace"
"2734",526,39,"peace"
"2735",527,39,"peace"
"2736",528,39,"peace"
"2737",457,40,"peace"
"2738",458,40,"peace"
"2739",459,40,"peace"
"2740",460,40,"peace"
"2741",461,40,"peace"
"2742",462,40,"peace"
"2743",463,40,"peace"
"2744",464,40,"peace"
"2745",465,40,"peace"
"2746",466,40,"peace"
"2747",467,40,"peace"
"2748",468,40,"peace"
"2749",469,40,"peace"
"2750",470,40,"peace"
"2751",471,40,"peace"
"2752",472,40,"peace"
"2753",473,40,"peace"
"2754",474,40,"peace"
"2755",475,40,"peace"
"2756",476,40,"peace"
"2757",477,40,"peace"
"2758",478,40,"peace"
"2759",479,40,"peace"
"2760",480,40,"peace"
"2761",481,40,"peace"
"2762",482,40,"peace"
"2763",483,40,"peace"
"2764",484,40,"peace"
"2765",485,40,"peace"
"2766",486,40,"peace"
"2767",487,40,"peace"
"2768",488,40,"peace"
"2769",489,40,"peace"
"2770",490,40,"peace"
"2771",491,40,"peace"
"2772",492,40,"peace"
"2773",493,40,"peace"
"2774",494,40,"peace"
"2775",495,40,"peace"
"2776",496,40,"peace"
"2777",497,40,"peace"
"2778",498,40,"peace"
"2779",499,40,"peace"
"2780",500,40,"peace"
"2781",501,40,"peace"
"2782",502,40,"peace"
"2783",503,40,"peace"
"2784",504,40,"peace"
"2785",505,40,"peace"
"2786",506,40,"peace"
"2787",507,40,"peace"
"2788",508,40,"peace"
"2789",509,40,"peace"
"2790",510,40,"peace"
"2791",511,40,"peace"
"2792",512,40,"peace"
"2793",513,40,"peace"
"2794",514,40,"peace"
"2795",515,40,"peace"
"2796",516,40,"peace"
"2797",517,40,"peace"
"2798",518,40,"peace"
"2799",519,40,"peace"
"2800",520,40,"peace"
"2801",521,40,"peace"
"2802",522,40,"peace"
"2803",523,40,"peace"
"2804",524,40,"peace"
"2805",525,40,"peace"
"2806",526,40,"peace"
"2807",527,40,"peace"
"2808",528,40,"peace"
"2809",457,41,"peace"
"2810",458,41,"peace"
"2811",459,41,"peace"
"2812",460,41,"peace"
"2813",461,41,"peace"
"2814",462,41,"peace"
"2815",463,41,"peace"
"2816",464,41,"peace"
"2817",465,41,"peace"
"2818",466,41,"peace"
"2819",467,41,"peace"
"2820",468,41,"peace"
"2821",469,41,"peace"
"2822",470,41,"peace"
"2823",471,41,"peace"
"2824",472,41,"peace"
"2825",473,41,"peace"
"2826",474,41,"peace"
"2827",475,41,"peace"
"2828",476,41,"peace"
"2829",477,41,"peace"
"2830",478,41,"peace"
"2831",479,41,"peace"
"2832",480,41,"peace"
"2833",481,41,"peace"
"2834",482,41,"peace"
"2835",483,41,"peace"
"2836",484,41,"peace"
"2837",485,41,"peace"
"2838",486,41,"peace"
"2839",487,41,"peace"
"2840",488,41,"peace"
"2841",489,41,"peace"
"2842",490,41,"peace"
"2843",491,41,"peace"
"2844",492,41,"peace"
"2845",493,41,"peace"
"2846",494,41,"peace"
"2847",495,41,"peace"
"2848",496,41,"peace"
"2849",497,41,"peace"
"2850",498,41,"peace"
"2851",499,41,"peace"
"2852",500,41,"peace"
"2853",501,41,"peace"
"2854",502,41,"peace"
"2855",503,41,"peace"
"2856",504,41,"peace"
"2857",505,41,"peace"
"2858",506,41,"peace"
"2859",507,41,"peace"
"2860",508,41,"peace"
"2861",509,41,"peace"
"2862",510,41,"peace"
"2863",511,41,"peace"
"2864",512,41,"peace"
"2865",513,41,"peace"
"2866",514,41,"peace"
"2867",515,41,"peace"
"2868",516,41,"peace"
"2869",517,41,"peace"
"2870",518,41,"peace"
"2871",519,41,"peace"
"2872",520,41,"peace"
"2873",521,41,"peace"
"2874",522,41,"peace"
"2875",523,41,"peace"
"2876",524,41,"peace"
"2877",525,41,"peace"
"2878",526,41,"peace"
"2879",527,41,"peace"
"2880",528,41,"peace"
"2881",457,42,"peace"
"2882",458,42,"peace"
"2883",459,42,"peace"
"2884",460,42,"peace"
"2885",461,42,"peace"
"2886",462,42,"peace"
"2887",463,42,"peace"
"2888",464,42,"peace"
"2889",465,42,"peace"
"2890",466,42,"peace"
"2891",467,42,"peace"
"2892",468,42,"peace"
"2893",469,42,"peace"
"2894",470,42,"peace"
"2895",471,42,"peace"
"2896",472,42,"peace"
"2897",473,42,"peace"
"2898",474,42,"peace"
"2899",475,42,"peace"
"2900",476,42,"peace"
"2901",477,42,"peace"
"2902",478,42,"peace"
"2903",479,42,"peace"
"2904",480,42,"peace"
"2905",481,42,"peace"
"2906",482,42,"peace"
"2907",483,42,"peace"
"2908",484,42,"peace"
"2909",485,42,"peace"
"2910",486,42,"peace"
"2911",487,42,"peace"
"2912",488,42,"peace"
"2913",489,42,"peace"
"2914",490,42,"peace"
"2915",491,42,"peace"
"2916",492,42,"peace"
"2917",493,42,"peace"
"2918",494,42,"peace"
"2919",495,42,"peace"
"2920",496,42,"peace"
"2921",497,42,"peace"
"2922",498,42,"peace"
"2923",499,42,"peace"
"2924",500,42,"peace"
"2925",501,42,"peace"
"2926",502,42,"peace"
"2927",503,42,"peace"
"2928",504,42,"peace"
"2929",505,42,"peace"
"2930",506,42,"peace"
"2931",507,42,"peace"
"2932",508,42,"peace"
"2933",509,42,"peace"
"2934",510,42,"peace"
"2935",511,42,"peace"
"2936",512,42,"peace"
"2937",513,42,"peace"
"2938",514,42,"peace"
"2939",515,42,"peace"
"2940",516,42,"peace"
"2941",517,42,"peace"
"2942",518,42,"peace"
"2943",519,42,"peace"
"2944",520,42,"peace"
"2945",521,42,"peace"
"2946",522,42,"peace"
"2947",523,42,"peace"
"2948",524,42,"peace"
"2949",525,42,"peace"
"2950",526,42,"peace"
"2951",527,42,"peace"
"2952",528,42,"peace"
"2953",457,43,"peace"
"2954",458,43,"peace"
"2955",459,43,"peace"
"2956",460,43,"peace"
"2957",461,43,"peace"
"2958",462,43,"peace"
"2959",463,43,"peace"
"2960",464,43,"peace"
"2961",465,43,"peace"
"2962",466,43,"peace"
"2963",467,43,"peace"
"2964",468,43,"peace"
"2965",469,43,"peace"
"2966",470,43,"peace"
"2967",471,43,"peace"
"2968",472,43,"peace"
"2969",473,43,"peace"
"2970",474,43,"peace"
"2971",475,43,"peace"
"2972",476,43,"peace"
"2973",477,43,"peace"
"2974",478,43,"peace"
"2975",479,43,"peace"
"2976",480,43,"peace"
"2977",481,43,"peace"
"2978",482,43,"peace"
"2979",483,43,"peace"
"2980",484,43,"peace"
"2981",485,43,"peace"
"2982",486,43,"peace"
"2983",487,43,"peace"
"2984",488,43,"peace"
"2985",489,43,"peace"
"2986",490,43,"peace"
"2987",491,43,"peace"
"2988",492,43,"peace"
"2989",493,43,"peace"
"2990",494,43,"peace"
"2991",495,43,"peace"
"2992",496,43,"peace"
"2993",497,43,"peace"
"2994",498,43,"peace"
"2995",499,43,"peace"
"2996",500,43,"peace"
"2997",501,43,"peace"
"2998",502,43,"peace"
"2999",503,43,"peace"
"3000",504,43,"peace"
"3001",505,43,"peace"
"3002",506,43,"peace"
"3003",507,43,"peace"
"3004",508,43,"peace"
"3005",509,43,"peace"
"3006",510,43,"peace"
"3007",511,43,"peace"
"3008",512,43,"peace"
"3009",513,43,"peace"
"3010",514,43,"peace"
"3011",515,43,"peace"
"3012",516,43,"peace"
"3013",517,43,"peace"
"3014",518,43,"peace"
"3015",519,43,"peace"
"3016",520,43,"peace"
"3017",521,43,"peace"
"3018",522,43,"peace"
"3019",523,43,"peace"
"3020",524,43,"peace"
"3021",525,43,"peace"
"3022",526,43,"peace"
"3023",527,43,"peace"
"3024",528,43,"peace"
"3025",457,45,"peace"
"3026",458,45,"peace"
"3027",459,45,"peace"
"3028",460,45,"peace"
"3029",461,45,"peace"
"3030",462,45,"peace"
"3031",463,45,"peace"
"3032",464,45,"peace"
"3033",465,45,"peace"
"3034",466,45,"peace"
"3035",467,45,"peace"
"3036",468,45,"peace"
"3037",469,45,"peace"
"3038",470,45,"peace"
"3039",471,45,"peace"
"3040",472,45,"peace"
"3041",473,45,"peace"
"3042",474,45,"peace"
"3043",475,45,"peace"
"3044",476,45,"peace"
"3045",477,45,"peace"
"3046",478,45,"peace"
"3047",479,45,"peace"
"3048",480,45,"peace"
"3049",481,45,"peace"
"3050",482,45,"peace"
"3051",483,45,"peace"
"3052",484,45,"peace"
"3053",485,45,"peace"
"3054",486,45,"peace"
"3055",487,45,"peace"
"3056",488,45,"peace"
"3057",489,45,"peace"
"3058",490,45,"peace"
"3059",491,45,"peace"
"3060",492,45,"peace"
"3061",493,45,"peace"
"3062",494,45,"peace"
"3063",495,45,"peace"
"3064",496,45,"peace"
"3065",497,45,"peace"
"3066",498,45,"peace"
"3067",499,45,"peace"
"3068",500,45,"peace"
"3069",501,45,"peace"
"3070",502,45,"peace"
"3071",503,45,"peace"
"3072",504,45,"peace"
"3073",505,45,"peace"
"3074",506,45,"peace"
"3075",507,45,"peace"
"3076",508,45,"peace"
"3077",509,45,"peace"
"3078",510,45,"peace"
"3079",511,45,"peace"
"3080",512,45,"peace"
"3081",513,45,"peace"
"3082",514,45,"peace"
"3083",515,45,"peace"
"3084",516,45,"peace"
"3085",517,45,"peace"
"3086",518,45,"peace"
"3087",519,45,"peace"
"3088",520,45,"peace"
"3089",521,45,"peace"
"3090",522,45,"peace"
"3091",523,45,"peace"
"3092",524,45,"peace"
"3093",525,45,"peace"
"3094",526,45,"peace"
"3095",527,45,"peace"
"3096",528,45,"peace"
"3097",457,46,"peace"
"3098",458,46,"peace"
"3099",459,46,"peace"
"3100",460,46,"peace"
"3101",461,46,"peace"
"3102",462,46,"peace"
"3103",463,46,"peace"
"3104",464,46,"peace"
"3105",465,46,"peace"
"3106",466,46,"peace"
"3107",467,46,"peace"
"3108",468,46,"peace"
"3109",469,46,"peace"
"3110",470,46,"peace"
"3111",471,46,"peace"
"3112",472,46,"peace"
"3113",473,46,"peace"
"3114",474,46,"peace"
"3115",475,46,"peace"
"3116",476,46,"peace"
"3117",477,46,"peace"
"3118",478,46,"peace"
"3119",479,46,"peace"
"3120",480,46,"peace"
"3121",481,46,"peace"
"3122",482,46,"peace"
"3123",483,46,"peace"
"3124",484,46,"peace"
"3125",485,46,"peace"
"3126",486,46,"peace"
"3127",487,46,"peace"
"3128",488,46,"peace"
"3129",489,46,"peace"
"3130",490,46,"peace"
"3131",491,46,"peace"
"3132",492,46,"peace"
"3133",493,46,"peace"
"3134",494,46,"peace"
"3135",495,46,"peace"
"3136",496,46,"peace"
"3137",497,46,"peace"
"3138",498,46,"peace"
"3139",499,46,"peace"
"3140",500,46,"peace"
"3141",501,46,"peace"
"3142",502,46,"peace"
"3143",503,46,"peace"
"3144",504,46,"peace"
"3145",505,46,"peace"
"3146",506,46,"peace"
"3147",507,46,"peace"
"3148",508,46,"peace"
"3149",509,46,"peace"
"3150",510,46,"peace"
"3151",511,46,"peace"
"3152",512,46,"peace"
"3153",513,46,"peace"
"3154",514,46,"peace"
"3155",515,46,"peace"
"3156",516,46,"peace"
"3157",517,46,"peace"
"3158",518,46,"peace"
"3159",519,46,"peace"
"3160",520,46,"peace"
"3161",521,46,"peace"
"3162",522,46,"peace"
"3163",523,46,"peace"
"3164",524,46,"peace"
"3165",525,46,"peace"
"3166",526,46,"peace"
"3167",527,46,"peace"
"3168",528,46,"peace"
"3169",457,47,"conflict"
"3170",458,47,"conflict"
"3171",459,47,"conflict"
"3172",460,47,"conflict"
"3173",461,47,"conflict"
"3174",462,47,"deescalation"
"3175",463,47,"deescalation"
"3176",464,47,"conflict"
"3177",465,47,"conflict"
"3178",466,47,"conflict"
"3179",467,47,"conflict"
"3180",468,47,"conflict"
"3181",469,47,"conflict"
"3182",470,47,"conflict"
"3183",471,47,"conflict"
"3184",472,47,"conflict"
"3185",473,47,"conflict"
"3186",474,47,"conflict"
"3187",475,47,"conflict"
"3188",476,47,"conflict"
"3189",477,47,"conflict"
"3190",478,47,"conflict"
"3191",479,47,"conflict"
"3192",480,47,"conflict"
"3193",481,47,"conflict"
"3194",482,47,"conflict"
"3195",483,47,"conflict"
"3196",484,47,"conflict"
"3197",485,47,"conflict"
"3198",486,47,"conflict"
"3199",487,47,"conflict"
"3200",488,47,"conflict"
"3201",489,47,"conflict"
"3202",490,47,"deescalation"
"3203",491,47,"conflict"
"3204",492,47,"conflict"
"3205",493,47,"onset"
"3206",494,47,"onset"
"3207",495,47,"onset"
"3208",496,47,"onset"
"3209",497,47,"onset"
"3210",498,47,"onset"
"3211",499,47,"onset"
"3212",500,47,"onset"
"3213",501,47,"onset"
"3214",502,47,"onset"
"3215",503,47,"onset"
"3216",504,47,"onset"
"3217",505,47,"conflict"
"3218",506,47,"conflict"
"3219",507,47,"conflict"
"3220",508,47,"conflict"
"3221",509,47,"conflict"
"3222",510,47,"conflict"
"3223",511,47,"conflict"
"3224",512,47,"conflict"
"3225",513,47,"conflict"
"3226",514,47,"conflict"
"3227",515,47,"conflict"
"3228",516,47,"conflict"
"3229",517,47,"conflict"
"3230",518,47,"conflict"
"3231",519,47,"conflict"
"3232",520,47,"conflict"
"3233",521,47,"conflict"
"3234",522,47,"conflict"
"3235",523,47,"conflict"
"3236",524,47,"conflict"
"3237",525,47,"conflict"
"3238",526,47,"conflict"
"3239",527,47,"conflict"
"3240",528,47,"conflict"
"3241",457,48,"peace"
"3242",458,48,"peace"
"3243",459,48,"peace"
"3244",460,48,"peace"
"3245",461,48,"peace"
"3246",462,48,"peace"
"3247",463,48,"peace"
"3248",464,48,"peace"
"3249",465,48,"peace"
"3250",466,48,"peace"
"3251",467,48,"peace"
"3252",468,48,"peace"
"3253",469,48,"peace"
"3254",470,48,"peace"
"3255",471,48,"peace"
"3256",472,48,"peace"
"3257",473,48,"peace"
"3258",474,48,"peace"
"3259",475,48,"peace"
"3260",476,48,"peace"
"3261",477,48,"peace"
"3262",478,48,"peace"
"3263",479,48,"peace"
"3264",480,48,"peace"
"3265",481,48,"peace"
"3266",482,48,"peace"
"3267",483,48,"peace"
"3268",484,48,"peace"
"3269",485,48,"peace"
"3270",486,48,"peace"
"3271",487,48,"peace"
"3272",488,48,"peace"
"3273",489,48,"peace"
"3274",490,48,"peace"
"3275",491,48,"peace"
"3276",492,48,"peace"
"3277",493,48,"peace"
"3278",494,48,"peace"
"3279",495,48,"peace"
"3280",496,48,"peace"
"3281",497,48,"peace"
"3282",498,48,"peace"
"3283",499,48,"peace"
"3284",500,48,"peace"
"3285",501,48,"peace"
"3286",502,48,"peace"
"3287",503,48,"peace"
"3288",504,48,"peace"
"3289",505,48,"peace"
"3290",506,48,"peace"
"3291",507,48,"peace"
"3292",508,48,"peace"
"3293",509,48,"peace"
"3294",510,48,"peace"
"3295",511,48,"peace"
"3296",512,48,"peace"
"3297",513,48,"peace"
"3298",514,48,"peace"
"3299",515,48,"peace"
"3300",516,48,"peace"
"3301",517,48,"peace"
"3302",518,48,"peace"
"3303",519,48,"peace"
"3304",520,48,"peace"
"3305",521,48,"peace"
"3306",522,48,"peace"
"3307",523,48,"peace"
"3308",524,48,"peace"
"3309",525,48,"peace"
"3310",526,48,"peace"
"3311",527,48,"peace"
"3312",528,48,"peace"
"3313",457,49,"peace"
"3314",458,49,"peace"
"3315",459,49,"peace"
"3316",460,49,"peace"
"3317",461,49,"peace"
"3318",462,49,"peace"
"3319",463,49,"peace"
"3320",464,49,"peace"
"3321",465,49,"peace"
"3322",466,49,"peace"
"3323",467,49,"peace"
"3324",468,49,"peace"
"3325",469,49,"peace"
"3326",470,49,"peace"
"3327",471,49,"peace"
"3328",472,49,"peace"
"3329",473,49,"peace"
"3330",474,49,"peace"
"3331",475,49,"peace"
"3332",476,49,"peace"
"3333",477,49,"peace"
"3334",478,49,"peace"
"3335",479,49,"peace"
"3336",480,49,"peace"
"3337",481,49,"peace"
"3338",482,49,"peace"
"3339",483,49,"peace"
"3340",484,49,"peace"
"3341",485,49,"peace"
"3342",486,49,"peace"
"3343",487,49,"peace"
"3344",488,49,"peace"
"3345",489,49,"peace"
"3346",490,49,"peace"
"3347",491,49,"peace"
"3348",492,49,"peace"
"3349",493,49,"peace"
"3350",494,49,"peace"
"3351",495,49,"peace"
"3352",496,49,"peace"
"3353",497,49,"peace"
"3354",498,49,"peace"
"3355",499,49,"peace"
"3356",500,49,"peace"
"3357",501,49,"peace"
"3358",502,49,"peace"
"3359",503,49,"peace"
"3360",504,49,"peace"
"3361",505,49,"peace"
"3362",506,49,"peace"
"3363",507,49,"peace"
"3364",508,49,"peace"
"3365",509,49,"peace"
"3366",510,49,"peace"
"3367",511,49,"peace"
"3368",512,49,"peace"
"3369",513,49,"peace"
"3370",514,49,"peace"
"3371",515,49,"peace"
"3372",516,49,"peace"
"3373",517,49,"peace"
"3374",518,49,"peace"
"3375",519,49,"peace"
"3376",520,49,"peace"
"3377",521,49,"peace"
"3378",522,49,"peace"
"3379",523,49,"peace"
"3380",524,49,"peace"
"3381",525,49,"peace"
"3382",526,49,"peace"
"3383",527,49,"peace"
"3384",528,49,"peace"
"3385",457,50,"conflict"
"3386",458,50,"conflict"
"3387",459,50,"conflict"
"3388",460,50,"conflict"
"3389",461,50,"conflict"
"3390",462,50,"conflict"
"3391",463,50,"conflict"
"3392",464,50,"conflict"
"3393",465,50,"conflict"
"3394",466,50,"conflict"
"3395",467,50,"conflict"
"3396",468,50,"conflict"
"3397",469,50,"conflict"
"3398",470,50,"conflict"
"3399",471,50,"conflict"
"3400",472,50,"conflict"
"3401",473,50,"conflict"
"3402",474,50,"conflict"
"3403",475,50,"conflict"
"3404",476,50,"conflict"
"3405",477,50,"conflict"
"3406",478,50,"conflict"
"3407",479,50,"conflict"
"3408",480,50,"conflict"
"3409",481,50,"conflict"
"3410",482,50,"conflict"
"3411",483,50,"conflict"
"3412",484,50,"conflict"
"3413",485,50,"conflict"
"3414",486,50,"conflict"
"3415",487,50,"conflict"
"3416",488,50,"conflict"
"3417",489,50,"conflict"
"3418",490,50,"conflict"
"3419",491,50,"conflict"
"3420",492,50,"conflict"
"3421",493,50,"conflict"
"3422",494,50,"conflict"
"3423",495,50,"conflict"
"3424",496,50,"conflict"
"3425",497,50,"conflict"
"3426",498,50,"conflict"
"3427",499,50,"conflict"
"3428",500,50,"conflict"
"3429",501,50,"conflict"
"3430",502,50,"conflict"
"3431",503,50,"conflict"
"3432",504,50,"conflict"
"3433",505,50,"conflict"
"3434",506,50,"conflict"
"3435",507,50,"conflict"
"3436",508,50,"conflict"
"3437",509,50,"conflict"
"3438",510,50,"conflict"
"3439",511,50,"conflict"
"3440",512,50,"conflict"
"3441",513,50,"conflict"
"3442",514,50,"conflict"
"3443",515,50,"conflict"
"3444",516,50,"conflict"
"3445",517,50,"conflict"
"3446",518,50,"conflict"
"3447",519,50,"conflict"
"3448",520,50,"conflict"
"3449",521,50,"conflict"
"3450",522,50,"conflict"
"3451",523,50,"conflict"
"3452",524,50,"conflict"
"3453",525,50,"conflict"
"3454",526,50,"conflict"
"3455",527,50,"conflict"
"3456",528,50,"conflict"
"3457",457,52,"peace"
"3458",458,52,"peace"
"3459",459,52,"peace"
"3460",460,52,"peace"
"3461",461,52,"peace"
"3462",462,52,"peace"
"3463",463,52,"peace"
"3464",464,52,"peace"
"3465",465,52,"peace"
"3466",466,52,"peace"
"3467",467,52,"peace"
"3468",468,52,"peace"
"3469",469,52,"peace"
"3470",470,52,"peace"
"3471",471,52,"peace"
"3472",472,52,"peace"
"3473",473,52,"peace"
"3474",474,52,"peace"
"3475",475,52,"peace"
"3476",476,52,"peace"
"3477",477,52,"peace"
"3478",478,52,"peace"
"3479",479,52,"peace"
"3480",480,52,"peace"
"3481",481,52,"peace"
"3482",482,52,"peace"
"3483",483,52,"peace"
"3484",484,52,"peace"
"3485",485,52,"peace"
"3486",486,52,"peace"
"3487",487,52,"peace"
"3488",488,52,"peace"
"3489",489,52,"peace"
"3490",490,52,"peace"
"3491",491,52,"peace"
"3492",492,52,"peace"
"3493",493,52,"peace"
"3494",494,52,"peace"
"3495",495,52,"peace"
"3496",496,52,"peace"
"3497",497,52,"peace"
"3498",498,52,"peace"
"3499",499,52,"peace"
"3500",500,52,"peace"
"3501",501,52,"peace"
"3502",502,52,"peace"
"3503",503,52,"peace"
"3504",504,52,"peace"
"3505",505,52,"peace"
"3506",506,52,"peace"
"3507",507,52,"peace"
"3508",508,52,"peace"
"3509",509,52,"peace"
"3510",510,52,"peace"
"3511",511,52,"peace"
"3512",512,52,"peace"
"3513",513,52,"peace"
"3514",514,52,"peace"
"3515",515,52,"peace"
"3516",516,52,"peace"
"3517",517,52,"peace"
"3518",518,52,"peace"
"3519",519,52,"peace"
"3520",520,52,"peace"
"3521",521,52,"peace"
"3522",522,52,"peace"
"3523",523,52,"peace"
"3524",524,52,"peace"
"3525",525,52,"peace"
"3526",526,52,"peace"
"3527",527,52,"peace"
"3528",528,52,"peace"
"3529",457,53,"peace"
"3530",458,53,"peace"
"3531",459,53,"peace"
"3532",460,53,"peace"
"3533",461,53,"peace"
"3534",462,53,"peace"
"3535",463,53,"peace"
"3536",464,53,"peace"
"3537",465,53,"peace"
"3538",466,53,"peace"
"3539",467,53,"peace"
"3540",468,53,"peace"
"3541",469,53,"peace"
"3542",470,53,"peace"
"3543",471,53,"peace"
"3544",472,53,"peace"
"3545",473,53,"peace"
"3546",474,53,"peace"
"3547",475,53,"peace"
"3548",476,53,"peace"
"3549",477,53,"peace"
"3550",478,53,"peace"
"3551",479,53,"peace"
"3552",480,53,"peace"
"3553",481,53,"peace"
"3554",482,53,"peace"
"3555",483,53,"peace"
"3556",484,53,"peace"
"3557",485,53,"peace"
"3558",486,53,"peace"
"3559",487,53,"peace"
"3560",488,53,"peace"
"3561",489,53,"peace"
"3562",490,53,"peace"
"3563",491,53,"peace"
"3564",492,53,"peace"
"3565",493,53,"peace"
"3566",494,53,"peace"
"3567",495,53,"peace"
"3568",496,53,"peace"
"3569",497,53,"peace"
"3570",498,53,"peace"
"3571",499,53,"peace"
"3572",500,53,"peace"
"3573",501,53,"peace"
"3574",502,53,"peace"
"3575",503,53,"peace"
"3576",504,53,"peace"
"3577",505,53,"peace"
"3578",506,53,"peace"
"3579",507,53,"peace"
"3580",508,53,"peace"
"3581",509,53,"peace"
"3582",510,53,"peace"
"3583",511,53,"peace"
"3584",512,53,"peace"
"3585",513,53,"peace"
"3586",514,53,"peace"
"3587",515,53,"peace"
"3588",516,53,"peace"
"3589",517,53,"peace"
"3590",518,53,"peace"
"3591",519,53,"peace"
"3592",520,53,"peace"
"3593",521,53,"peace"
"3594",522,53,"peace"
"3595",523,53,"peace"
"3596",524,53,"peace"
"3597",525,53,"peace"
"3598",526,53,"peace"
"3599",527,53,"peace"
"3600",528,53,"peace"
"3601",457,54,"peace"
"3602",458,54,"peace"
"3603",459,54,"peace"
"3604",460,54,"peace"
"3605",461,54,"peace"
"3606",462,54,"peace"
"3607",463,54,"peace"
"3608",464,54,"peace"
"3609",465,54,"peace"
"3610",466,54,"peace"
"3611",467,54,"peace"
"3612",468,54,"peace"
"3613",469,54,"peace"
"3614",470,54,"peace"
"3615",471,54,"peace"
"3616",472,54,"peace"
"3617",473,54,"peace"
"3618",474,54,"peace"
"3619",475,54,"peace"
"3620",476,54,"peace"
"3621",477,54,"peace"
"3622",478,54,"peace"
"3623",479,54,"peace"
"3624",480,54,"peace"
"3625",481,54,"peace"
"3626",482,54,"peace"
"3627",483,54,"peace"
"3628",484,54,"peace"
"3629",485,54,"peace"
"3630",486,54,"peace"
"3631",487,54,"peace"
"3632",488,54,"peace"
"3633",489,54,"peace"
"3634",490,54,"peace"
"3635",491,54,"peace"
"3636",492,54,"peace"
"3637",493,54,"peace"
"3638",494,54,"peace"
"3639",495,54,"peace"
"3640",496,54,"peace"
"3641",497,54,"peace"
"3642",498,54,"peace"
"3643",499,54,"peace"
"3644",500,54,"peace"
"3645",501,54,"peace"
"3646",502,54,"peace"
"3647",503,54,"peace"
"3648",504,54,"peace"
"3649",505,54,"peace"
"3650",506,54,"peace"
"3651",507,54,"peace"
"3652",508,54,"peace"
"3653",509,54,"peace"
"3654",510,54,"peace"
"3655",511,54,"peace"
"3656",512,54,"peace"
"3657",513,54,"peace"
"3658",514,54,"peace"
"3659",515,54,"peace"
"3660",516,54,"peace"
"3661",517,54,"peace"
"3662",518,54,"peace"
"3663",519,54,"peace"
"3664",520,54,"peace"
"3665",521,54,"peace"
"3666",522,54,"peace"
"3667",523,54,"peace"
"3668",524,54,"peace"
"3669",525,54,"peace"
"3670",526,54,"peace"
"3671",527,54,"peace"
"3672",528,54,"peace"
"3673",457,55,"peace"
"3674",458,55,"peace"
"3675",459,55,"peace"
"3676",460,55,"peace"
"3677",461,55,"peace"
"3678",462,55,"peace"
"3679",463,55,"peace"
"3680",464,55,"peace"
"3681",465,55,"peace"
"3682",466,55,"peace"
"3683",467,55,"peace"
"3684",468,55,"peace"
"3685",469,55,"peace"
"3686",470,55,"peace"
"3687",471,55,"peace"
"3688",472,55,"peace"
"3689",473,55,"peace"
"3690",474,55,"peace"
"3691",475,55,"peace"
"3692",476,55,"peace"
"3693",477,55,"peace"
"3694",478,55,"peace"
"3695",479,55,"peace"
"3696",480,55,"peace"
"3697",481,55,"peace"
"3698",482,55,"peace"
"3699",483,55,"peace"
"3700",484,55,"peace"
"3701",485,55,"peace"
"3702",486,55,"peace"
"3703",487,55,"peace"
"3704",488,55,"peace"
"3705",489,55,"peace"
"3706",490,55,"peace"
"3707",491,55,"peace"
"3708",492,55,"peace"
"3709",493,55,"peace"
"3710",494,55,"peace"
"3711",495,55,"peace"
"3712",496,55,"peace"
"3713",497,55,"peace"
"3714",498,55,"peace"
"3715",499,55,"peace"
"3716",500,55,"peace"
"3717",501,55,"peace"
"3718",502,55,"peace"
"3719",503,55,"peace"
"3720",504,55,"peace"
"3721",505,55,"peace"
"3722",506,55,"peace"
"3723",507,55,"peace"
"3724",508,55,"peace"
"3725",509,55,"peace"
"3726",510,55,"peace"
"3727",511,55,"peace"
"3728",512,55,"peace"
"3729",513,55,"peace"
"3730",514,55,"peace"
"3731",515,55,"peace"
"3732",516,55,"peace"
"3733",517,55,"peace"
"3734",518,55,"peace"
"3735",519,55,"peace"
"3736",520,55,"peace"
"3737",521,55,"peace"
"3738",522,55,"peace"
"3739",523,55,"peace"
"3740",524,55,"peace"
"3741",525,55,"peace"
"3742",526,55,"peace"
"3743",527,55,"peace"
"3744",528,55,"peace"
"3745",457,56,"peace"
"3746",458,56,"peace"
"3747",459,56,"peace"
"3748",460,56,"peace"
"3749",461,56,"peace"
"3750",462,56,"peace"
"3751",463,56,"peace"
"3752",464,56,"peace"
"3753",465,56,"peace"
"3754",466,56,"peace"
"3755",467,56,"peace"
"3756",468,56,"peace"
"3757",469,56,"peace"
"3758",470,56,"peace"
"3759",471,56,"peace"
"3760",472,56,"peace"
"3761",473,56,"peace"
"3762",474,56,"peace"
"3763",475,56,"peace"
"3764",476,56,"peace"
"3765",477,56,"peace"
"3766",478,56,"peace"
"3767",479,56,"peace"
"3768",480,56,"peace"
"3769",481,56,"peace"
"3770",482,56,"peace"
"3771",483,56,"peace"
"3772",484,56,"peace"
"3773",485,56,"peace"
"3774",486,56,"peace"
"3775",487,56,"peace"
"3776",488,56,"peace"
"3777",489,56,"peace"
"3778",490,56,"peace"
"3779",491,56,"peace"
"3780",492,56,"peace"
"3781",493,56,"peace"
"3782",494,56,"peace"
"3783",495,56,"peace"
"3784",496,56,"peace"
"3785",497,56,"peace"
"3786",498,56,"peace"
"3787",499,56,"peace"
"3788",500,56,"peace"
"3789",501,56,"peace"
"3790",502,56,"peace"
"3791",503,56,"peace"
"3792",504,56,"peace"
"3793",505,56,"onset"
"3794",506,56,"peace"
"3795",507,56,"onset"
"3796",508,56,"peace"
"3797",509,56,"onset"
"3798",510,56,"peace"
"3799",511,56,"peace"
"3800",512,56,"peace"
"3801",513,56,"peace"
"3802",514,56,"peace"
"3803",515,56,"peace"
"3804",516,56,"peace"
"3805",517,56,"peace"
"3806",518,56,"peace"
"3807",519,56,"peace"
"3808",520,56,"peace"
"3809",521,56,"peace"
"3810",522,56,"peace"
"3811",523,56,"peace"
"3812",524,56,"peace"
"3813",525,56,"peace"
"3814",526,56,"peace"
"3815",527,56,"peace"
"3816",528,56,"peace"
"3817",457,57,"peace"
"3818",458,57,"peace"
"3819",459,57,"onset"
"3820",460,57,"peace"
"3821",461,57,"peace"
"3822",462,57,"peace"
"3823",463,57,"peace"
"3824",464,57,"peace"
"3825",465,57,"onset"
"3826",466,57,"onset"
"3827",467,57,"peace"
"3828",468,57,"peace"
"3829",469,57,"deescalation"
"3830",470,57,"deescalation"
"3831",471,57,"deescalation"
"3832",472,57,"deescalation"
"3833",473,57,"conflict"
"3834",474,57,"conflict"
"3835",475,57,"deescalation"
"3836",476,57,"deescalation"
"3837",477,57,"conflict"
"3838",478,57,"conflict"
"3839",479,57,"conflict"
"3840",480,57,"conflict"
"3841",481,57,"conflict"
"3842",482,57,"deescalation"
"3843",483,57,"deescalation"
"3844",484,57,"deescalation"
"3845",485,57,"conflict"
"3846",486,57,"conflict"
"3847",487,57,"deescalation"
"3848",488,57,"deescalation"
"3849",489,57,"deescalation"
"3850",490,57,"deescalation"
"3851",491,57,"conflict"
"3852",492,57,"conflict"
"3853",493,57,"onset"
"3854",494,57,"onset"
"3855",495,57,"onset"
"3856",496,57,"onset"
"3857",497,57,"onset"
"3858",498,57,"onset"
"3859",499,57,"onset"
"3860",500,57,"onset"
"3861",501,57,"onset"
"3862",502,57,"onset"
"3863",503,57,"onset"
"3864",504,57,"onset"
"3865",505,57,"conflict"
"3866",506,57,"conflict"
"3867",507,57,"conflict"
"3868",508,57,"conflict"
"3869",509,57,"conflict"
"3870",510,57,"conflict"
"3871",511,57,"conflict"
"3872",512,57,"conflict"
"3873",513,57,"conflict"
"3874",514,57,"conflict"
"3875",515,57,"conflict"
"3876",516,57,"conflict"
"3877",517,57,"conflict"
"3878",518,57,"conflict"
"3879",519,57,"conflict"
"3880",520,57,"deescalation"
"3881",521,57,"conflict"
"3882",522,57,"conflict"
"3883",523,57,"conflict"
"3884",524,57,"conflict"
"3885",525,57,"conflict"
"3886",526,57,"conflict"
"3887",527,57,"conflict"
"3888",528,57,"conflict"
"3889",457,58,"peace"
"3890",458,58,"peace"
"3891",459,58,"peace"
"3892",460,58,"peace"
"3893",461,58,"peace"
"3894",462,58,"peace"
"3895",463,58,"peace"
"3896",464,58,"peace"
"3897",465,58,"peace"
"3898",466,58,"peace"
"3899",467,58,"peace"
"3900",468,58,"peace"
"3901",469,58,"peace"
"3902",470,58,"peace"
"3903",471,58,"peace"
"3904",472,58,"peace"
"3905",473,58,"peace"
"3906",474,58,"peace"
"3907",475,58,"peace"
"3908",476,58,"peace"
"3909",477,58,"peace"
"3910",478,58,"peace"
"3911",479,58,"peace"
"3912",480,58,"peace"
"3913",481,58,"peace"
"3914",482,58,"peace"
"3915",483,58,"peace"
"3916",484,58,"peace"
"3917",485,58,"peace"
"3918",486,58,"peace"
"3919",487,58,"peace"
"3920",488,58,"peace"
"3921",489,58,"peace"
"3922",490,58,"peace"
"3923",491,58,"peace"
"3924",492,58,"peace"
"3925",493,58,"peace"
"3926",494,58,"peace"
"3927",495,58,"peace"
"3928",496,58,"peace"
"3929",497,58,"peace"
"3930",498,58,"peace"
"3931",499,58,"peace"
"3932",500,58,"peace"
"3933",501,58,"peace"
"3934",502,58,"peace"
"3935",503,58,"peace"
"3936",504,58,"peace"
"3937",505,58,"peace"
"3938",506,58,"peace"
"3939",507,58,"peace"
"3940",508,58,"peace"
"3941",509,58,"peace"
"3942",510,58,"peace"
"3943",511,58,"peace"
"3944",512,58,"peace"
"3945",513,58,"peace"
"3946",514,58,"peace"
"3947",515,58,"peace"
"3948",516,58,"peace"
"3949",517,58,"peace"
"3950",518,58,"peace"
"3951",519,58,"peace"
"3952",520,58,"peace"
"3953",521,58,"peace"
"3954",522,58,"peace"
"3955",523,58,"peace"
"3956",524,58,"peace"
"3957",525,58,"peace"
"3958",526,58,"peace"
"3959",527,58,"peace"
"3960",528,58,"peace"
"3961",457,60,"conflict"
"3962",458,60,"conflict"
"3963",459,60,"conflict"
"3964",460,60,"conflict"
"3965",461,60,"conflict"
"3966",462,60,"conflict"
"3967",463,60,"conflict"
"3968",464,60,"conflict"
"3969",465,60,"conflict"
"3970",466,60,"conflict"
"3971",467,60,"conflict"
"3972",468,60,"conflict"
"3973",469,60,"conflict"
"3974",470,60,"conflict"
"3975",471,60,"conflict"
"3976",472,60,"conflict"
"3977",473,60,"conflict"
"3978",474,60,"conflict"
"3979",475,60,"conflict"
"3980",476,60,"conflict"
"3981",477,60,"conflict"
"3982",478,60,"conflict"
"3983",479,60,"conflict"
"3984",480,60,"conflict"
"3985",481,60,"conflict"
"3986",482,60,"conflict"
"3987",483,60,"conflict"
"3988",484,60,"conflict"
"3989",485,60,"conflict"
"3990",486,60,"conflict"
"3991",487,60,"conflict"
"3992",488,60,"conflict"
"3993",489,60,"conflict"
"3994",490,60,"conflict"
"3995",491,60,"conflict"
"3996",492,60,"conflict"
"3997",493,60,"conflict"
"3998",494,60,"conflict"
"3999",495,60,"conflict"
"4000",496,60,"conflict"
"4001",497,60,"conflict"
"4002",498,60,"conflict"
"4003",499,60,"conflict"
"4004",500,60,"conflict"
"4005",501,60,"conflict"
"4006",502,60,"conflict"
"4007",503,60,"conflict"
"4008",504,60,"conflict"
"4009",505,60,"conflict"
"4010",506,60,"conflict"
"4011",507,60,"conflict"
"4012",508,60,"conflict"
"4013",509,60,"conflict"
"4014",510,60,"conflict"
"4015",511,60,"conflict"
"4016",512,60,"conflict"
"4017",513,60,"conflict"
"4018",514,60,"conflict"
"4019",515,60,"conflict"
"4020",516,60,"conflict"
"4021",517,60,"conflict"
"4022",518,60,"conflict"
"4023",519,60,"conflict"
"4024",520,60,"conflict"
"4025",521,60,"conflict"
"4026",522,60,"conflict"
"4027",523,60,"conflict"
"4028",524,60,"conflict"
"4029",525,60,"conflict"
"4030",526,60,"conflict"
"4031",527,60,"conflict"
"4032",528,60,"conflict"
"4033",457,62,"peace"
"4034",458,62,"peace"
"4035",459,62,"peace"
"4036",460,62,"peace"
"4037",461,62,"peace"
"4038",462,62,"peace"
"4039",463,62,"peace"
"4040",464,62,"peace"
"4041",465,62,"peace"
"4042",466,62,"peace"
"4043",467,62,"peace"
"4044",468,62,"peace"
"4045",469,62,"peace"
"4046",470,62,"peace"
"4047",471,62,"peace"
"4048",472,62,"peace"
"4049",473,62,"peace"
"4050",474,62,"peace"
"4051",475,62,"peace"
"4052",476,62,"peace"
"4053",477,62,"peace"
"4054",478,62,"peace"
"4055",479,62,"peace"
"4056",480,62,"peace"
"4057",481,62,"peace"
"4058",482,62,"peace"
"4059",483,62,"peace"
"4060",484,62,"peace"
"4061",485,62,"peace"
"4062",486,62,"peace"
"4063",487,62,"peace"
"4064",488,62,"peace"
"4065",489,62,"peace"
"4066",490,62,"peace"
"4067",491,62,"peace"
"4068",492,62,"peace"
"4069",493,62,"peace"
"4070",494,62,"peace"
"4071",495,62,"peace"
"4072",496,62,"peace"
"4073",497,62,"peace"
"4074",498,62,"peace"
"4075",499,62,"peace"
"4076",500,62,"peace"
"4077",501,62,"peace"
"4078",502,62,"peace"
"4079",503,62,"peace"
"4080",504,62,"peace"
"4081",505,62,"peace"
"4082",506,62,"peace"
"4083",507,62,"peace"
"4084",508,62,"peace"
"4085",509,62,"peace"
"4086",510,62,"peace"
"4087",511,62,"peace"
"4088",512,62,"peace"
"4089",513,62,"peace"
"4090",514,62,"peace"
"4091",515,62,"peace"
"4092",516,62,"peace"
"4093",517,62,"peace"
"4094",518,62,"peace"
"4095",519,62,"peace"
"4096",520,62,"peace"
"4097",521,62,"peace"
"4098",522,62,"peace"
"4099",523,62,"peace"
"4100",524,62,"peace"
"4101",525,62,"peace"
"4102",526,62,"peace"
"4103",527,62,"peace"
"4104",528,62,"peace"
"4105",457,63,"peace"
"4106",458,63,"peace"
"4107",459,63,"peace"
"4108",460,63,"peace"
"4109",461,63,"peace"
"4110",462,63,"peace"
"4111",463,63,"peace"
"4112",464,63,"peace"
"4113",465,63,"peace"
"4114",466,63,"peace"
"4115",467,63,"peace"
"4116",468,63,"peace"
"4117",469,63,"peace"
"4118",470,63,"peace"
"4119",471,63,"peace"
"4120",472,63,"peace"
"4121",473,63,"peace"
"4122",474,63,"peace"
"4123",475,63,"peace"
"4124",476,63,"peace"
"4125",477,63,"peace"
"4126",478,63,"peace"
"4127",479,63,"peace"
"4128",480,63,"peace"
"4129",481,63,"peace"
"4130",482,63,"peace"
"4131",483,63,"peace"
"4132",484,63,"peace"
"4133",485,63,"peace"
"4134",486,63,"peace"
"4135",487,63,"peace"
"4136",488,63,"peace"
"4137",489,63,"peace"
"4138",490,63,"peace"
"4139",491,63,"peace"
"4140",492,63,"peace"
"4141",493,63,"peace"
"4142",494,63,"peace"
"4143",495,63,"peace"
"4144",496,63,"peace"
"4145",497,63,"peace"
"4146",498,63,"peace"
"4147",499,63,"peace"
"4148",500,63,"peace"
"4149",501,63,"peace"
"4150",502,63,"peace"
"4151",503,63,"peace"
"4152",504,63,"peace"
"4153",505,63,"peace"
"4154",506,63,"peace"
"4155",507,63,"peace"
"4156",508,63,"peace"
"4157",509,63,"peace"
"4158",510,63,"peace"
"4159",511,63,"peace"
"4160",512,63,"peace"
"4161",513,63,"peace"
"4162",514,63,"peace"
"4163",515,63,"peace"
"4164",516,63,"peace"
"4165",517,63,"peace"
"4166",518,63,"peace"
"4167",519,63,"peace"
"4168",520,63,"peace"
"4169",521,63,"peace"
"4170",522,63,"peace"
"4171",523,63,"peace"
"4172",524,63,"peace"
"4173",525,63,"peace"
"4174",526,63,"peace"
"4175",527,63,"peace"
"4176",528,63,"peace"
"4177",457,64,"peace"
"4178",458,64,"peace"
"4179",459,64,"peace"
"4180",460,64,"peace"
"4181",461,64,"peace"
"4182",462,64,"peace"
"4183",463,64,"peace"
"4184",464,64,"peace"
"4185",465,64,"peace"
"4186",466,64,"peace"
"4187",467,64,"peace"
"4188",468,64,"peace"
"4189",469,64,"peace"
"4190",470,64,"peace"
"4191",471,64,"peace"
"4192",472,64,"peace"
"4193",473,64,"peace"
"4194",474,64,"peace"
"4195",475,64,"peace"
"4196",476,64,"peace"
"4197",477,64,"peace"
"4198",478,64,"peace"
"4199",479,64,"peace"
"4200",480,64,"peace"
"4201",481,64,"peace"
"4202",482,64,"peace"
"4203",483,64,"peace"
"4204",484,64,"peace"
"4205",485,64,"peace"
"4206",486,64,"peace"
"4207",487,64,"peace"
"4208",488,64,"peace"
"4209",489,64,"peace"
"4210",490,64,"peace"
"4211",491,64,"peace"
"4212",492,64,"peace"
"4213",493,64,"peace"
"4214",494,64,"peace"
"4215",495,64,"peace"
"4216",496,64,"peace"
"4217",497,64,"peace"
"4218",498,64,"peace"
"4219",499,64,"peace"
"4220",500,64,"peace"
"4221",501,64,"peace"
"4222",502,64,"peace"
"4223",503,64,"peace"
"4224",504,64,"peace"
"4225",505,64,"peace"
"4226",506,64,"peace"
"4227",507,64,"peace"
"4228",508,64,"peace"
"4229",509,64,"peace"
"4230",510,64,"peace"
"4231",511,64,"peace"
"4232",512,64,"peace"
"4233",513,64,"peace"
"4234",514,64,"peace"
"4235",515,64,"peace"
"4236",516,64,"peace"
"4237",517,64,"peace"
"4238",518,64,"peace"
"4239",519,64,"peace"
"4240",520,64,"peace"
"4241",521,64,"peace"
"4242",522,64,"peace"
"4243",523,64,"peace"
"4244",524,64,"peace"
"4245",525,64,"peace"
"4246",526,64,"peace"
"4247",527,64,"peace"
"4248",528,64,"peace"
"4249",457,65,"conflict"
"4250",458,65,"conflict"
"4251",459,65,"conflict"
"4252",460,65,"conflict"
"4253",461,65,"conflict"
"4254",462,65,"deescalation"
"4255",463,65,"conflict"
"4256",464,65,"conflict"
"4257",465,65,"conflict"
"4258",466,65,"conflict"
"4259",467,65,"deescalation"
"4260",468,65,"conflict"
"4261",469,65,"conflict"
"4262",470,65,"conflict"
"4263",471,65,"conflict"
"4264",472,65,"conflict"
"4265",473,65,"deescalation"
"4266",474,65,"conflict"
"4267",475,65,"conflict"
"4268",476,65,"deescalation"
"4269",477,65,"conflict"
"4270",478,65,"deescalation"
"4271",479,65,"deescalation"
"4272",480,65,"conflict"
"4273",481,65,"peace"
"4274",482,65,"peace"
"4275",483,65,"onset"
"4276",484,65,"onset"
"4277",485,65,"onset"
"4278",486,65,"peace"
"4279",487,65,"onset"
"4280",488,65,"onset"
"4281",489,65,"peace"
"4282",490,65,"onset"
"4283",491,65,"peace"
"4284",492,65,"onset"
"4285",493,65,"deescalation"
"4286",494,65,"deescalation"
"4287",495,65,"deescalation"
"4288",496,65,"conflict"
"4289",497,65,"deescalation"
"4290",498,65,"deescalation"
"4291",499,65,"conflict"
"4292",500,65,"deescalation"
"4293",501,65,"deescalation"
"4294",502,65,"deescalation"
"4295",503,65,"deescalation"
"4296",504,65,"deescalation"
"4297",505,65,"peace"
"4298",506,65,"peace"
"4299",507,65,"onset"
"4300",508,65,"onset"
"4301",509,65,"onset"
"4302",510,65,"onset"
"4303",511,65,"onset"
"4304",512,65,"peace"
"4305",513,65,"onset"
"4306",514,65,"onset"
"4307",515,65,"onset"
"4308",516,65,"onset"
"4309",517,65,"conflict"
"4310",518,65,"conflict"
"4311",519,65,"conflict"
"4312",520,65,"conflict"
"4313",521,65,"conflict"
"4314",522,65,"conflict"
"4315",523,65,"conflict"
"4316",524,65,"conflict"
"4317",525,65,"conflict"
"4318",526,65,"conflict"
"4319",527,65,"conflict"
"4320",528,65,"conflict"
"4321",457,66,"peace"
"4322",458,66,"peace"
"4323",459,66,"peace"
"4324",460,66,"peace"
"4325",461,66,"peace"
"4326",462,66,"peace"
"4327",463,66,"peace"
"4328",464,66,"peace"
"4329",465,66,"peace"
"4330",466,66,"peace"
"4331",467,66,"peace"
"4332",468,66,"peace"
"4333",469,66,"peace"
"4334",470,66,"peace"
"4335",471,66,"peace"
"4336",472,66,"peace"
"4337",473,66,"peace"
"4338",474,66,"peace"
"4339",475,66,"peace"
"4340",476,66,"peace"
"4341",477,66,"peace"
"4342",478,66,"peace"
"4343",479,66,"peace"
"4344",480,66,"peace"
"4345",481,66,"peace"
"4346",482,66,"peace"
"4347",483,66,"peace"
"4348",484,66,"peace"
"4349",485,66,"peace"
"4350",486,66,"peace"
"4351",487,66,"peace"
"4352",488,66,"peace"
"4353",489,66,"peace"
"4354",490,66,"peace"
"4355",491,66,"peace"
"4356",492,66,"peace"
"4357",493,66,"peace"
"4358",494,66,"peace"
"4359",495,66,"peace"
"4360",496,66,"peace"
"4361",497,66,"peace"
"4362",498,66,"peace"
"4363",499,66,"peace"
"4364",500,66,"peace"
"4365",501,66,"peace"
"4366",502,66,"peace"
"4367",503,66,"peace"
"4368",504,66,"peace"
"4369",505,66,"peace"
"4370",506,66,"peace"
"4371",507,66,"peace"
"4372",508,66,"peace"
"4373",509,66,"peace"
"4374",510,66,"peace"
"4375",511,66,"peace"
"4376",512,66,"peace"
"4377",513,66,"peace"
"4378",514,66,"peace"
"4379",515,66,"peace"
"4380",516,66,"peace"
"4381",517,66,"peace"
"4382",518,66,"peace"
"4383",519,66,"peace"
"4384",520,66,"peace"
"4385",521,66,"peace"
"4386",522,66,"peace"
"4387",523,66,"peace"
"4388",524,66,"peace"
"4389",525,66,"peace"
"4390",526,66,"peace"
"4391",527,66,"peace"
"4392",528,66,"peace"
"4393",457,67,"onset"
"4394",458,67,"onset"
"4395",459,67,"peace"
"4396",460,67,"onset"
"4397",461,67,"peace"
"4398",462,67,"peace"
"4399",463,67,"onset"
"4400",464,67,"peace"
"4401",465,67,"onset"
"4402",466,67,"peace"
"4403",467,67,"peace"
"4404",468,67,"peace"
"4405",469,67,"peace"
"4406",470,67,"peace"
"4407",471,67,"peace"
"4408",472,67,"peace"
"4409",473,67,"onset"
"4410",474,67,"peace"
"4411",475,67,"peace"
"4412",476,67,"peace"
"4413",477,67,"onset"
"4414",478,67,"onset"
"4415",479,67,"onset"
"4416",480,67,"peace"
"4417",481,67,"conflict"
"4418",482,67,"conflict"
"4419",483,67,"conflict"
"4420",484,67,"conflict"
"4421",485,67,"conflict"
"4422",486,67,"conflict"
"4423",487,67,"conflict"
"4424",488,67,"deescalation"
"4425",489,67,"conflict"
"4426",490,67,"deescalation"
"4427",491,67,"conflict"
"4428",492,67,"conflict"
"4429",493,67,"onset"
"4430",494,67,"peace"
"4431",495,67,"peace"
"4432",496,67,"peace"
"4433",497,67,"onset"
"4434",498,67,"peace"
"4435",499,67,"peace"
"4436",500,67,"onset"
"4437",501,67,"peace"
"4438",502,67,"peace"
"4439",503,67,"peace"
"4440",504,67,"peace"
"4441",505,67,"onset"
"4442",506,67,"onset"
"4443",507,67,"onset"
"4444",508,67,"peace"
"4445",509,67,"peace"
"4446",510,67,"peace"
"4447",511,67,"peace"
"4448",512,67,"peace"
"4449",513,67,"peace"
"4450",514,67,"peace"
"4451",515,67,"peace"
"4452",516,67,"peace"
"4453",517,67,"peace"
"4454",518,67,"peace"
"4455",519,67,"peace"
"4456",520,67,"peace"
"4457",521,67,"onset"
"4458",522,67,"peace"
"4459",523,67,"peace"
"4460",524,67,"peace"
"4461",525,67,"peace"
"4462",526,67,"peace"
"4463",527,67,"peace"
"4464",528,67,"peace"
"4465",457,69,"conflict"
"4466",458,69,"conflict"
"4467",459,69,"conflict"
"4468",460,69,"conflict"
"4469",461,69,"conflict"
"4470",462,69,"conflict"
"4471",463,69,"conflict"
"4472",464,69,"conflict"
"4473",465,69,"conflict"
"4474",466,69,"conflict"
"4475",467,69,"conflict"
"4476",468,69,"conflict"
"4477",469,69,"conflict"
"4478",470,69,"conflict"
"4479",471,69,"conflict"
"4480",472,69,"conflict"
"4481",473,69,"conflict"
"4482",474,69,"conflict"
"4483",475,69,"conflict"
"4484",476,69,"conflict"
"4485",477,69,"conflict"
"4486",478,69,"conflict"
"4487",479,69,"conflict"
"4488",480,69,"conflict"
"4489",481,69,"conflict"
"4490",482,69,"conflict"
"4491",483,69,"conflict"
"4492",484,69,"conflict"
"4493",485,69,"conflict"
"4494",486,69,"conflict"
"4495",487,69,"conflict"
"4496",488,69,"conflict"
"4497",489,69,"conflict"
"4498",490,69,"conflict"
"4499",491,69,"conflict"
"4500",492,69,"conflict"
"4501",493,69,"conflict"
"4502",494,69,"conflict"
"4503",495,69,"conflict"
"4504",496,69,"conflict"
"4505",497,69,"conflict"
"4506",498,69,"conflict"
"4507",499,69,"conflict"
"4508",500,69,"conflict"
"4509",501,69,"conflict"
"4510",502,69,"conflict"
"4511",503,69,"conflict"
"4512",504,69,"conflict"
"4513",505,69,"conflict"
"4514",506,69,"conflict"
"4515",507,69,"conflict"
"4516",508,69,"conflict"
"4517",509,69,"conflict"
"4518",510,69,"conflict"
"4519",511,69,"conflict"
"4520",512,69,"conflict"
"4521",513,69,"conflict"
"4522",514,69,"conflict"
"4523",515,69,"conflict"
"4524",516,69,"conflict"
"4525",517,69,"conflict"
"4526",518,69,"conflict"
"4527",519,69,"conflict"
"4528",520,69,"conflict"
"4529",521,69,"conflict"
"4530",522,69,"conflict"
"4531",523,69,"conflict"
"4532",524,69,"conflict"
"4533",525,69,"conflict"
"4534",526,69,"conflict"
"4535",527,69,"conflict"
"4536",528,69,"conflict"
"4537",457,70,"peace"
"4538",458,70,"peace"
"4539",459,70,"onset"
"4540",460,70,"onset"
"4541",461,70,"onset"
"4542",462,70,"onset"
"4543",463,70,"onset"
"4544",464,70,"onset"
"4545",465,70,"peace"
"4546",466,70,"peace"
"4547",467,70,"onset"
"4548",468,70,"peace"
"4549",469,70,"onset"
"4550",470,70,"peace"
"4551",471,70,"peace"
"4552",472,70,"onset"
"4553",473,70,"peace"
"4554",474,70,"peace"
"4555",475,70,"peace"
"4556",476,70,"peace"
"4557",477,70,"onset"
"4558",478,70,"onset"
"4559",479,70,"onset"
"4560",480,70,"peace"
"4561",481,70,"conflict"
"4562",482,70,"conflict"
"4563",483,70,"conflict"
"4564",484,70,"deescalation"
"4565",485,70,"conflict"
"4566",486,70,"deescalation"
"4567",487,70,"deescalation"
"4568",488,70,"conflict"
"4569",489,70,"deescalation"
"4570",490,70,"deescalation"
"4571",491,70,"deescalation"
"4572",492,70,"conflict"
"4573",493,70,"onset"
"4574",494,70,"onset"
"4575",495,70,"onset"
"4576",496,70,"onset"
"4577",497,70,"onset"
"4578",498,70,"onset"
"4579",499,70,"onset"
"4580",500,70,"onset"
"4581",501,70,"onset"
"4582",502,70,"onset"
"4583",503,70,"onset"
"4584",504,70,"onset"
"4585",505,70,"conflict"
"4586",506,70,"conflict"
"4587",507,70,"conflict"
"4588",508,70,"conflict"
"4589",509,70,"conflict"
"4590",510,70,"conflict"
"4591",511,70,"conflict"
"4592",512,70,"conflict"
"4593",513,70,"deescalation"
"4594",514,70,"conflict"
"4595",515,70,"conflict"
"4596",516,70,"conflict"
"4597",517,70,"conflict"
"4598",518,70,"conflict"
"4599",519,70,"conflict"
"4600",520,70,"conflict"
"4601",521,70,"conflict"
"4602",522,70,"conflict"
"4603",523,70,"conflict"
"4604",524,70,"conflict"
"4605",525,70,"conflict"
"4606",526,70,"conflict"
"4607",527,70,"conflict"
"4608",528,70,"conflict"
"4609",457,73,"onset"
"4610",458,73,"peace"
"4611",459,73,"onset"
"4612",460,73,"onset"
"4613",461,73,"onset"
"4614",462,73,"peace"
"4615",463,73,"onset"
"4616",464,73,"peace"
"4617",465,73,"onset"
"4618",466,73,"onset"
"4619",467,73,"peace"
"4620",468,73,"onset"
"4621",469,73,"deescalation"
"4622",470,73,"deescalation"
"4623",471,73,"conflict"
"4624",472,73,"conflict"
"4625",473,73,"conflict"
"4626",474,73,"conflict"
"4627",475,73,"conflict"
"4628",476,73,"conflict"
"4629",477,73,"conflict"
"4630",478,73,"conflict"
"4631",479,73,"deescalation"
"4632",480,73,"deescalation"
"4633",481,73,"conflict"
"4634",482,73,"conflict"
"4635",483,73,"conflict"
"4636",484,73,"conflict"
"4637",485,73,"deescalation"
"4638",486,73,"deescalation"
"4639",487,73,"deescalation"
"4640",488,73,"deescalation"
"4641",489,73,"conflict"
"4642",490,73,"deescalation"
"4643",491,73,"deescalation"
"4644",492,73,"deescalation"
"4645",493,73,"onset"
"4646",494,73,"onset"
"4647",495,73,"onset"
"4648",496,73,"onset"
"4649",497,73,"onset"
"4650",498,73,"onset"
"4651",499,73,"peace"
"4652",500,73,"peace"
"4653",501,73,"peace"
"4654",502,73,"peace"
"4655",503,73,"peace"
"4656",504,73,"peace"
"4657",505,73,"peace"
"4658",506,73,"peace"
"4659",507,73,"peace"
"4660",508,73,"peace"
"4661",509,73,"peace"
"4662",510,73,"peace"
"4663",511,73,"peace"
"4664",512,73,"peace"
"4665",513,73,"onset"
"4666",514,73,"peace"
"4667",515,73,"peace"
"4668",516,73,"peace"
"4669",517,73,"peace"
"4670",518,73,"peace"
"4671",519,73,"peace"
"4672",520,73,"peace"
"4673",521,73,"peace"
"4674",522,73,"peace"
"4675",523,73,"peace"
"4676",524,73,"peace"
"4677",525,73,"peace"
"4678",526,73,"peace"
"4679",527,73,"peace"
"4680",528,73,"onset"
"4681",457,74,"peace"
"4682",458,74,"peace"
"4683",459,74,"peace"
"4684",460,74,"peace"
"4685",461,74,"peace"
"4686",462,74,"peace"
"4687",463,74,"peace"
"4688",464,74,"peace"
"4689",465,74,"peace"
"4690",466,74,"peace"
"4691",467,74,"peace"
"4692",468,74,"peace"
"4693",469,74,"peace"
"4694",470,74,"peace"
"4695",471,74,"peace"
"4696",472,74,"peace"
"4697",473,74,"peace"
"4698",474,74,"peace"
"4699",475,74,"peace"
"4700",476,74,"peace"
"4701",477,74,"peace"
"4702",478,74,"peace"
"4703",479,74,"peace"
"4704",480,74,"peace"
"4705",481,74,"peace"
"4706",482,74,"onset"
"4707",483,74,"peace"
"4708",484,74,"peace"
"4709",485,74,"peace"
"4710",486,74,"peace"
"4711",487,74,"peace"
"4712",488,74,"peace"
"4713",489,74,"peace"
"4714",490,74,"peace"
"4715",491,74,"peace"
"4716",492,74,"peace"
"4717",493,74,"peace"
"4718",494,74,"peace"
"4719",495,74,"onset"
"4720",496,74,"peace"
"4721",497,74,"peace"
"4722",498,74,"peace"
"4723",499,74,"peace"
"4724",500,74,"peace"
"4725",501,74,"peace"
"4726",502,74,"peace"
"4727",503,74,"onset"
"4728",504,74,"onset"
"4729",505,74,"onset"
"4730",506,74,"onset"
"4731",507,74,"peace"
"4732",508,74,"onset"
"4733",509,74,"peace"
"4734",510,74,"onset"
"4735",511,74,"peace"
"4736",512,74,"peace"
"4737",513,74,"peace"
"4738",514,74,"onset"
"4739",515,74,"onset"
"4740",516,74,"peace"
"4741",517,74,"conflict"
"4742",518,74,"conflict"
"4743",519,74,"conflict"
"4744",520,74,"deescalation"
"4745",521,74,"conflict"
"4746",522,74,"deescalation"
"4747",523,74,"deescalation"
"4748",524,74,"conflict"
"4749",525,74,"conflict"
"4750",526,74,"deescalation"
"4751",527,74,"conflict"
"4752",528,74,"conflict"
"4753",457,76,"peace"
"4754",458,76,"peace"
"4755",459,76,"peace"
"4756",460,76,"peace"
"4757",461,76,"peace"
"4758",462,76,"peace"
"4759",463,76,"peace"
"4760",464,76,"peace"
"4761",465,76,"peace"
"4762",466,76,"peace"
"4763",467,76,"peace"
"4764",468,76,"peace"
"4765",469,76,"peace"
"4766",470,76,"peace"
"4767",471,76,"peace"
"4768",472,76,"peace"
"4769",473,76,"peace"
"4770",474,76,"peace"
"4771",475,76,"peace"
"4772",476,76,"peace"
"4773",477,76,"peace"
"4774",478,76,"peace"
"4775",479,76,"peace"
"4776",480,76,"peace"
"4777",481,76,"peace"
"4778",482,76,"peace"
"4779",483,76,"peace"
"4780",484,76,"peace"
"4781",485,76,"peace"
"4782",486,76,"peace"
"4783",487,76,"peace"
"4784",488,76,"peace"
"4785",489,76,"peace"
"4786",490,76,"peace"
"4787",491,76,"peace"
"4788",492,76,"peace"
"4789",493,76,"peace"
"4790",494,76,"peace"
"4791",495,76,"peace"
"4792",496,76,"peace"
"4793",497,76,"peace"
"4794",498,76,"peace"
"4795",499,76,"peace"
"4796",500,76,"peace"
"4797",501,76,"peace"
"4798",502,76,"peace"
"4799",503,76,"peace"
"4800",504,76,"peace"
"4801",505,76,"peace"
"4802",506,76,"peace"
"4803",507,76,"peace"
"4804",508,76,"peace"
"4805",509,76,"peace"
"4806",510,76,"peace"
"4807",511,76,"peace"
"4808",512,76,"peace"
"4809",513,76,"peace"
"4810",514,76,"peace"
"4811",515,76,"peace"
"4812",516,76,"peace"
"4813",517,76,"peace"
"4814",518,76,"peace"
"4815",519,76,"peace"
"4816",520,76,"peace"
"4817",521,76,"peace"
"4818",522,76,"peace"
"4819",523,76,"peace"
"4820",524,76,"peace"
"4821",525,76,"peace"
"4822",526,76,"peace"
"4823",527,76,"peace"
"4824",528,76,"peace"
"4825",457,77,"peace"
"4826",458,77,"peace"
"4827",459,77,"peace"
"4828",460,77,"peace"
"4829",461,77,"peace"
"4830",462,77,"peace"
"4831",463,77,"peace"
"4832",464,77,"peace"
"4833",465,77,"peace"
"4834",466,77,"peace"
"4835",467,77,"peace"
"4836",468,77,"peace"
"4837",469,77,"peace"
"4838",470,77,"peace"
"4839",471,77,"peace"
"4840",472,77,"peace"
"4841",473,77,"peace"
"4842",474,77,"peace"
"4843",475,77,"peace"
"4844",476,77,"peace"
"4845",477,77,"peace"
"4846",478,77,"peace"
"4847",479,77,"peace"
"4848",480,77,"peace"
"4849",481,77,"peace"
"4850",482,77,"peace"
"4851",483,77,"peace"
"4852",484,77,"peace"
"4853",485,77,"peace"
"4854",486,77,"peace"
"4855",487,77,"peace"
"4856",488,77,"peace"
"4857",489,77,"peace"
"4858",490,77,"peace"
"4859",491,77,"peace"
"4860",492,77,"peace"
"4861",493,77,"peace"
"4862",494,77,"peace"
"4863",495,77,"peace"
"4864",496,77,"peace"
"4865",497,77,"peace"
"4866",498,77,"peace"
"4867",499,77,"peace"
"4868",500,77,"peace"
"4869",501,77,"peace"
"4870",502,77,"peace"
"4871",503,77,"peace"
"4872",504,77,"peace"
"4873",505,77,"peace"
"4874",506,77,"peace"
"4875",507,77,"peace"
"4876",508,77,"peace"
"4877",509,77,"peace"
"4878",510,77,"peace"
"4879",511,77,"peace"
"4880",512,77,"peace"
"4881",513,77,"peace"
"4882",514,77,"peace"
"4883",515,77,"peace"
"4884",516,77,"peace"
"4885",517,77,"peace"
"4886",518,77,"peace"
"4887",519,77,"peace"
"4888",520,77,"peace"
"4889",521,77,"peace"
"4890",522,77,"peace"
"4891",523,77,"peace"
"4892",524,77,"peace"
"4893",525,77,"peace"
"4894",526,77,"peace"
"4895",527,77,"peace"
"4896",528,77,"peace"
"4897",457,78,"conflict"
"4898",458,78,"deescalation"
"4899",459,78,"conflict"
"4900",460,78,"deescalation"
"4901",461,78,"deescalation"
"4902",462,78,"deescalation"
"4903",463,78,"conflict"
"4904",464,78,"deescalation"
"4905",465,78,"deescalation"
"4906",466,78,"deescalation"
"4907",467,78,"conflict"
"4908",468,78,"conflict"
"4909",469,78,"onset"
"4910",470,78,"onset"
"4911",471,78,"onset"
"4912",472,78,"onset"
"4913",473,78,"onset"
"4914",474,78,"onset"
"4915",475,78,"onset"
"4916",476,78,"onset"
"4917",477,78,"peace"
"4918",478,78,"onset"
"4919",479,78,"onset"
"4920",480,78,"onset"
"4921",481,78,"conflict"
"4922",482,78,"conflict"
"4923",483,78,"conflict"
"4924",484,78,"conflict"
"4925",485,78,"conflict"
"4926",486,78,"deescalation"
"4927",487,78,"conflict"
"4928",488,78,"deescalation"
"4929",489,78,"deescalation"
"4930",490,78,"deescalation"
"4931",491,78,"conflict"
"4932",492,78,"conflict"
"4933",493,78,"onset"
"4934",494,78,"onset"
"4935",495,78,"onset"
"4936",496,78,"onset"
"4937",497,78,"onset"
"4938",498,78,"onset"
"4939",499,78,"onset"
"4940",500,78,"onset"
"4941",501,78,"onset"
"4942",502,78,"onset"
"4943",503,78,"onset"
"4944",504,78,"onset"
"4945",505,78,"conflict"
"4946",506,78,"conflict"
"4947",507,78,"conflict"
"4948",508,78,"conflict"
"4949",509,78,"conflict"
"4950",510,78,"conflict"
"4951",511,78,"conflict"
"4952",512,78,"conflict"
"4953",513,78,"conflict"
"4954",514,78,"conflict"
"4955",515,78,"conflict"
"4956",516,78,"conflict"
"4957",517,78,"conflict"
"4958",518,78,"conflict"
"4959",519,78,"conflict"
"4960",520,78,"conflict"
"4961",521,78,"conflict"
"4962",522,78,"conflict"
"4963",523,78,"conflict"
"4964",524,78,"conflict"
"4965",525,78,"conflict"
"4966",526,78,"conflict"
"4967",527,78,"conflict"
"4968",528,78,"conflict"
"4969",457,79,"conflict"
"4970",458,79,"conflict"
"4971",459,79,"conflict"
"4972",460,79,"conflict"
"4973",461,79,"conflict"
"4974",462,79,"conflict"
"4975",463,79,"conflict"
"4976",464,79,"conflict"
"4977",465,79,"conflict"
"4978",466,79,"conflict"
"4979",467,79,"conflict"
"4980",468,79,"conflict"
"4981",469,79,"conflict"
"4982",470,79,"conflict"
"4983",471,79,"conflict"
"4984",472,79,"conflict"
"4985",473,79,"conflict"
"4986",474,79,"conflict"
"4987",475,79,"conflict"
"4988",476,79,"conflict"
"4989",477,79,"conflict"
"4990",478,79,"conflict"
"4991",479,79,"conflict"
"4992",480,79,"conflict"
"4993",481,79,"conflict"
"4994",482,79,"conflict"
"4995",483,79,"conflict"
"4996",484,79,"conflict"
"4997",485,79,"conflict"
"4998",486,79,"conflict"
"4999",487,79,"conflict"
"5000",488,79,"conflict"
"5001",489,79,"conflict"
"5002",490,79,"conflict"
"5003",491,79,"conflict"
"5004",492,79,"conflict"
"5005",493,79,"conflict"
"5006",494,79,"conflict"
"5007",495,79,"conflict"
"5008",496,79,"conflict"
"5009",497,79,"conflict"
"5010",498,79,"conflict"
"5011",499,79,"conflict"
"5012",500,79,"conflict"
"5013",501,79,"conflict"
"5014",502,79,"conflict"
"5015",503,79,"conflict"
"5016",504,79,"conflict"
"5017",505,79,"conflict"
"5018",506,79,"conflict"
"5019",507,79,"conflict"
"5020",508,79,"conflict"
"5021",509,79,"conflict"
"5022",510,79,"conflict"
"5023",511,79,"conflict"
"5024",512,79,"conflict"
"5025",513,79,"conflict"
"5026",514,79,"conflict"
"5027",515,79,"conflict"
"5028",516,79,"conflict"
"5029",517,79,"conflict"
"5030",518,79,"conflict"
"5031",519,79,"conflict"
"5032",520,79,"conflict"
"5033",521,79,"conflict"
"5034",522,79,"conflict"
"5035",523,79,"conflict"
"5036",524,79,"conflict"
"5037",525,79,"conflict"
"5038",526,79,"conflict"
"5039",527,79,"conflict"
"5040",528,79,"conflict"
"5041",457,80,"peace"
"5042",458,80,"peace"
"5043",459,80,"peace"
"5044",460,80,"peace"
"5045",461,80,"peace"
"5046",462,80,"peace"
"5047",463,80,"peace"
"5048",464,80,"peace"
"5049",465,80,"peace"
"5050",466,80,"peace"
"5051",467,80,"peace"
"5052",468,80,"peace"
"5053",469,80,"peace"
"5054",470,80,"peace"
"5055",471,80,"peace"
"5056",472,80,"peace"
"5057",473,80,"peace"
"5058",474,80,"peace"
"5059",475,80,"peace"
"5060",476,80,"peace"
"5061",477,80,"peace"
"5062",478,80,"peace"
"5063",479,80,"peace"
"5064",480,80,"peace"
"5065",481,80,"peace"
"5066",482,80,"peace"
"5067",483,80,"peace"
"5068",484,80,"peace"
"5069",485,80,"peace"
"5070",486,80,"peace"
"5071",487,80,"peace"
"5072",488,80,"peace"
"5073",489,80,"peace"
"5074",490,80,"peace"
"5075",491,80,"peace"
"5076",492,80,"peace"
"5077",493,80,"peace"
"5078",494,80,"peace"
"5079",495,80,"peace"
"5080",496,80,"peace"
"5081",497,80,"peace"
"5082",498,80,"peace"
"5083",499,80,"peace"
"5084",500,80,"peace"
"5085",501,80,"peace"
"5086",502,80,"peace"
"5087",503,80,"peace"
"5088",504,80,"peace"
"5089",505,80,"peace"
"5090",506,80,"peace"
"5091",507,80,"peace"
"5092",508,80,"peace"
"5093",509,80,"peace"
"5094",510,80,"peace"
"5095",511,80,"peace"
"5096",512,80,"peace"
"5097",513,80,"peace"
"5098",514,80,"peace"
"5099",515,80,"peace"
"5100",516,80,"peace"
"5101",517,80,"peace"
"5102",518,80,"peace"
"5103",519,80,"peace"
"5104",520,80,"peace"
"5105",521,80,"peace"
"5106",522,80,"peace"
"5107",523,80,"peace"
"5108",524,80,"peace"
"5109",525,80,"peace"
"5110",526,80,"peace"
"5111",527,80,"peace"
"5112",528,80,"peace"
"5113",457,81,"peace"
"5114",458,81,"peace"
"5115",459,81,"peace"
"5116",460,81,"peace"
"5117",461,81,"peace"
"5118",462,81,"peace"
"5119",463,81,"peace"
"5120",464,81,"peace"
"5121",465,81,"peace"
"5122",466,81,"peace"
"5123",467,81,"peace"
"5124",468,81,"peace"
"5125",469,81,"peace"
"5126",470,81,"peace"
"5127",471,81,"peace"
"5128",472,81,"peace"
"5129",473,81,"peace"
"5130",474,81,"peace"
"5131",475,81,"peace"
"5132",476,81,"peace"
"5133",477,81,"peace"
"5134",478,81,"peace"
"5135",479,81,"peace"
"5136",480,81,"peace"
"5137",481,81,"peace"
"5138",482,81,"peace"
"5139",483,81,"peace"
"5140",484,81,"peace"
"5141",485,81,"peace"
"5142",486,81,"peace"
"5143",487,81,"peace"
"5144",488,81,"peace"
"5145",489,81,"peace"
"5146",490,81,"peace"
"5147",491,81,"peace"
"5148",492,81,"peace"
"5149",493,81,"peace"
"5150",494,81,"peace"
"5151",495,81,"peace"
"5152",496,81,"peace"
"5153",497,81,"peace"
"5154",498,81,"peace"
"5155",499,81,"peace"
"5156",500,81,"peace"
"5157",501,81,"peace"
"5158",502,81,"peace"
"5159",503,81,"peace"
"5160",504,81,"peace"
"5161",505,81,"peace"
"5162",506,81,"peace"
"5163",507,81,"peace"
"5164",508,81,"peace"
"5165",509,81,"onset"
"5166",510,81,"peace"
"5167",511,81,"onset"
"5168",512,81,"peace"
"5169",513,81,"peace"
"5170",514,81,"peace"
"5171",515,81,"onset"
"5172",516,81,"peace"
"5173",517,81,"onset"
"5174",518,81,"onset"
"5175",519,81,"onset"
"5176",520,81,"peace"
"5177",521,81,"peace"
"5178",522,81,"onset"
"5179",523,81,"onset"
"5180",524,81,"peace"
"5181",525,81,"peace"
"5182",526,81,"peace"
"5183",527,81,"onset"
"5184",528,81,"peace"
"5185",457,82,"peace"
"5186",458,82,"peace"
"5187",459,82,"peace"
"5188",460,82,"peace"
"5189",461,82,"peace"
"5190",462,82,"peace"
"5191",463,82,"peace"
"5192",464,82,"peace"
"5193",465,82,"peace"
"5194",466,82,"peace"
"5195",467,82,"peace"
"5196",468,82,"peace"
"5197",469,82,"peace"
"5198",470,82,"peace"
"5199",471,82,"peace"
"5200",472,82,"peace"
"5201",473,82,"peace"
"5202",474,82,"peace"
"5203",475,82,"peace"
"5204",476,82,"peace"
"5205",477,82,"peace"
"5206",478,82,"peace"
"5207",479,82,"peace"
"5208",480,82,"peace"
"5209",481,82,"peace"
"5210",482,82,"peace"
"5211",483,82,"peace"
"5212",484,82,"peace"
"5213",485,82,"peace"
"5214",486,82,"peace"
"5215",487,82,"peace"
"5216",488,82,"peace"
"5217",489,82,"peace"
"5218",490,82,"peace"
"5219",491,82,"peace"
"5220",492,82,"peace"
"5221",493,82,"peace"
"5222",494,82,"peace"
"5223",495,82,"peace"
"5224",496,82,"peace"
"5225",497,82,"peace"
"5226",498,82,"peace"
"5227",499,82,"peace"
"5228",500,82,"peace"
"5229",501,82,"peace"
"5230",502,82,"peace"
"5231",503,82,"peace"
"5232",504,82,"peace"
"5233",505,82,"peace"
"5234",506,82,"peace"
"5235",507,82,"peace"
"5236",508,82,"peace"
"5237",509,82,"peace"
"5238",510,82,"peace"
"5239",511,82,"peace"
"5240",512,82,"peace"
"5241",513,82,"peace"
"5242",514,82,"peace"
"5243",515,82,"peace"
"5244",516,82,"peace"
"5245",517,82,"peace"
"5246",518,82,"peace"
"5247",519,82,"peace"
"5248",520,82,"peace"
"5249",521,82,"peace"
"5250",522,82,"peace"
"5251",523,82,"peace"
"5252",524,82,"peace"
"5253",525,82,"peace"
"5254",526,82,"peace"
"5255",527,82,"peace"
"5256",528,82,"peace"
"5257",457,83,"peace"
"5258",458,83,"peace"
"5259",459,83,"peace"
"5260",460,83,"peace"
"5261",461,83,"peace"
"5262",462,83,"peace"
"5263",463,83,"peace"
"5264",464,83,"peace"
"5265",465,83,"peace"
"5266",466,83,"peace"
"5267",467,83,"peace"
"5268",468,83,"peace"
"5269",469,83,"peace"
"5270",470,83,"peace"
"5271",471,83,"peace"
"5272",472,83,"peace"
"5273",473,83,"peace"
"5274",474,83,"peace"
"5275",475,83,"peace"
"5276",476,83,"peace"
"5277",477,83,"peace"
"5278",478,83,"peace"
"5279",479,83,"peace"
"5280",480,83,"peace"
"5281",481,83,"peace"
"5282",482,83,"peace"
"5283",483,83,"peace"
"5284",484,83,"peace"
"5285",485,83,"peace"
"5286",486,83,"peace"
"5287",487,83,"peace"
"5288",488,83,"peace"
"5289",489,83,"peace"
"5290",490,83,"peace"
"5291",491,83,"peace"
"5292",492,83,"peace"
"5293",493,83,"peace"
"5294",494,83,"peace"
"5295",495,83,"peace"
"5296",496,83,"peace"
"5297",497,83,"peace"
"5298",498,83,"peace"
"5299",499,83,"peace"
"5300",500,83,"peace"
"5301",501,83,"peace"
"5302",502,83,"peace"
"5303",503,83,"peace"
"5304",504,83,"peace"
"5305",505,83,"peace"
"5306",506,83,"peace"
"5307",507,83,"peace"
"5308",508,83,"peace"
"5309",509,83,"peace"
"5310",510,83,"peace"
"5311",511,83,"peace"
"5312",512,83,"peace"
"5313",513,83,"peace"
"5314",514,83,"peace"
"5315",515,83,"peace"
"5316",516,83,"peace"
"5317",517,83,"peace"
"5318",518,83,"peace"
"5319",519,83,"peace"
"5320",520,83,"peace"
"5321",521,83,"peace"
"5322",522,83,"peace"
"5323",523,83,"peace"
"5324",524,83,"peace"
"5325",525,83,"peace"
"5326",526,83,"peace"
"5327",527,83,"peace"
"5328",528,83,"peace"
"5329",457,84,"peace"
"5330",458,84,"peace"
"5331",459,84,"peace"
"5332",460,84,"peace"
"5333",461,84,"peace"
"5334",462,84,"peace"
"5335",463,84,"peace"
"5336",464,84,"peace"
"5337",465,84,"peace"
"5338",466,84,"peace"
"5339",467,84,"peace"
"5340",468,84,"peace"
"5341",469,84,"peace"
"5342",470,84,"peace"
"5343",471,84,"peace"
"5344",472,84,"peace"
"5345",473,84,"peace"
"5346",474,84,"peace"
"5347",475,84,"peace"
"5348",476,84,"peace"
"5349",477,84,"peace"
"5350",478,84,"peace"
"5351",479,84,"peace"
"5352",480,84,"peace"
"5353",481,84,"peace"
"5354",482,84,"peace"
"5355",483,84,"peace"
"5356",484,84,"peace"
"5357",485,84,"peace"
"5358",486,84,"peace"
"5359",487,84,"peace"
"5360",488,84,"peace"
"5361",489,84,"peace"
"5362",490,84,"peace"
"5363",491,84,"peace"
"5364",492,84,"peace"
"5365",493,84,"peace"
"5366",494,84,"peace"
"5367",495,84,"peace"
"5368",496,84,"peace"
"5369",497,84,"peace"
"5370",498,84,"peace"
"5371",499,84,"peace"
"5372",500,84,"peace"
"5373",501,84,"peace"
"5374",502,84,"peace"
"5375",503,84,"peace"
"5376",504,84,"peace"
"5377",505,84,"peace"
"5378",506,84,"peace"
"5379",507,84,"peace"
"5380",508,84,"peace"
"5381",509,84,"peace"
"5382",510,84,"peace"
"5383",511,84,"peace"
"5384",512,84,"peace"
"5385",513,84,"peace"
"5386",514,84,"peace"
"5387",515,84,"peace"
"5388",516,84,"peace"
"5389",517,84,"peace"
"5390",518,84,"peace"
"5391",519,84,"peace"
"5392",520,84,"peace"
"5393",521,84,"peace"
"5394",522,84,"peace"
"5395",523,84,"peace"
"5396",524,84,"peace"
"5397",525,84,"peace"
"5398",526,84,"peace"
"5399",527,84,"peace"
"5400",528,84,"peace"
"5401",457,85,"peace"
"5402",458,85,"peace"
"5403",459,85,"peace"
"5404",460,85,"peace"
"5405",461,85,"peace"
"5406",462,85,"peace"
"5407",463,85,"peace"
"5408",464,85,"peace"
"5409",465,85,"peace"
"5410",466,85,"peace"
"5411",467,85,"peace"
"5412",468,85,"peace"
"5413",469,85,"peace"
"5414",470,85,"peace"
"5415",471,85,"peace"
"5416",472,85,"peace"
"5417",473,85,"peace"
"5418",474,85,"peace"
"5419",475,85,"peace"
"5420",476,85,"peace"
"5421",477,85,"peace"
"5422",478,85,"peace"
"5423",479,85,"peace"
"5424",480,85,"peace"
"5425",481,85,"peace"
"5426",482,85,"peace"
"5427",483,85,"peace"
"5428",484,85,"peace"
"5429",485,85,"peace"
"5430",486,85,"peace"
"5431",487,85,"peace"
"5432",488,85,"peace"
"5433",489,85,"peace"
"5434",490,85,"peace"
"5435",491,85,"peace"
"5436",492,85,"peace"
"5437",493,85,"peace"
"5438",494,85,"peace"
"5439",495,85,"peace"
"5440",496,85,"peace"
"5441",497,85,"peace"
"5442",498,85,"peace"
"5443",499,85,"peace"
"5444",500,85,"peace"
"5445",501,85,"peace"
"5446",502,85,"peace"
"5447",503,85,"peace"
"5448",504,85,"peace"
"5449",505,85,"peace"
"5450",506,85,"peace"
"5451",507,85,"peace"
"5452",508,85,"peace"
"5453",509,85,"peace"
"5454",510,85,"peace"
"5455",511,85,"peace"
"5456",512,85,"peace"
"5457",513,85,"peace"
"5458",514,85,"peace"
"5459",515,85,"peace"
"5460",516,85,"peace"
"5461",517,85,"peace"
"5462",518,85,"peace"
"5463",519,85,"peace"
"5464",520,85,"peace"
"5465",521,85,"peace"
"5466",522,85,"peace"
"5467",523,85,"peace"
"5468",524,85,"peace"
"5469",525,85,"peace"
"5470",526,85,"peace"
"5471",527,85,"peace"
"5472",528,85,"peace"
"5473",457,86,"peace"
"5474",458,86,"peace"
"5475",459,86,"peace"
"5476",460,86,"peace"
"5477",461,86,"peace"
"5478",462,86,"peace"
"5479",463,86,"peace"
"5480",464,86,"peace"
"5481",465,86,"peace"
"5482",466,86,"peace"
"5483",467,86,"peace"
"5484",468,86,"peace"
"5485",469,86,"peace"
"5486",470,86,"peace"
"5487",471,86,"peace"
"5488",472,86,"peace"
"5489",473,86,"peace"
"5490",474,86,"peace"
"5491",475,86,"peace"
"5492",476,86,"peace"
"5493",477,86,"peace"
"5494",478,86,"peace"
"5495",479,86,"peace"
"5496",480,86,"peace"
"5497",481,86,"peace"
"5498",482,86,"peace"
"5499",483,86,"peace"
"5500",484,86,"peace"
"5501",485,86,"peace"
"5502",486,86,"peace"
"5503",487,86,"peace"
"5504",488,86,"peace"
"5505",489,86,"peace"
"5506",490,86,"peace"
"5507",491,86,"peace"
"5508",492,86,"peace"
"5509",493,86,"peace"
"5510",494,86,"peace"
"5511",495,86,"peace"
"5512",496,86,"peace"
"5513",497,86,"peace"
"5514",498,86,"peace"
"5515",499,86,"peace"
"5516",500,86,"peace"
"5517",501,86,"peace"
"5518",502,86,"peace"
"5519",503,86,"peace"
"5520",504,86,"peace"
"5521",505,86,"peace"
"5522",506,86,"peace"
"5523",507,86,"peace"
"5524",508,86,"peace"
"5525",509,86,"peace"
"5526",510,86,"peace"
"5527",511,86,"peace"
"5528",512,86,"peace"
"5529",513,86,"peace"
"5530",514,86,"peace"
"5531",515,86,"peace"
"5532",516,86,"peace"
"5533",517,86,"peace"
"5534",518,86,"peace"
"5535",519,86,"peace"
"5536",520,86,"peace"
"5537",521,86,"peace"
"5538",522,86,"peace"
"5539",523,86,"peace"
"5540",524,86,"peace"
"5541",525,86,"peace"
"5542",526,86,"peace"
"5543",527,86,"peace"
"5544",528,86,"peace"
"5545",457,87,"peace"
"5546",458,87,"peace"
"5547",459,87,"peace"
"5548",460,87,"peace"
"5549",461,87,"peace"
"5550",462,87,"peace"
"5551",463,87,"peace"
"5552",464,87,"peace"
"5553",465,87,"peace"
"5554",466,87,"peace"
"5555",467,87,"peace"
"5556",468,87,"peace"
"5557",469,87,"peace"
"5558",470,87,"peace"
"5559",471,87,"peace"
"5560",472,87,"peace"
"5561",473,87,"peace"
"5562",474,87,"peace"
"5563",475,87,"peace"
"5564",476,87,"peace"
"5565",477,87,"peace"
"5566",478,87,"peace"
"5567",479,87,"peace"
"5568",480,87,"peace"
"5569",481,87,"peace"
"5570",482,87,"peace"
"5571",483,87,"peace"
"5572",484,87,"peace"
"5573",485,87,"peace"
"5574",486,87,"peace"
"5575",487,87,"peace"
"5576",488,87,"peace"
"5577",489,87,"peace"
"5578",490,87,"peace"
"5579",491,87,"peace"
"5580",492,87,"peace"
"5581",493,87,"peace"
"5582",494,87,"peace"
"5583",495,87,"peace"
"5584",496,87,"peace"
"5585",497,87,"peace"
"5586",498,87,"peace"
"5587",499,87,"peace"
"5588",500,87,"peace"
"5589",501,87,"peace"
"5590",502,87,"peace"
"5591",503,87,"peace"
"5592",504,87,"peace"
"5593",505,87,"peace"
"5594",506,87,"peace"
"5595",507,87,"peace"
"5596",508,87,"peace"
"5597",509,87,"peace"
"5598",510,87,"peace"
"5599",511,87,"peace"
"5600",512,87,"peace"
"5601",513,87,"peace"
"5602",514,87,"peace"
"5603",515,87,"peace"
"5604",516,87,"peace"
"5605",517,87,"peace"
"5606",518,87,"peace"
"5607",519,87,"peace"
"5608",520,87,"peace"
"5609",521,87,"peace"
"5610",522,87,"peace"
"5611",523,87,"peace"
"5612",524,87,"peace"
"5613",525,87,"peace"
"5614",526,87,"peace"
"5615",527,87,"peace"
"5616",528,87,"peace"
"5617",457,89,"peace"
"5618",458,89,"peace"
"5619",459,89,"peace"
"5620",460,89,"peace"
"5621",461,89,"peace"
"5622",462,89,"peace"
"5623",463,89,"peace"
"5624",464,89,"peace"
"5625",465,89,"peace"
"5626",466,89,"peace"
"5627",467,89,"peace"
"5628",468,89,"peace"
"5629",469,89,"peace"
"5630",470,89,"peace"
"5631",471,89,"peace"
"5632",472,89,"peace"
"5633",473,89,"peace"
"5634",474,89,"peace"
"5635",475,89,"peace"
"5636",476,89,"peace"
"5637",477,89,"peace"
"5638",478,89,"peace"
"5639",479,89,"peace"
"5640",480,89,"peace"
"5641",481,89,"peace"
"5642",482,89,"peace"
"5643",483,89,"peace"
"5644",484,89,"peace"
"5645",485,89,"peace"
"5646",486,89,"peace"
"5647",487,89,"peace"
"5648",488,89,"peace"
"5649",489,89,"peace"
"5650",490,89,"peace"
"5651",491,89,"peace"
"5652",492,89,"peace"
"5653",493,89,"peace"
"5654",494,89,"peace"
"5655",495,89,"peace"
"5656",496,89,"peace"
"5657",497,89,"peace"
"5658",498,89,"peace"
"5659",499,89,"peace"
"5660",500,89,"peace"
"5661",501,89,"peace"
"5662",502,89,"peace"
"5663",503,89,"peace"
"5664",504,89,"peace"
"5665",505,89,"peace"
"5666",506,89,"peace"
"5667",507,89,"peace"
"5668",508,89,"peace"
"5669",509,89,"peace"
"5670",510,89,"peace"
"5671",511,89,"peace"
"5672",512,89,"peace"
"5673",513,89,"peace"
"5674",514,89,"peace"
"5675",515,89,"peace"
"5676",516,89,"peace"
"5677",517,89,"peace"
"5678",518,89,"peace"
"5679",519,89,"peace"
"5680",520,89,"peace"
"5681",521,89,"peace"
"5682",522,89,"peace"
"5683",523,89,"peace"
"5684",524,89,"peace"
"5685",525,89,"peace"
"5686",526,89,"peace"
"5687",527,89,"peace"
"5688",528,89,"peace"
"5689",457,90,"peace"
"5690",458,90,"peace"
"5691",459,90,"peace"
"5692",460,90,"peace"
"5693",461,90,"peace"
"5694",462,90,"peace"
"5695",463,90,"peace"
"5696",464,90,"peace"
"5697",465,90,"peace"
"5698",466,90,"peace"
"5699",467,90,"peace"
"5700",468,90,"peace"
"5701",469,90,"peace"
"5702",470,90,"peace"
"5703",471,90,"peace"
"5704",472,90,"peace"
"5705",473,90,"peace"
"5706",474,90,"peace"
"5707",475,90,"peace"
"5708",476,90,"peace"
"5709",477,90,"peace"
"5710",478,90,"peace"
"5711",479,90,"peace"
"5712",480,90,"peace"
"5713",481,90,"peace"
"5714",482,90,"peace"
"5715",483,90,"peace"
"5716",484,90,"peace"
"5717",485,90,"peace"
"5718",486,90,"peace"
"5719",487,90,"peace"
"5720",488,90,"peace"
"5721",489,90,"peace"
"5722",490,90,"peace"
"5723",491,90,"peace"
"5724",492,90,"peace"
"5725",493,90,"peace"
"5726",494,90,"peace"
"5727",495,90,"peace"
"5728",496,90,"peace"
"5729",497,90,"peace"
"5730",498,90,"peace"
"5731",499,90,"peace"
"5732",500,90,"peace"
"5733",501,90,"peace"
"5734",502,90,"peace"
"5735",503,90,"peace"
"5736",504,90,"peace"
"5737",505,90,"peace"
"5738",506,90,"peace"
"5739",507,90,"peace"
"5740",508,90,"peace"
"5741",509,90,"peace"
"5742",510,90,"peace"
"5743",511,90,"peace"
"5744",512,90,"peace"
"5745",513,90,"peace"
"5746",514,90,"peace"
"5747",515,90,"peace"
"5748",516,90,"peace"
"5749",517,90,"peace"
"5750",518,90,"peace"
"5751",519,90,"peace"
"5752",520,90,"peace"
"5753",521,90,"peace"
"5754",522,90,"peace"
"5755",523,90,"peace"
"5756",524,90,"peace"
"5757",525,90,"peace"
"5758",526,90,"peace"
"5759",527,90,"peace"
"5760",528,90,"peace"
"5761",457,92,"peace"
"5762",458,92,"peace"
"5763",459,92,"peace"
"5764",460,92,"peace"
"5765",461,92,"peace"
"5766",462,92,"peace"
"5767",463,92,"peace"
"5768",464,92,"peace"
"5769",465,92,"peace"
"5770",466,92,"peace"
"5771",467,92,"peace"
"5772",468,92,"peace"
"5773",469,92,"peace"
"5774",470,92,"peace"
"5775",471,92,"peace"
"5776",472,92,"peace"
"5777",473,92,"peace"
"5778",474,92,"peace"
"5779",475,92,"peace"
"5780",476,92,"peace"
"5781",477,92,"peace"
"5782",478,92,"peace"
"5783",479,92,"peace"
"5784",480,92,"peace"
"5785",481,92,"peace"
"5786",482,92,"peace"
"5787",483,92,"peace"
"5788",484,92,"peace"
"5789",485,92,"peace"
"5790",486,92,"peace"
"5791",487,92,"peace"
"5792",488,92,"peace"
"5793",489,92,"peace"
"5794",490,92,"peace"
"5795",491,92,"peace"
"5796",492,92,"peace"
"5797",493,92,"peace"
"5798",494,92,"peace"
"5799",495,92,"peace"
"5800",496,92,"peace"
"5801",497,92,"peace"
"5802",498,92,"peace"
"5803",499,92,"peace"
"5804",500,92,"peace"
"5805",501,92,"peace"
"5806",502,92,"peace"
"5807",503,92,"peace"
"5808",504,92,"peace"
"5809",505,92,"peace"
"5810",506,92,"peace"
"5811",507,92,"peace"
"5812",508,92,"peace"
"5813",509,92,"peace"
"5814",510,92,"peace"
"5815",511,92,"peace"
"5816",512,92,"peace"
"5817",513,92,"peace"
"5818",514,92,"peace"
"5819",515,92,"peace"
"5820",516,92,"peace"
"5821",517,92,"peace"
"5822",518,92,"peace"
"5823",519,92,"peace"
"5824",520,92,"peace"
"5825",521,92,"peace"
"5826",522,92,"peace"
"5827",523,92,"peace"
"5828",524,92,"peace"
"5829",525,92,"peace"
"5830",526,92,"peace"
"5831",527,92,"peace"
"5832",528,92,"peace"
"5833",457,93,"peace"
"5834",458,93,"peace"
"5835",459,93,"peace"
"5836",460,93,"peace"
"5837",461,93,"peace"
"5838",462,93,"peace"
"5839",463,93,"peace"
"5840",464,93,"peace"
"5841",465,93,"peace"
"5842",466,93,"peace"
"5843",467,93,"peace"
"5844",468,93,"peace"
"5845",469,93,"peace"
"5846",470,93,"peace"
"5847",471,93,"peace"
"5848",472,93,"peace"
"5849",473,93,"peace"
"5850",474,93,"peace"
"5851",475,93,"peace"
"5852",476,93,"peace"
"5853",477,93,"peace"
"5854",478,93,"peace"
"5855",479,93,"peace"
"5856",480,93,"peace"
"5857",481,93,"peace"
"5858",482,93,"peace"
"5859",483,93,"peace"
"5860",484,93,"peace"
"5861",485,93,"peace"
"5862",486,93,"peace"
"5863",487,93,"peace"
"5864",488,93,"peace"
"5865",489,93,"peace"
"5866",490,93,"peace"
"5867",491,93,"peace"
"5868",492,93,"peace"
"5869",493,93,"peace"
"5870",494,93,"peace"
"5871",495,93,"peace"
"5872",496,93,"peace"
"5873",497,93,"peace"
"5874",498,93,"peace"
"5875",499,93,"peace"
"5876",500,93,"peace"
"5877",501,93,"peace"
"5878",502,93,"peace"
"5879",503,93,"peace"
"5880",504,93,"peace"
"5881",505,93,"peace"
"5882",506,93,"peace"
"5883",507,93,"peace"
"5884",508,93,"peace"
"5885",509,93,"peace"
"5886",510,93,"peace"
"5887",511,93,"peace"
"5888",512,93,"peace"
"5889",513,93,"peace"
"5890",514,93,"peace"
"5891",515,93,"peace"
"5892",516,93,"peace"
"5893",517,93,"peace"
"5894",518,93,"peace"
"5895",519,93,"peace"
"5896",520,93,"peace"
"5897",521,93,"peace"
"5898",522,93,"peace"
"5899",523,93,"peace"
"5900",524,93,"peace"
"5901",525,93,"peace"
"5902",526,93,"peace"
"5903",527,93,"peace"
"5904",528,93,"peace"
"5905",457,94,"peace"
"5906",458,94,"onset"
"5907",459,94,"peace"
"5908",460,94,"peace"
"5909",461,94,"peace"
"5910",462,94,"peace"
"5911",463,94,"peace"
"5912",464,94,"peace"
"5913",465,94,"peace"
"5914",466,94,"peace"
"5915",467,94,"peace"
"5916",468,94,"peace"
"5917",469,94,"peace"
"5918",470,94,"peace"
"5919",471,94,"peace"
"5920",472,94,"peace"
"5921",473,94,"peace"
"5922",474,94,"peace"
"5923",475,94,"peace"
"5924",476,94,"peace"
"5925",477,94,"peace"
"5926",478,94,"peace"
"5927",479,94,"peace"
"5928",480,94,"peace"
"5929",481,94,"peace"
"5930",482,94,"peace"
"5931",483,94,"peace"
"5932",484,94,"peace"
"5933",485,94,"peace"
"5934",486,94,"peace"
"5935",487,94,"peace"
"5936",488,94,"onset"
"5937",489,94,"onset"
"5938",490,94,"peace"
"5939",491,94,"peace"
"5940",492,94,"peace"
"5941",493,94,"peace"
"5942",494,94,"peace"
"5943",495,94,"peace"
"5944",496,94,"peace"
"5945",497,94,"peace"
"5946",498,94,"peace"
"5947",499,94,"peace"
"5948",500,94,"peace"
"5949",501,94,"peace"
"5950",502,94,"peace"
"5951",503,94,"peace"
"5952",504,94,"peace"
"5953",505,94,"peace"
"5954",506,94,"peace"
"5955",507,94,"peace"
"5956",508,94,"peace"
"5957",509,94,"peace"
"5958",510,94,"peace"
"5959",511,94,"peace"
"5960",512,94,"peace"
"5961",513,94,"peace"
"5962",514,94,"peace"
"5963",515,94,"peace"
"5964",516,94,"peace"
"5965",517,94,"peace"
"5966",518,94,"peace"
"5967",519,94,"peace"
"5968",520,94,"peace"
"5969",521,94,"peace"
"5970",522,94,"peace"
"5971",523,94,"peace"
"5972",524,94,"peace"
"5973",525,94,"peace"
"5974",526,94,"onset"
"5975",527,94,"onset"
"5976",528,94,"onset"
"5977",457,96,"conflict"
"5978",458,96,"conflict"
"5979",459,96,"conflict"
"5980",460,96,"conflict"
"5981",461,96,"conflict"
"5982",462,96,"conflict"
"5983",463,96,"conflict"
"5984",464,96,"conflict"
"5985",465,96,"conflict"
"5986",466,96,"conflict"
"5987",467,96,"conflict"
"5988",468,96,"conflict"
"5989",469,96,"conflict"
"5990",470,96,"deescalation"
"5991",471,96,"conflict"
"5992",472,96,"conflict"
"5993",473,96,"conflict"
"5994",474,96,"conflict"
"5995",475,96,"conflict"
"5996",476,96,"conflict"
"5997",477,96,"conflict"
"5998",478,96,"conflict"
"5999",479,96,"conflict"
"6000",480,96,"conflict"
"6001",481,96,"deescalation"
"6002",482,96,"conflict"
"6003",483,96,"conflict"
"6004",484,96,"conflict"
"6005",485,96,"conflict"
"6006",486,96,"conflict"
"6007",487,96,"conflict"
"6008",488,96,"conflict"
"6009",489,96,"conflict"
"6010",490,96,"conflict"
"6011",491,96,"conflict"
"6012",492,96,"deescalation"
"6013",493,96,"conflict"
"6014",494,96,"deescalation"
"6015",495,96,"conflict"
"6016",496,96,"conflict"
"6017",497,96,"conflict"
"6018",498,96,"conflict"
"6019",499,96,"conflict"
"6020",500,96,"conflict"
"6021",501,96,"conflict"
"6022",502,96,"conflict"
"6023",503,96,"deescalation"
"6024",504,96,"conflict"
"6025",505,96,"conflict"
"6026",506,96,"conflict"
"6027",507,96,"deescalation"
"6028",508,96,"conflict"
"6029",509,96,"conflict"
"6030",510,96,"conflict"
"6031",511,96,"conflict"
"6032",512,96,"conflict"
"6033",513,96,"conflict"
"6034",514,96,"conflict"
"6035",515,96,"conflict"
"6036",516,96,"conflict"
"6037",517,96,"conflict"
"6038",518,96,"deescalation"
"6039",519,96,"conflict"
"6040",520,96,"conflict"
"6041",521,96,"conflict"
"6042",522,96,"conflict"
"6043",523,96,"conflict"
"6044",524,96,"conflict"
"6045",525,96,"conflict"
"6046",526,96,"conflict"
"6047",527,96,"conflict"
"6048",528,96,"conflict"
"6049",457,97,"peace"
"6050",458,97,"peace"
"6051",459,97,"peace"
"6052",460,97,"peace"
"6053",461,97,"peace"
"6054",462,97,"peace"
"6055",463,97,"peace"
"6056",464,97,"peace"
"6057",465,97,"peace"
"6058",466,97,"peace"
"6059",467,97,"peace"
"6060",468,97,"peace"
"6061",469,97,"peace"
"6062",470,97,"peace"
"6063",471,97,"peace"
"6064",472,97,"peace"
"6065",473,97,"peace"
"6066",474,97,"peace"
"6067",475,97,"peace"
"6068",476,97,"peace"
"6069",477,97,"peace"
"6070",478,97,"peace"
"6071",479,97,"peace"
"6072",480,97,"peace"
"6073",481,97,"peace"
"6074",482,97,"peace"
"6075",483,97,"peace"
"6076",484,97,"peace"
"6077",485,97,"peace"
"6078",486,97,"peace"
"6079",487,97,"peace"
"6080",488,97,"peace"
"6081",489,97,"peace"
"6082",490,97,"peace"
"6083",491,97,"peace"
"6084",492,97,"peace"
"6085",493,97,"peace"
"6086",494,97,"peace"
"6087",495,97,"peace"
"6088",496,97,"peace"
"6089",497,97,"peace"
"6090",498,97,"peace"
"6091",499,97,"peace"
"6092",500,97,"peace"
"6093",501,97,"peace"
"6094",502,97,"peace"
"6095",503,97,"peace"
"6096",504,97,"peace"
"6097",505,97,"peace"
"6098",506,97,"peace"
"6099",507,97,"peace"
"6100",508,97,"peace"
"6101",509,97,"peace"
"6102",510,97,"peace"
"6103",511,97,"peace"
"6104",512,97,"peace"
"6105",513,97,"peace"
"6106",514,97,"peace"
"6107",515,97,"peace"
"6108",516,97,"peace"
"6109",517,97,"peace"
"6110",518,97,"peace"
"6111",519,97,"peace"
"6112",520,97,"peace"
"6113",521,97,"peace"
"6114",522,97,"peace"
"6115",523,97,"peace"
"6116",524,97,"peace"
"6117",525,97,"peace"
"6118",526,97,"peace"
"6119",527,97,"peace"
"6120",528,97,"peace"
"6121",457,98,"peace"
"6122",458,98,"peace"
"6123",459,98,"peace"
"6124",460,98,"peace"
"6125",461,98,"peace"
"6126",462,98,"peace"
"6127",463,98,"peace"
"6128",464,98,"peace"
"6129",465,98,"peace"
"6130",466,98,"peace"
"6131",467,98,"peace"
"6132",468,98,"peace"
"6133",469,98,"peace"
"6134",470,98,"peace"
"6135",471,98,"peace"
"6136",472,98,"peace"
"6137",473,98,"peace"
"6138",474,98,"peace"
"6139",475,98,"peace"
"6140",476,98,"peace"
"6141",477,98,"peace"
"6142",478,98,"peace"
"6143",479,98,"peace"
"6144",480,98,"peace"
"6145",481,98,"peace"
"6146",482,98,"peace"
"6147",483,98,"peace"
"6148",484,98,"peace"
"6149",485,98,"peace"
"6150",486,98,"peace"
"6151",487,98,"peace"
"6152",488,98,"peace"
"6153",489,98,"peace"
"6154",490,98,"peace"
"6155",491,98,"peace"
"6156",492,98,"peace"
"6157",493,98,"peace"
"6158",494,98,"peace"
"6159",495,98,"peace"
"6160",496,98,"peace"
"6161",497,98,"peace"
"6162",498,98,"peace"
"6163",499,98,"peace"
"6164",500,98,"peace"
"6165",501,98,"peace"
"6166",502,98,"peace"
"6167",503,98,"peace"
"6168",504,98,"peace"
"6169",505,98,"peace"
"6170",506,98,"peace"
"6171",507,98,"peace"
"6172",508,98,"peace"
"6173",509,98,"peace"
"6174",510,98,"peace"
"6175",511,98,"peace"
"6176",512,98,"peace"
"6177",513,98,"peace"
"6178",514,98,"peace"
"6179",515,98,"peace"
"6180",516,98,"peace"
"6181",517,98,"peace"
"6182",518,98,"peace"
"6183",519,98,"peace"
"6184",520,98,"peace"
"6185",521,98,"peace"
"6186",522,98,"peace"
"6187",523,98,"peace"
"6188",524,98,"peace"
"6189",525,98,"peace"
"6190",526,98,"peace"
"6191",527,98,"peace"
"6192",528,98,"peace"
"6193",457,99,"peace"
"6194",458,99,"peace"
"6195",459,99,"peace"
"6196",460,99,"peace"
"6197",461,99,"peace"
"6198",462,99,"peace"
"6199",463,99,"peace"
"6200",464,99,"peace"
"6201",465,99,"peace"
"6202",466,99,"peace"
"6203",467,99,"peace"
"6204",468,99,"peace"
"6205",469,99,"peace"
"6206",470,99,"peace"
"6207",471,99,"peace"
"6208",472,99,"peace"
"6209",473,99,"peace"
"6210",474,99,"peace"
"6211",475,99,"peace"
"6212",476,99,"peace"
"6213",477,99,"peace"
"6214",478,99,"peace"
"6215",479,99,"peace"
"6216",480,99,"peace"
"6217",481,99,"peace"
"6218",482,99,"peace"
"6219",483,99,"peace"
"6220",484,99,"peace"
"6221",485,99,"peace"
"6222",486,99,"peace"
"6223",487,99,"peace"
"6224",488,99,"peace"
"6225",489,99,"peace"
"6226",490,99,"peace"
"6227",491,99,"peace"
"6228",492,99,"peace"
"6229",493,99,"peace"
"6230",494,99,"peace"
"6231",495,99,"peace"
"6232",496,99,"peace"
"6233",497,99,"peace"
"6234",498,99,"peace"
"6235",499,99,"peace"
"6236",500,99,"peace"
"6237",501,99,"peace"
"6238",502,99,"peace"
"6239",503,99,"peace"
"6240",504,99,"peace"
"6241",505,99,"peace"
"6242",506,99,"peace"
"6243",507,99,"peace"
"6244",508,99,"peace"
"6245",509,99,"peace"
"6246",510,99,"peace"
"6247",511,99,"peace"
"6248",512,99,"peace"
"6249",513,99,"peace"
"6250",514,99,"peace"
"6251",515,99,"peace"
"6252",516,99,"peace"
"6253",517,99,"peace"
"6254",518,99,"peace"
"6255",519,99,"peace"
"6256",520,99,"peace"
"6257",521,99,"peace"
"6258",522,99,"peace"
"6259",523,99,"peace"
"6260",524,99,"peace"
"6261",525,99,"peace"
"6262",526,99,"peace"
"6263",527,99,"peace"
"6264",528,99,"peace"
"6265",457,100,"peace"
"6266",458,100,"peace"
"6267",459,100,"peace"
"6268",460,100,"peace"
"6269",461,100,"peace"
"6270",462,100,"peace"
"6271",463,100,"peace"
"6272",464,100,"peace"
"6273",465,100,"peace"
"6274",466,100,"peace"
"6275",467,100,"peace"
"6276",468,100,"peace"
"6277",469,100,"peace"
"6278",470,100,"peace"
"6279",471,100,"peace"
"6280",472,100,"peace"
"6281",473,100,"peace"
"6282",474,100,"peace"
"6283",475,100,"peace"
"6284",476,100,"peace"
"6285",477,100,"peace"
"6286",478,100,"peace"
"6287",479,100,"peace"
"6288",480,100,"peace"
"6289",481,100,"peace"
"6290",482,100,"peace"
"6291",483,100,"peace"
"6292",484,100,"peace"
"6293",485,100,"peace"
"6294",486,100,"peace"
"6295",487,100,"peace"
"6296",488,100,"peace"
"6297",489,100,"peace"
"6298",490,100,"peace"
"6299",491,100,"peace"
"6300",492,100,"peace"
"6301",493,100,"peace"
"6302",494,100,"peace"
"6303",495,100,"peace"
"6304",496,100,"peace"
"6305",497,100,"peace"
"6306",498,100,"peace"
"6307",499,100,"peace"
"6308",500,100,"peace"
"6309",501,100,"peace"
"6310",502,100,"peace"
"6311",503,100,"peace"
"6312",504,100,"peace"
"6313",505,100,"peace"
"6314",506,100,"peace"
"6315",507,100,"peace"
"6316",508,100,"peace"
"6317",509,100,"peace"
"6318",510,100,"peace"
"6319",511,100,"peace"
"6320",512,100,"peace"
"6321",513,100,"peace"
"6322",514,100,"peace"
"6323",515,100,"peace"
"6324",516,100,"peace"
"6325",517,100,"peace"
"6326",518,100,"peace"
"6327",519,100,"peace"
"6328",520,100,"peace"
"6329",521,100,"peace"
"6330",522,100,"peace"
"6331",523,100,"peace"
"6332",524,100,"peace"
"6333",525,100,"peace"
"6334",526,100,"peace"
"6335",527,100,"peace"
"6336",528,100,"peace"
"6337",457,101,"peace"
"6338",458,101,"peace"
"6339",459,101,"peace"
"6340",460,101,"peace"
"6341",461,101,"peace"
"6342",462,101,"peace"
"6343",463,101,"peace"
"6344",464,101,"peace"
"6345",465,101,"peace"
"6346",466,101,"peace"
"6347",467,101,"peace"
"6348",468,101,"peace"
"6349",469,101,"peace"
"6350",470,101,"peace"
"6351",471,101,"peace"
"6352",472,101,"peace"
"6353",473,101,"peace"
"6354",474,101,"peace"
"6355",475,101,"peace"
"6356",476,101,"peace"
"6357",477,101,"peace"
"6358",478,101,"peace"
"6359",479,101,"peace"
"6360",480,101,"peace"
"6361",481,101,"peace"
"6362",482,101,"peace"
"6363",483,101,"peace"
"6364",484,101,"peace"
"6365",485,101,"peace"
"6366",486,101,"peace"
"6367",487,101,"peace"
"6368",488,101,"peace"
"6369",489,101,"peace"
"6370",490,101,"peace"
"6371",491,101,"peace"
"6372",492,101,"peace"
"6373",493,101,"peace"
"6374",494,101,"peace"
"6375",495,101,"peace"
"6376",496,101,"peace"
"6377",497,101,"peace"
"6378",498,101,"peace"
"6379",499,101,"peace"
"6380",500,101,"peace"
"6381",501,101,"peace"
"6382",502,101,"peace"
"6383",503,101,"peace"
"6384",504,101,"peace"
"6385",505,101,"peace"
"6386",506,101,"peace"
"6387",507,101,"peace"
"6388",508,101,"peace"
"6389",509,101,"peace"
"6390",510,101,"peace"
"6391",511,101,"peace"
"6392",512,101,"peace"
"6393",513,101,"peace"
"6394",514,101,"peace"
"6395",515,101,"onset"
"6396",516,101,"peace"
"6397",517,101,"peace"
"6398",518,101,"peace"
"6399",519,101,"peace"
"6400",520,101,"peace"
"6401",521,101,"peace"
"6402",522,101,"peace"
"6403",523,101,"peace"
"6404",524,101,"peace"
"6405",525,101,"peace"
"6406",526,101,"peace"
"6407",527,101,"peace"
"6408",528,101,"peace"
"6409",457,102,"peace"
"6410",458,102,"peace"
"6411",459,102,"peace"
"6412",460,102,"peace"
"6413",461,102,"peace"
"6414",462,102,"peace"
"6415",463,102,"peace"
"6416",464,102,"peace"
"6417",465,102,"peace"
"6418",466,102,"peace"
"6419",467,102,"peace"
"6420",468,102,"peace"
"6421",469,102,"peace"
"6422",470,102,"peace"
"6423",471,102,"peace"
"6424",472,102,"peace"
"6425",473,102,"peace"
"6426",474,102,"peace"
"6427",475,102,"peace"
"6428",476,102,"peace"
"6429",477,102,"peace"
"6430",478,102,"peace"
"6431",479,102,"peace"
"6432",480,102,"peace"
"6433",481,102,"peace"
"6434",482,102,"peace"
"6435",483,102,"peace"
"6436",484,102,"peace"
"6437",485,102,"peace"
"6438",486,102,"peace"
"6439",487,102,"peace"
"6440",488,102,"peace"
"6441",489,102,"peace"
"6442",490,102,"peace"
"6443",491,102,"peace"
"6444",492,102,"peace"
"6445",493,102,"peace"
"6446",494,102,"peace"
"6447",495,102,"peace"
"6448",496,102,"peace"
"6449",497,102,"peace"
"6450",498,102,"peace"
"6451",499,102,"peace"
"6452",500,102,"peace"
"6453",501,102,"peace"
"6454",502,102,"peace"
"6455",503,102,"peace"
"6456",504,102,"peace"
"6457",505,102,"peace"
"6458",506,102,"peace"
"6459",507,102,"peace"
"6460",508,102,"peace"
"6461",509,102,"peace"
"6462",510,102,"peace"
"6463",511,102,"peace"
"6464",512,102,"peace"
"6465",513,102,"peace"
"6466",514,102,"peace"
"6467",515,102,"peace"
"6468",516,102,"peace"
"6469",517,102,"peace"
"6470",518,102,"peace"
"6471",519,102,"peace"
"6472",520,102,"peace"
"6473",521,102,"peace"
"6474",522,102,"peace"
"6475",523,102,"peace"
"6476",524,102,"peace"
"6477",525,102,"peace"
"6478",526,102,"peace"
"6479",527,102,"peace"
"6480",528,102,"peace"
"6481",457,103,"peace"
"6482",458,103,"peace"
"6483",459,103,"peace"
"6484",460,103,"peace"
"6485",461,103,"peace"
"6486",462,103,"peace"
"6487",463,103,"peace"
"6488",464,103,"peace"
"6489",465,103,"peace"
"6490",466,103,"peace"
"6491",467,103,"peace"
"6492",468,103,"peace"
"6493",469,103,"peace"
"6494",470,103,"peace"
"6495",471,103,"peace"
"6496",472,103,"peace"
"6497",473,103,"peace"
"6498",474,103,"peace"
"6499",475,103,"peace"
"6500",476,103,"peace"
"6501",477,103,"peace"
"6502",478,103,"peace"
"6503",479,103,"peace"
"6504",480,103,"peace"
"6505",481,103,"peace"
"6506",482,103,"peace"
"6507",483,103,"peace"
"6508",484,103,"peace"
"6509",485,103,"peace"
"6510",486,103,"peace"
"6511",487,103,"peace"
"6512",488,103,"peace"
"6513",489,103,"peace"
"6514",490,103,"peace"
"6515",491,103,"peace"
"6516",492,103,"peace"
"6517",493,103,"peace"
"6518",494,103,"peace"
"6519",495,103,"peace"
"6520",496,103,"peace"
"6521",497,103,"peace"
"6522",498,103,"peace"
"6523",499,103,"peace"
"6524",500,103,"peace"
"6525",501,103,"peace"
"6526",502,103,"peace"
"6527",503,103,"peace"
"6528",504,103,"peace"
"6529",505,103,"peace"
"6530",506,103,"peace"
"6531",507,103,"peace"
"6532",508,103,"peace"
"6533",509,103,"peace"
"6534",510,103,"peace"
"6535",511,103,"peace"
"6536",512,103,"peace"
"6537",513,103,"peace"
"6538",514,103,"peace"
"6539",515,103,"peace"
"6540",516,103,"peace"
"6541",517,103,"peace"
"6542",518,103,"peace"
"6543",519,103,"peace"
"6544",520,103,"peace"
"6545",521,103,"peace"
"6546",522,103,"peace"
"6547",523,103,"peace"
"6548",524,103,"peace"
"6549",525,103,"peace"
"6550",526,103,"peace"
"6551",527,103,"peace"
"6552",528,103,"peace"
"6553",457,104,"peace"
"6554",458,104,"peace"
"6555",459,104,"peace"
"6556",460,104,"peace"
"6557",461,104,"onset"
"6558",462,104,"peace"
"6559",463,104,"peace"
"6560",464,104,"peace"
"6561",465,104,"peace"
"6562",466,104,"peace"
"6563",467,104,"peace"
"6564",468,104,"peace"
"6565",469,104,"peace"
"6566",470,104,"peace"
"6567",471,104,"peace"
"6568",472,104,"peace"
"6569",473,104,"peace"
"6570",474,104,"peace"
"6571",475,104,"peace"
"6572",476,104,"peace"
"6573",477,104,"peace"
"6574",478,104,"peace"
"6575",479,104,"peace"
"6576",480,104,"peace"
"6577",481,104,"peace"
"6578",482,104,"peace"
"6579",483,104,"peace"
"6580",484,104,"peace"
"6581",485,104,"peace"
"6582",486,104,"peace"
"6583",487,104,"peace"
"6584",488,104,"peace"
"6585",489,104,"peace"
"6586",490,104,"peace"
"6587",491,104,"peace"
"6588",492,104,"peace"
"6589",493,104,"peace"
"6590",494,104,"peace"
"6591",495,104,"peace"
"6592",496,104,"peace"
"6593",497,104,"peace"
"6594",498,104,"peace"
"6595",499,104,"peace"
"6596",500,104,"peace"
"6597",501,104,"peace"
"6598",502,104,"peace"
"6599",503,104,"peace"
"6600",504,104,"peace"
"6601",505,104,"peace"
"6602",506,104,"peace"
"6603",507,104,"peace"
"6604",508,104,"peace"
"6605",509,104,"peace"
"6606",510,104,"peace"
"6607",511,104,"peace"
"6608",512,104,"peace"
"6609",513,104,"peace"
"6610",514,104,"peace"
"6611",515,104,"peace"
"6612",516,104,"peace"
"6613",517,104,"peace"
"6614",518,104,"peace"
"6615",519,104,"peace"
"6616",520,104,"peace"
"6617",521,104,"peace"
"6618",522,104,"peace"
"6619",523,104,"peace"
"6620",524,104,"peace"
"6621",525,104,"peace"
"6622",526,104,"peace"
"6623",527,104,"peace"
"6624",528,104,"peace"
"6625",457,105,"peace"
"6626",458,105,"peace"
"6627",459,105,"onset"
"6628",460,105,"peace"
"6629",461,105,"onset"
"6630",462,105,"peace"
"6631",463,105,"peace"
"6632",464,105,"peace"
"6633",465,105,"peace"
"6634",466,105,"peace"
"6635",467,105,"peace"
"6636",468,105,"onset"
"6637",469,105,"peace"
"6638",470,105,"peace"
"6639",471,105,"peace"
"6640",472,105,"peace"
"6641",473,105,"peace"
"6642",474,105,"peace"
"6643",475,105,"peace"
"6644",476,105,"peace"
"6645",477,105,"peace"
"6646",478,105,"peace"
"6647",479,105,"peace"
"6648",480,105,"peace"
"6649",481,105,"peace"
"6650",482,105,"peace"
"6651",483,105,"peace"
"6652",484,105,"peace"
"6653",485,105,"peace"
"6654",486,105,"peace"
"6655",487,105,"peace"
"6656",488,105,"peace"
"6657",489,105,"peace"
"6658",490,105,"peace"
"6659",491,105,"peace"
"6660",492,105,"peace"
"6661",493,105,"peace"
"6662",494,105,"peace"
"6663",495,105,"peace"
"6664",496,105,"peace"
"6665",497,105,"peace"
"6666",498,105,"peace"
"6667",499,105,"peace"
"6668",500,105,"peace"
"6669",501,105,"peace"
"6670",502,105,"peace"
"6671",503,105,"peace"
"6672",504,105,"peace"
"6673",505,105,"peace"
"6674",506,105,"peace"
"6675",507,105,"peace"
"6676",508,105,"peace"
"6677",509,105,"peace"
"6678",510,105,"peace"
"6679",511,105,"peace"
"6680",512,105,"peace"
"6681",513,105,"peace"
"6682",514,105,"peace"
"6683",515,105,"peace"
"6684",516,105,"peace"
"6685",517,105,"peace"
"6686",518,105,"peace"
"6687",519,105,"peace"
"6688",520,105,"peace"
"6689",521,105,"peace"
"6690",522,105,"peace"
"6691",523,105,"peace"
"6692",524,105,"peace"
"6693",525,105,"peace"
"6694",526,105,"peace"
"6695",527,105,"peace"
"6696",528,105,"peace"
"6697",457,107,"peace"
"6698",458,107,"peace"
"6699",459,107,"peace"
"6700",460,107,"peace"
"6701",461,107,"peace"
"6702",462,107,"peace"
"6703",463,107,"peace"
"6704",464,107,"peace"
"6705",465,107,"peace"
"6706",466,107,"peace"
"6707",467,107,"peace"
"6708",468,107,"peace"
"6709",469,107,"peace"
"6710",470,107,"peace"
"6711",471,107,"peace"
"6712",472,107,"peace"
"6713",473,107,"peace"
"6714",474,107,"peace"
"6715",475,107,"peace"
"6716",476,107,"peace"
"6717",477,107,"peace"
"6718",478,107,"peace"
"6719",479,107,"peace"
"6720",480,107,"peace"
"6721",481,107,"peace"
"6722",482,107,"peace"
"6723",483,107,"peace"
"6724",484,107,"peace"
"6725",485,107,"peace"
"6726",486,107,"peace"
"6727",487,107,"peace"
"6728",488,107,"peace"
"6729",489,107,"peace"
"6730",490,107,"peace"
"6731",491,107,"peace"
"6732",492,107,"peace"
"6733",493,107,"peace"
"6734",494,107,"peace"
"6735",495,107,"peace"
"6736",496,107,"peace"
"6737",497,107,"peace"
"6738",498,107,"peace"
"6739",499,107,"peace"
"6740",500,107,"peace"
"6741",501,107,"peace"
"6742",502,107,"peace"
"6743",503,107,"peace"
"6744",504,107,"peace"
"6745",505,107,"peace"
"6746",506,107,"peace"
"6747",507,107,"peace"
"6748",508,107,"peace"
"6749",509,107,"peace"
"6750",510,107,"peace"
"6751",511,107,"peace"
"6752",512,107,"peace"
"6753",513,107,"peace"
"6754",514,107,"peace"
"6755",515,107,"peace"
"6756",516,107,"peace"
"6757",517,107,"peace"
"6758",518,107,"peace"
"6759",519,107,"peace"
"6760",520,107,"peace"
"6761",521,107,"peace"
"6762",522,107,"peace"
"6763",523,107,"peace"
"6764",524,107,"peace"
"6765",525,107,"peace"
"6766",526,107,"peace"
"6767",527,107,"peace"
"6768",528,107,"peace"
"6769",457,108,"peace"
"6770",458,108,"peace"
"6771",459,108,"peace"
"6772",460,108,"peace"
"6773",461,108,"peace"
"6774",462,108,"peace"
"6775",463,108,"peace"
"6776",464,108,"peace"
"6777",465,108,"peace"
"6778",466,108,"peace"
"6779",467,108,"peace"
"6780",468,108,"peace"
"6781",469,108,"peace"
"6782",470,108,"peace"
"6783",471,108,"peace"
"6784",472,108,"peace"
"6785",473,108,"peace"
"6786",474,108,"peace"
"6787",475,108,"peace"
"6788",476,108,"peace"
"6789",477,108,"peace"
"6790",478,108,"peace"
"6791",479,108,"peace"
"6792",480,108,"peace"
"6793",481,108,"peace"
"6794",482,108,"peace"
"6795",483,108,"peace"
"6796",484,108,"peace"
"6797",485,108,"peace"
"6798",486,108,"peace"
"6799",487,108,"peace"
"6800",488,108,"peace"
"6801",489,108,"peace"
"6802",490,108,"peace"
"6803",491,108,"peace"
"6804",492,108,"peace"
"6805",493,108,"peace"
"6806",494,108,"peace"
"6807",495,108,"peace"
"6808",496,108,"peace"
"6809",497,108,"peace"
"6810",498,108,"peace"
"6811",499,108,"peace"
"6812",500,108,"peace"
"6813",501,108,"peace"
"6814",502,108,"peace"
"6815",503,108,"peace"
"6816",504,108,"peace"
"6817",505,108,"peace"
"6818",506,108,"peace"
"6819",507,108,"peace"
"6820",508,108,"peace"
"6821",509,108,"peace"
"6822",510,108,"peace"
"6823",511,108,"peace"
"6824",512,108,"peace"
"6825",513,108,"peace"
"6826",514,108,"peace"
"6827",515,108,"peace"
"6828",516,108,"peace"
"6829",517,108,"peace"
"6830",518,108,"peace"
"6831",519,108,"peace"
"6832",520,108,"peace"
"6833",521,108,"peace"
"6834",522,108,"peace"
"6835",523,108,"peace"
"6836",524,108,"peace"
"6837",525,108,"peace"
"6838",526,108,"peace"
"6839",527,108,"peace"
"6840",528,108,"peace"
"6841",457,109,"peace"
"6842",458,109,"peace"
"6843",459,109,"peace"
"6844",460,109,"peace"
"6845",461,109,"peace"
"6846",462,109,"peace"
"6847",463,109,"peace"
"6848",464,109,"peace"
"6849",465,109,"peace"
"6850",466,109,"peace"
"6851",467,109,"peace"
"6852",468,109,"peace"
"6853",469,109,"peace"
"6854",470,109,"peace"
"6855",471,109,"peace"
"6856",472,109,"peace"
"6857",473,109,"peace"
"6858",474,109,"peace"
"6859",475,109,"peace"
"6860",476,109,"peace"
"6861",477,109,"peace"
"6862",478,109,"peace"
"6863",479,109,"peace"
"6864",480,109,"peace"
"6865",481,109,"peace"
"6866",482,109,"peace"
"6867",483,109,"peace"
"6868",484,109,"peace"
"6869",485,109,"peace"
"6870",486,109,"peace"
"6871",487,109,"peace"
"6872",488,109,"peace"
"6873",489,109,"peace"
"6874",490,109,"peace"
"6875",491,109,"peace"
"6876",492,109,"peace"
"6877",493,109,"peace"
"6878",494,109,"peace"
"6879",495,109,"peace"
"6880",496,109,"peace"
"6881",497,109,"peace"
"6882",498,109,"peace"
"6883",499,109,"peace"
"6884",500,109,"peace"
"6885",501,109,"peace"
"6886",502,109,"peace"
"6887",503,109,"peace"
"6888",504,109,"peace"
"6889",505,109,"peace"
"6890",506,109,"peace"
"6891",507,109,"peace"
"6892",508,109,"peace"
"6893",509,109,"peace"
"6894",510,109,"peace"
"6895",511,109,"peace"
"6896",512,109,"peace"
"6897",513,109,"peace"
"6898",514,109,"peace"
"6899",515,109,"peace"
"6900",516,109,"peace"
"6901",517,109,"peace"
"6902",518,109,"peace"
"6903",519,109,"peace"
"6904",520,109,"peace"
"6905",521,109,"peace"
"6906",522,109,"peace"
"6907",523,109,"peace"
"6908",524,109,"peace"
"6909",525,109,"peace"
"6910",526,109,"peace"
"6911",527,109,"peace"
"6912",528,109,"peace"
"6913",457,110,"peace"
"6914",458,110,"peace"
"6915",459,110,"peace"
"6916",460,110,"peace"
"6917",461,110,"peace"
"6918",462,110,"peace"
"6919",463,110,"peace"
"6920",464,110,"peace"
"6921",465,110,"peace"
"6922",466,110,"peace"
"6923",467,110,"peace"
"6924",468,110,"peace"
"6925",469,110,"peace"
"6926",470,110,"peace"
"6927",471,110,"peace"
"6928",472,110,"peace"
"6929",473,110,"peace"
"6930",474,110,"peace"
"6931",475,110,"peace"
"6932",476,110,"peace"
"6933",477,110,"peace"
"6934",478,110,"peace"
"6935",479,110,"peace"
"6936",480,110,"peace"
"6937",481,110,"peace"
"6938",482,110,"peace"
"6939",483,110,"peace"
"6940",484,110,"peace"
"6941",485,110,"peace"
"6942",486,110,"peace"
"6943",487,110,"peace"
"6944",488,110,"peace"
"6945",489,110,"peace"
"6946",490,110,"peace"
"6947",491,110,"peace"
"6948",492,110,"peace"
"6949",493,110,"peace"
"6950",494,110,"peace"
"6951",495,110,"peace"
"6952",496,110,"peace"
"6953",497,110,"peace"
"6954",498,110,"peace"
"6955",499,110,"peace"
"6956",500,110,"peace"
"6957",501,110,"peace"
"6958",502,110,"peace"
"6959",503,110,"peace"
"6960",504,110,"peace"
"6961",505,110,"peace"
"6962",506,110,"peace"
"6963",507,110,"peace"
"6964",508,110,"peace"
"6965",509,110,"peace"
"6966",510,110,"peace"
"6967",511,110,"peace"
"6968",512,110,"peace"
"6969",513,110,"peace"
"6970",514,110,"peace"
"6971",515,110,"peace"
"6972",516,110,"peace"
"6973",517,110,"peace"
"6974",518,110,"peace"
"6975",519,110,"peace"
"6976",520,110,"peace"
"6977",521,110,"peace"
"6978",522,110,"peace"
"6979",523,110,"peace"
"6980",524,110,"peace"
"6981",525,110,"peace"
"6982",526,110,"peace"
"6983",527,110,"peace"
"6984",528,110,"peace"
"6985",457,111,"peace"
"6986",458,111,"peace"
"6987",459,111,"peace"
"6988",460,111,"peace"
"6989",461,111,"peace"
"6990",462,111,"peace"
"6991",463,111,"peace"
"6992",464,111,"peace"
"6993",465,111,"peace"
"6994",466,111,"peace"
"6995",467,111,"peace"
"6996",468,111,"peace"
"6997",469,111,"peace"
"6998",470,111,"peace"
"6999",471,111,"peace"
"7000",472,111,"peace"
"7001",473,111,"peace"
"7002",474,111,"peace"
"7003",475,111,"peace"
"7004",476,111,"peace"
"7005",477,111,"peace"
"7006",478,111,"peace"
"7007",479,111,"peace"
"7008",480,111,"peace"
"7009",481,111,"peace"
"7010",482,111,"peace"
"7011",483,111,"peace"
"7012",484,111,"peace"
"7013",485,111,"peace"
"7014",486,111,"peace"
"7015",487,111,"peace"
"7016",488,111,"peace"
"7017",489,111,"peace"
"7018",490,111,"peace"
"7019",491,111,"peace"
"7020",492,111,"peace"
"7021",493,111,"peace"
"7022",494,111,"peace"
"7023",495,111,"peace"
"7024",496,111,"peace"
"7025",497,111,"peace"
"7026",498,111,"peace"
"7027",499,111,"peace"
"7028",500,111,"peace"
"7029",501,111,"peace"
"7030",502,111,"peace"
"7031",503,111,"peace"
"7032",504,111,"peace"
"7033",505,111,"peace"
"7034",506,111,"peace"
"7035",507,111,"peace"
"7036",508,111,"peace"
"7037",509,111,"peace"
"7038",510,111,"peace"
"7039",511,111,"peace"
"7040",512,111,"peace"
"7041",513,111,"peace"
"7042",514,111,"peace"
"7043",515,111,"peace"
"7044",516,111,"peace"
"7045",517,111,"peace"
"7046",518,111,"peace"
"7047",519,111,"peace"
"7048",520,111,"peace"
"7049",521,111,"peace"
"7050",522,111,"peace"
"7051",523,111,"peace"
"7052",524,111,"peace"
"7053",525,111,"peace"
"7054",526,111,"peace"
"7055",527,111,"peace"
"7056",528,111,"peace"
"7057",457,112,"peace"
"7058",458,112,"peace"
"7059",459,112,"peace"
"7060",460,112,"peace"
"7061",461,112,"peace"
"7062",462,112,"peace"
"7063",463,112,"peace"
"7064",464,112,"peace"
"7065",465,112,"peace"
"7066",466,112,"peace"
"7067",467,112,"peace"
"7068",468,112,"peace"
"7069",469,112,"peace"
"7070",470,112,"peace"
"7071",471,112,"peace"
"7072",472,112,"peace"
"7073",473,112,"peace"
"7074",474,112,"peace"
"7075",475,112,"peace"
"7076",476,112,"peace"
"7077",477,112,"peace"
"7078",478,112,"peace"
"7079",479,112,"peace"
"7080",480,112,"peace"
"7081",481,112,"peace"
"7082",482,112,"peace"
"7083",483,112,"peace"
"7084",484,112,"peace"
"7085",485,112,"peace"
"7086",486,112,"peace"
"7087",487,112,"peace"
"7088",488,112,"peace"
"7089",489,112,"peace"
"7090",490,112,"peace"
"7091",491,112,"peace"
"7092",492,112,"peace"
"7093",493,112,"peace"
"7094",494,112,"peace"
"7095",495,112,"peace"
"7096",496,112,"peace"
"7097",497,112,"peace"
"7098",498,112,"peace"
"7099",499,112,"peace"
"7100",500,112,"peace"
"7101",501,112,"peace"
"7102",502,112,"peace"
"7103",503,112,"peace"
"7104",504,112,"peace"
"7105",505,112,"peace"
"7106",506,112,"peace"
"7107",507,112,"peace"
"7108",508,112,"peace"
"7109",509,112,"peace"
"7110",510,112,"peace"
"7111",511,112,"peace"
"7112",512,112,"peace"
"7113",513,112,"peace"
"7114",514,112,"peace"
"7115",515,112,"peace"
"7116",516,112,"peace"
"7117",517,112,"peace"
"7118",518,112,"peace"
"7119",519,112,"peace"
"7120",520,112,"peace"
"7121",521,112,"peace"
"7122",522,112,"peace"
"7123",523,112,"peace"
"7124",524,112,"peace"
"7125",525,112,"peace"
"7126",526,112,"peace"
"7127",527,112,"peace"
"7128",528,112,"peace"
"7129",457,113,"peace"
"7130",458,113,"peace"
"7131",459,113,"peace"
"7132",460,113,"peace"
"7133",461,113,"peace"
"7134",462,113,"peace"
"7135",463,113,"peace"
"7136",464,113,"peace"
"7137",465,113,"peace"
"7138",466,113,"peace"
"7139",467,113,"peace"
"7140",468,113,"peace"
"7141",469,113,"peace"
"7142",470,113,"peace"
"7143",471,113,"peace"
"7144",472,113,"peace"
"7145",473,113,"peace"
"7146",474,113,"peace"
"7147",475,113,"peace"
"7148",476,113,"peace"
"7149",477,113,"peace"
"7150",478,113,"peace"
"7151",479,113,"peace"
"7152",480,113,"peace"
"7153",481,113,"peace"
"7154",482,113,"peace"
"7155",483,113,"peace"
"7156",484,113,"peace"
"7157",485,113,"peace"
"7158",486,113,"peace"
"7159",487,113,"peace"
"7160",488,113,"peace"
"7161",489,113,"peace"
"7162",490,113,"peace"
"7163",491,113,"peace"
"7164",492,113,"peace"
"7165",493,113,"peace"
"7166",494,113,"peace"
"7167",495,113,"peace"
"7168",496,113,"peace"
"7169",497,113,"peace"
"7170",498,113,"peace"
"7171",499,113,"peace"
"7172",500,113,"peace"
"7173",501,113,"peace"
"7174",502,113,"peace"
"7175",503,113,"peace"
"7176",504,113,"peace"
"7177",505,113,"peace"
"7178",506,113,"peace"
"7179",507,113,"peace"
"7180",508,113,"peace"
"7181",509,113,"peace"
"7182",510,113,"peace"
"7183",511,113,"peace"
"7184",512,113,"peace"
"7185",513,113,"peace"
"7186",514,113,"peace"
"7187",515,113,"peace"
"7188",516,113,"peace"
"7189",517,113,"peace"
"7190",518,113,"peace"
"7191",519,113,"peace"
"7192",520,113,"peace"
"7193",521,113,"peace"
"7194",522,113,"peace"
"7195",523,113,"peace"
"7196",524,113,"peace"
"7197",525,113,"peace"
"7198",526,113,"peace"
"7199",527,113,"peace"
"7200",528,113,"peace"
"7201",457,114,"peace"
"7202",458,114,"peace"
"7203",459,114,"peace"
"7204",460,114,"peace"
"7205",461,114,"peace"
"7206",462,114,"peace"
"7207",463,114,"peace"
"7208",464,114,"peace"
"7209",465,114,"peace"
"7210",466,114,"peace"
"7211",467,114,"peace"
"7212",468,114,"peace"
"7213",469,114,"peace"
"7214",470,114,"peace"
"7215",471,114,"peace"
"7216",472,114,"peace"
"7217",473,114,"peace"
"7218",474,114,"peace"
"7219",475,114,"peace"
"7220",476,114,"peace"
"7221",477,114,"peace"
"7222",478,114,"peace"
"7223",479,114,"peace"
"7224",480,114,"peace"
"7225",481,114,"peace"
"7226",482,114,"peace"
"7227",483,114,"peace"
"7228",484,114,"peace"
"7229",485,114,"peace"
"7230",486,114,"peace"
"7231",487,114,"peace"
"7232",488,114,"peace"
"7233",489,114,"peace"
"7234",490,114,"peace"
"7235",491,114,"peace"
"7236",492,114,"peace"
"7237",493,114,"peace"
"7238",494,114,"peace"
"7239",495,114,"peace"
"7240",496,114,"peace"
"7241",497,114,"peace"
"7242",498,114,"peace"
"7243",499,114,"peace"
"7244",500,114,"peace"
"7245",501,114,"peace"
"7246",502,114,"peace"
"7247",503,114,"peace"
"7248",504,114,"peace"
"7249",505,114,"peace"
"7250",506,114,"peace"
"7251",507,114,"peace"
"7252",508,114,"peace"
"7253",509,114,"peace"
"7254",510,114,"peace"
"7255",511,114,"peace"
"7256",512,114,"peace"
"7257",513,114,"peace"
"7258",514,114,"peace"
"7259",515,114,"peace"
"7260",516,114,"peace"
"7261",517,114,"peace"
"7262",518,114,"peace"
"7263",519,114,"peace"
"7264",520,114,"peace"
"7265",521,114,"peace"
"7266",522,114,"peace"
"7267",523,114,"peace"
"7268",524,114,"peace"
"7269",525,114,"peace"
"7270",526,114,"peace"
"7271",527,114,"peace"
"7272",528,114,"peace"
"7273",457,115,"peace"
"7274",458,115,"peace"
"7275",459,115,"peace"
"7276",460,115,"peace"
"7277",461,115,"peace"
"7278",462,115,"peace"
"7279",463,115,"peace"
"7280",464,115,"peace"
"7281",465,115,"peace"
"7282",466,115,"peace"
"7283",467,115,"peace"
"7284",468,115,"peace"
"7285",469,115,"peace"
"7286",470,115,"peace"
"7287",471,115,"peace"
"7288",472,115,"peace"
"7289",473,115,"peace"
"7290",474,115,"peace"
"7291",475,115,"peace"
"7292",476,115,"peace"
"7293",477,115,"peace"
"7294",478,115,"peace"
"7295",479,115,"peace"
"7296",480,115,"peace"
"7297",481,115,"peace"
"7298",482,115,"peace"
"7299",483,115,"peace"
"7300",484,115,"peace"
"7301",485,115,"peace"
"7302",486,115,"peace"
"7303",487,115,"peace"
"7304",488,115,"peace"
"7305",489,115,"peace"
"7306",490,115,"peace"
"7307",491,115,"peace"
"7308",492,115,"peace"
"7309",493,115,"peace"
"7310",494,115,"peace"
"7311",495,115,"peace"
"7312",496,115,"peace"
"7313",497,115,"peace"
"7314",498,115,"peace"
"7315",499,115,"peace"
"7316",500,115,"peace"
"7317",501,115,"peace"
"7318",502,115,"peace"
"7319",503,115,"peace"
"7320",504,115,"peace"
"7321",505,115,"peace"
"7322",506,115,"peace"
"7323",507,115,"peace"
"7324",508,115,"peace"
"7325",509,115,"peace"
"7326",510,115,"peace"
"7327",511,115,"peace"
"7328",512,115,"peace"
"7329",513,115,"peace"
"7330",514,115,"peace"
"7331",515,115,"peace"
"7332",516,115,"peace"
"7333",517,115,"peace"
"7334",518,115,"peace"
"7335",519,115,"peace"
"7336",520,115,"peace"
"7337",521,115,"peace"
"7338",522,115,"peace"
"7339",523,115,"peace"
"7340",524,115,"peace"
"7341",525,115,"peace"
"7342",526,115,"peace"
"7343",527,115,"peace"
"7344",528,115,"peace"
"7345",457,116,"peace"
"7346",458,116,"peace"
"7347",459,116,"peace"
"7348",460,116,"peace"
"7349",461,116,"peace"
"7350",462,116,"peace"
"7351",463,116,"peace"
"7352",464,116,"peace"
"7353",465,116,"peace"
"7354",466,116,"peace"
"7355",467,116,"peace"
"7356",468,116,"peace"
"7357",469,116,"peace"
"7358",470,116,"peace"
"7359",471,116,"peace"
"7360",472,116,"peace"
"7361",473,116,"peace"
"7362",474,116,"peace"
"7363",475,116,"peace"
"7364",476,116,"peace"
"7365",477,116,"peace"
"7366",478,116,"peace"
"7367",479,116,"peace"
"7368",480,116,"peace"
"7369",481,116,"peace"
"7370",482,116,"peace"
"7371",483,116,"peace"
"7372",484,116,"peace"
"7373",485,116,"peace"
"7374",486,116,"peace"
"7375",487,116,"peace"
"7376",488,116,"peace"
"7377",489,116,"peace"
"7378",490,116,"peace"
"7379",491,116,"peace"
"7380",492,116,"peace"
"7381",493,116,"peace"
"7382",494,116,"peace"
"7383",495,116,"peace"
"7384",496,116,"peace"
"7385",497,116,"peace"
"7386",498,116,"peace"
"7387",499,116,"peace"
"7388",500,116,"peace"
"7389",501,116,"peace"
"7390",502,116,"peace"
"7391",503,116,"peace"
"7392",504,116,"peace"
"7393",505,116,"peace"
"7394",506,116,"peace"
"7395",507,116,"peace"
"7396",508,116,"peace"
"7397",509,116,"peace"
"7398",510,116,"peace"
"7399",511,116,"peace"
"7400",512,116,"peace"
"7401",513,116,"peace"
"7402",514,116,"peace"
"7403",515,116,"peace"
"7404",516,116,"peace"
"7405",517,116,"peace"
"7406",518,116,"peace"
"7407",519,116,"peace"
"7408",520,116,"peace"
"7409",521,116,"peace"
"7410",522,116,"peace"
"7411",523,116,"peace"
"7412",524,116,"peace"
"7413",525,116,"peace"
"7414",526,116,"peace"
"7415",527,116,"peace"
"7416",528,116,"peace"
"7417",457,117,"conflict"
"7418",458,117,"conflict"
"7419",459,117,"conflict"
"7420",460,117,"conflict"
"7421",461,117,"conflict"
"7422",462,117,"conflict"
"7423",463,117,"conflict"
"7424",464,117,"conflict"
"7425",465,117,"conflict"
"7426",466,117,"conflict"
"7427",467,117,"conflict"
"7428",468,117,"conflict"
"7429",469,117,"conflict"
"7430",470,117,"conflict"
"7431",471,117,"conflict"
"7432",472,117,"conflict"
"7433",473,117,"conflict"
"7434",474,117,"conflict"
"7435",475,117,"conflict"
"7436",476,117,"conflict"
"7437",477,117,"conflict"
"7438",478,117,"conflict"
"7439",479,117,"conflict"
"7440",480,117,"conflict"
"7441",481,117,"conflict"
"7442",482,117,"conflict"
"7443",483,117,"conflict"
"7444",484,117,"conflict"
"7445",485,117,"conflict"
"7446",486,117,"conflict"
"7447",487,117,"conflict"
"7448",488,117,"conflict"
"7449",489,117,"conflict"
"7450",490,117,"conflict"
"7451",491,117,"conflict"
"7452",492,117,"conflict"
"7453",493,117,"conflict"
"7454",494,117,"conflict"
"7455",495,117,"conflict"
"7456",496,117,"conflict"
"7457",497,117,"conflict"
"7458",498,117,"conflict"
"7459",499,117,"conflict"
"7460",500,117,"conflict"
"7461",501,117,"conflict"
"7462",502,117,"conflict"
"7463",503,117,"conflict"
"7464",504,117,"conflict"
"7465",505,117,"conflict"
"7466",506,117,"conflict"
"7467",507,117,"conflict"
"7468",508,117,"conflict"
"7469",509,117,"conflict"
"7470",510,117,"conflict"
"7471",511,117,"conflict"
"7472",512,117,"conflict"
"7473",513,117,"conflict"
"7474",514,117,"conflict"
"7475",515,117,"conflict"
"7476",516,117,"conflict"
"7477",517,117,"conflict"
"7478",518,117,"conflict"
"7479",519,117,"conflict"
"7480",520,117,"conflict"
"7481",521,117,"conflict"
"7482",522,117,"conflict"
"7483",523,117,"conflict"
"7484",524,117,"conflict"
"7485",525,117,"conflict"
"7486",526,117,"conflict"
"7487",527,117,"conflict"
"7488",528,117,"conflict"
"7489",457,118,"peace"
"7490",458,118,"peace"
"7491",459,118,"peace"
"7492",460,118,"peace"
"7493",461,118,"peace"
"7494",462,118,"peace"
"7495",463,118,"peace"
"7496",464,118,"peace"
"7497",465,118,"peace"
"7498",466,118,"peace"
"7499",467,118,"peace"
"7500",468,118,"peace"
"7501",469,118,"peace"
"7502",470,118,"peace"
"7503",471,118,"peace"
"7504",472,118,"peace"
"7505",473,118,"peace"
"7506",474,118,"peace"
"7507",475,118,"peace"
"7508",476,118,"peace"
"7509",477,118,"peace"
"7510",478,118,"peace"
"7511",479,118,"peace"
"7512",480,118,"peace"
"7513",481,118,"peace"
"7514",482,118,"peace"
"7515",483,118,"peace"
"7516",484,118,"peace"
"7517",485,118,"peace"
"7518",486,118,"peace"
"7519",487,118,"peace"
"7520",488,118,"peace"
"7521",489,118,"peace"
"7522",490,118,"peace"
"7523",491,118,"peace"
"7524",492,118,"peace"
"7525",493,118,"peace"
"7526",494,118,"peace"
"7527",495,118,"peace"
"7528",496,118,"peace"
"7529",497,118,"peace"
"7530",498,118,"peace"
"7531",499,118,"peace"
"7532",500,118,"peace"
"7533",501,118,"peace"
"7534",502,118,"peace"
"7535",503,118,"peace"
"7536",504,118,"peace"
"7537",505,118,"peace"
"7538",506,118,"peace"
"7539",507,118,"peace"
"7540",508,118,"peace"
"7541",509,118,"peace"
"7542",510,118,"peace"
"7543",511,118,"peace"
"7544",512,118,"peace"
"7545",513,118,"peace"
"7546",514,118,"peace"
"7547",515,118,"peace"
"7548",516,118,"peace"
"7549",517,118,"peace"
"7550",518,118,"peace"
"7551",519,118,"peace"
"7552",520,118,"peace"
"7553",521,118,"peace"
"7554",522,118,"peace"
"7555",523,118,"peace"
"7556",524,118,"peace"
"7557",525,118,"peace"
"7558",526,118,"peace"
"7559",527,118,"peace"
"7560",528,118,"peace"
"7561",457,119,"peace"
"7562",458,119,"peace"
"7563",459,119,"peace"
"7564",460,119,"peace"
"7565",461,119,"peace"
"7566",462,119,"peace"
"7567",463,119,"peace"
"7568",464,119,"peace"
"7569",465,119,"peace"
"7570",466,119,"peace"
"7571",467,119,"peace"
"7572",468,119,"peace"
"7573",469,119,"peace"
"7574",470,119,"peace"
"7575",471,119,"peace"
"7576",472,119,"peace"
"7577",473,119,"peace"
"7578",474,119,"peace"
"7579",475,119,"peace"
"7580",476,119,"peace"
"7581",477,119,"peace"
"7582",478,119,"peace"
"7583",479,119,"peace"
"7584",480,119,"peace"
"7585",481,119,"peace"
"7586",482,119,"peace"
"7587",483,119,"peace"
"7588",484,119,"peace"
"7589",485,119,"peace"
"7590",486,119,"peace"
"7591",487,119,"peace"
"7592",488,119,"peace"
"7593",489,119,"peace"
"7594",490,119,"peace"
"7595",491,119,"peace"
"7596",492,119,"peace"
"7597",493,119,"peace"
"7598",494,119,"peace"
"7599",495,119,"peace"
"7600",496,119,"peace"
"7601",497,119,"peace"
"7602",498,119,"peace"
"7603",499,119,"peace"
"7604",500,119,"peace"
"7605",501,119,"peace"
"7606",502,119,"peace"
"7607",503,119,"peace"
"7608",504,119,"peace"
"7609",505,119,"peace"
"7610",506,119,"peace"
"7611",507,119,"peace"
"7612",508,119,"peace"
"7613",509,119,"peace"
"7614",510,119,"peace"
"7615",511,119,"peace"
"7616",512,119,"peace"
"7617",513,119,"peace"
"7618",514,119,"peace"
"7619",515,119,"peace"
"7620",516,119,"peace"
"7621",517,119,"peace"
"7622",518,119,"peace"
"7623",519,119,"peace"
"7624",520,119,"peace"
"7625",521,119,"peace"
"7626",522,119,"peace"
"7627",523,119,"peace"
"7628",524,119,"peace"
"7629",525,119,"peace"
"7630",526,119,"peace"
"7631",527,119,"peace"
"7632",528,119,"peace"
"7633",457,120,"conflict"
"7634",458,120,"conflict"
"7635",459,120,"conflict"
"7636",460,120,"conflict"
"7637",461,120,"conflict"
"7638",462,120,"conflict"
"7639",463,120,"conflict"
"7640",464,120,"conflict"
"7641",465,120,"conflict"
"7642",466,120,"conflict"
"7643",467,120,"conflict"
"7644",468,120,"conflict"
"7645",469,120,"conflict"
"7646",470,120,"conflict"
"7647",471,120,"conflict"
"7648",472,120,"conflict"
"7649",473,120,"conflict"
"7650",474,120,"conflict"
"7651",475,120,"conflict"
"7652",476,120,"conflict"
"7653",477,120,"conflict"
"7654",478,120,"conflict"
"7655",479,120,"conflict"
"7656",480,120,"conflict"
"7657",481,120,"conflict"
"7658",482,120,"conflict"
"7659",483,120,"conflict"
"7660",484,120,"conflict"
"7661",485,120,"conflict"
"7662",486,120,"conflict"
"7663",487,120,"conflict"
"7664",488,120,"conflict"
"7665",489,120,"conflict"
"7666",490,120,"conflict"
"7667",491,120,"conflict"
"7668",492,120,"conflict"
"7669",493,120,"conflict"
"7670",494,120,"conflict"
"7671",495,120,"conflict"
"7672",496,120,"conflict"
"7673",497,120,"conflict"
"7674",498,120,"conflict"
"7675",499,120,"conflict"
"7676",500,120,"conflict"
"7677",501,120,"conflict"
"7678",502,120,"conflict"
"7679",503,120,"conflict"
"7680",504,120,"conflict"
"7681",505,120,"conflict"
"7682",506,120,"conflict"
"7683",507,120,"conflict"
"7684",508,120,"conflict"
"7685",509,120,"conflict"
"7686",510,120,"conflict"
"7687",511,120,"conflict"
"7688",512,120,"conflict"
"7689",513,120,"conflict"
"7690",514,120,"conflict"
"7691",515,120,"conflict"
"7692",516,120,"conflict"
"7693",517,120,"conflict"
"7694",518,120,"conflict"
"7695",519,120,"conflict"
"7696",520,120,"conflict"
"7697",521,120,"conflict"
"7698",522,120,"conflict"
"7699",523,120,"conflict"
"7700",524,120,"conflict"
"7701",525,120,"conflict"
"7702",526,120,"conflict"
"7703",527,120,"conflict"
"7704",528,120,"conflict"
"7705",457,121,"peace"
"7706",458,121,"peace"
"7707",459,121,"peace"
"7708",460,121,"peace"
"7709",461,121,"peace"
"7710",462,121,"peace"
"7711",463,121,"peace"
"7712",464,121,"peace"
"7713",465,121,"peace"
"7714",466,121,"peace"
"7715",467,121,"peace"
"7716",468,121,"peace"
"7717",469,121,"peace"
"7718",470,121,"peace"
"7719",471,121,"peace"
"7720",472,121,"peace"
"7721",473,121,"peace"
"7722",474,121,"peace"
"7723",475,121,"peace"
"7724",476,121,"peace"
"7725",477,121,"peace"
"7726",478,121,"peace"
"7727",479,121,"peace"
"7728",480,121,"peace"
"7729",481,121,"peace"
"7730",482,121,"peace"
"7731",483,121,"peace"
"7732",484,121,"peace"
"7733",485,121,"peace"
"7734",486,121,"peace"
"7735",487,121,"peace"
"7736",488,121,"peace"
"7737",489,121,"peace"
"7738",490,121,"peace"
"7739",491,121,"peace"
"7740",492,121,"peace"
"7741",493,121,"peace"
"7742",494,121,"peace"
"7743",495,121,"peace"
"7744",496,121,"peace"
"7745",497,121,"peace"
"7746",498,121,"peace"
"7747",499,121,"peace"
"7748",500,121,"peace"
"7749",501,121,"peace"
"7750",502,121,"peace"
"7751",503,121,"peace"
"7752",504,121,"peace"
"7753",505,121,"peace"
"7754",506,121,"peace"
"7755",507,121,"peace"
"7756",508,121,"peace"
"7757",509,121,"peace"
"7758",510,121,"peace"
"7759",511,121,"peace"
"7760",512,121,"peace"
"7761",513,121,"peace"
"7762",514,121,"peace"
"7763",515,121,"peace"
"7764",516,121,"peace"
"7765",517,121,"peace"
"7766",518,121,"peace"
"7767",519,121,"peace"
"7768",520,121,"peace"
"7769",521,121,"peace"
"7770",522,121,"peace"
"7771",523,121,"peace"
"7772",524,121,"peace"
"7773",525,121,"peace"
"7774",526,121,"peace"
"7775",527,121,"peace"
"7776",528,121,"peace"
"7777",457,122,"peace"
"7778",458,122,"peace"
"7779",459,122,"peace"
"7780",460,122,"peace"
"7781",461,122,"peace"
"7782",462,122,"peace"
"7783",463,122,"peace"
"7784",464,122,"peace"
"7785",465,122,"peace"
"7786",466,122,"peace"
"7787",467,122,"peace"
"7788",468,122,"peace"
"7789",469,122,"peace"
"7790",470,122,"peace"
"7791",471,122,"peace"
"7792",472,122,"peace"
"7793",473,122,"peace"
"7794",474,122,"peace"
"7795",475,122,"peace"
"7796",476,122,"peace"
"7797",477,122,"peace"
"7798",478,122,"peace"
"7799",479,122,"peace"
"7800",480,122,"peace"
"7801",481,122,"peace"
"7802",482,122,"peace"
"7803",483,122,"peace"
"7804",484,122,"peace"
"7805",485,122,"peace"
"7806",486,122,"peace"
"7807",487,122,"peace"
"7808",488,122,"peace"
"7809",489,122,"peace"
"7810",490,122,"peace"
"7811",491,122,"peace"
"7812",492,122,"peace"
"7813",493,122,"peace"
"7814",494,122,"peace"
"7815",495,122,"peace"
"7816",496,122,"peace"
"7817",497,122,"peace"
"7818",498,122,"peace"
"7819",499,122,"peace"
"7820",500,122,"peace"
"7821",501,122,"peace"
"7822",502,122,"peace"
"7823",503,122,"peace"
"7824",504,122,"peace"
"7825",505,122,"peace"
"7826",506,122,"peace"
"7827",507,122,"peace"
"7828",508,122,"peace"
"7829",509,122,"peace"
"7830",510,122,"peace"
"7831",511,122,"peace"
"7832",512,122,"peace"
"7833",513,122,"peace"
"7834",514,122,"peace"
"7835",515,122,"peace"
"7836",516,122,"peace"
"7837",517,122,"peace"
"7838",518,122,"peace"
"7839",519,122,"peace"
"7840",520,122,"peace"
"7841",521,122,"peace"
"7842",522,122,"peace"
"7843",523,122,"peace"
"7844",524,122,"peace"
"7845",525,122,"peace"
"7846",526,122,"peace"
"7847",527,122,"peace"
"7848",528,122,"peace"
"7849",457,123,"peace"
"7850",458,123,"peace"
"7851",459,123,"peace"
"7852",460,123,"peace"
"7853",461,123,"peace"
"7854",462,123,"peace"
"7855",463,123,"peace"
"7856",464,123,"peace"
"7857",465,123,"peace"
"7858",466,123,"peace"
"7859",467,123,"peace"
"7860",468,123,"peace"
"7861",469,123,"peace"
"7862",470,123,"peace"
"7863",471,123,"peace"
"7864",472,123,"peace"
"7865",473,123,"peace"
"7866",474,123,"peace"
"7867",475,123,"peace"
"7868",476,123,"peace"
"7869",477,123,"peace"
"7870",478,123,"peace"
"7871",479,123,"peace"
"7872",480,123,"peace"
"7873",481,123,"peace"
"7874",482,123,"peace"
"7875",483,123,"peace"
"7876",484,123,"peace"
"7877",485,123,"peace"
"7878",486,123,"peace"
"7879",487,123,"peace"
"7880",488,123,"peace"
"7881",489,123,"peace"
"7882",490,123,"peace"
"7883",491,123,"peace"
"7884",492,123,"peace"
"7885",493,123,"peace"
"7886",494,123,"peace"
"7887",495,123,"peace"
"7888",496,123,"peace"
"7889",497,123,"peace"
"7890",498,123,"peace"
"7891",499,123,"peace"
"7892",500,123,"peace"
"7893",501,123,"peace"
"7894",502,123,"peace"
"7895",503,123,"peace"
"7896",504,123,"peace"
"7897",505,123,"peace"
"7898",506,123,"peace"
"7899",507,123,"peace"
"7900",508,123,"peace"
"7901",509,123,"peace"
"7902",510,123,"peace"
"7903",511,123,"peace"
"7904",512,123,"peace"
"7905",513,123,"peace"
"7906",514,123,"peace"
"7907",515,123,"peace"
"7908",516,123,"peace"
"7909",517,123,"peace"
"7910",518,123,"peace"
"7911",519,123,"peace"
"7912",520,123,"peace"
"7913",521,123,"peace"
"7914",522,123,"peace"
"7915",523,123,"peace"
"7916",524,123,"peace"
"7917",525,123,"peace"
"7918",526,123,"peace"
"7919",527,123,"peace"
"7920",528,123,"peace"
"7921",457,124,"conflict"
"7922",458,124,"conflict"
"7923",459,124,"conflict"
"7924",460,124,"conflict"
"7925",461,124,"conflict"
"7926",462,124,"conflict"
"7927",463,124,"conflict"
"7928",464,124,"conflict"
"7929",465,124,"conflict"
"7930",466,124,"conflict"
"7931",467,124,"conflict"
"7932",468,124,"conflict"
"7933",469,124,"conflict"
"7934",470,124,"conflict"
"7935",471,124,"conflict"
"7936",472,124,"conflict"
"7937",473,124,"conflict"
"7938",474,124,"conflict"
"7939",475,124,"conflict"
"7940",476,124,"conflict"
"7941",477,124,"conflict"
"7942",478,124,"conflict"
"7943",479,124,"conflict"
"7944",480,124,"conflict"
"7945",481,124,"conflict"
"7946",482,124,"conflict"
"7947",483,124,"conflict"
"7948",484,124,"conflict"
"7949",485,124,"conflict"
"7950",486,124,"conflict"
"7951",487,124,"conflict"
"7952",488,124,"conflict"
"7953",489,124,"conflict"
"7954",490,124,"conflict"
"7955",491,124,"conflict"
"7956",492,124,"conflict"
"7957",493,124,"conflict"
"7958",494,124,"conflict"
"7959",495,124,"conflict"
"7960",496,124,"conflict"
"7961",497,124,"conflict"
"7962",498,124,"conflict"
"7963",499,124,"conflict"
"7964",500,124,"conflict"
"7965",501,124,"conflict"
"7966",502,124,"conflict"
"7967",503,124,"conflict"
"7968",504,124,"conflict"
"7969",505,124,"conflict"
"7970",506,124,"conflict"
"7971",507,124,"conflict"
"7972",508,124,"conflict"
"7973",509,124,"conflict"
"7974",510,124,"conflict"
"7975",511,124,"conflict"
"7976",512,124,"conflict"
"7977",513,124,"conflict"
"7978",514,124,"conflict"
"7979",515,124,"conflict"
"7980",516,124,"conflict"
"7981",517,124,"conflict"
"7982",518,124,"conflict"
"7983",519,124,"conflict"
"7984",520,124,"conflict"
"7985",521,124,"conflict"
"7986",522,124,"conflict"
"7987",523,124,"conflict"
"7988",524,124,"conflict"
"7989",525,124,"conflict"
"7990",526,124,"conflict"
"7991",527,124,"conflict"
"7992",528,124,"conflict"
"7993",457,125,"peace"
"7994",458,125,"peace"
"7995",459,125,"peace"
"7996",460,125,"peace"
"7997",461,125,"peace"
"7998",462,125,"peace"
"7999",463,125,"peace"
"8000",464,125,"peace"
"8001",465,125,"onset"
"8002",466,125,"peace"
"8003",467,125,"peace"
"8004",468,125,"peace"
"8005",469,125,"peace"
"8006",470,125,"peace"
"8007",471,125,"peace"
"8008",472,125,"peace"
"8009",473,125,"peace"
"8010",474,125,"peace"
"8011",475,125,"peace"
"8012",476,125,"peace"
"8013",477,125,"peace"
"8014",478,125,"onset"
"8015",479,125,"peace"
"8016",480,125,"peace"
"8017",481,125,"deescalation"
"8018",482,125,"deescalation"
"8019",483,125,"deescalation"
"8020",484,125,"deescalation"
"8021",485,125,"deescalation"
"8022",486,125,"deescalation"
"8023",487,125,"deescalation"
"8024",488,125,"deescalation"
"8025",489,125,"conflict"
"8026",490,125,"conflict"
"8027",491,125,"conflict"
"8028",492,125,"deescalation"
"8029",493,125,"deescalation"
"8030",494,125,"deescalation"
"8031",495,125,"deescalation"
"8032",496,125,"deescalation"
"8033",497,125,"conflict"
"8034",498,125,"deescalation"
"8035",499,125,"conflict"
"8036",500,125,"conflict"
"8037",501,125,"conflict"
"8038",502,125,"deescalation"
"8039",503,125,"conflict"
"8040",504,125,"conflict"
"8041",505,125,"onset"
"8042",506,125,"peace"
"8043",507,125,"peace"
"8044",508,125,"peace"
"8045",509,125,"onset"
"8046",510,125,"onset"
"8047",511,125,"peace"
"8048",512,125,"peace"
"8049",513,125,"onset"
"8050",514,125,"peace"
"8051",515,125,"peace"
"8052",516,125,"peace"
"8053",517,125,"peace"
"8054",518,125,"peace"
"8055",519,125,"onset"
"8056",520,125,"onset"
"8057",521,125,"onset"
"8058",522,125,"peace"
"8059",523,125,"peace"
"8060",524,125,"onset"
"8061",525,125,"onset"
"8062",526,125,"onset"
"8063",527,125,"peace"
"8064",528,125,"onset"
"8065",457,126,"conflict"
"8066",458,126,"conflict"
"8067",459,126,"deescalation"
"8068",460,126,"conflict"
"8069",461,126,"conflict"
"8070",462,126,"conflict"
"8071",463,126,"conflict"
"8072",464,126,"deescalation"
"8073",465,126,"conflict"
"8074",466,126,"deescalation"
"8075",467,126,"conflict"
"8076",468,126,"conflict"
"8077",469,126,"peace"
"8078",470,126,"peace"
"8079",471,126,"onset"
"8080",472,126,"onset"
"8081",473,126,"onset"
"8082",474,126,"onset"
"8083",475,126,"onset"
"8084",476,126,"peace"
"8085",477,126,"onset"
"8086",478,126,"onset"
"8087",479,126,"peace"
"8088",480,126,"peace"
"8089",481,126,"conflict"
"8090",482,126,"conflict"
"8091",483,126,"conflict"
"8092",484,126,"deescalation"
"8093",485,126,"deescalation"
"8094",486,126,"deescalation"
"8095",487,126,"conflict"
"8096",488,126,"deescalation"
"8097",489,126,"conflict"
"8098",490,126,"conflict"
"8099",491,126,"conflict"
"8100",492,126,"conflict"
"8101",493,126,"conflict"
"8102",494,126,"conflict"
"8103",495,126,"deescalation"
"8104",496,126,"deescalation"
"8105",497,126,"deescalation"
"8106",498,126,"conflict"
"8107",499,126,"conflict"
"8108",500,126,"deescalation"
"8109",501,126,"conflict"
"8110",502,126,"conflict"
"8111",503,126,"conflict"
"8112",504,126,"conflict"
"8113",505,126,"conflict"
"8114",506,126,"deescalation"
"8115",507,126,"conflict"
"8116",508,126,"deescalation"
"8117",509,126,"deescalation"
"8118",510,126,"deescalation"
"8119",511,126,"deescalation"
"8120",512,126,"conflict"
"8121",513,126,"conflict"
"8122",514,126,"conflict"
"8123",515,126,"deescalation"
"8124",516,126,"conflict"
"8125",517,126,"deescalation"
"8126",518,126,"deescalation"
"8127",519,126,"conflict"
"8128",520,126,"conflict"
"8129",521,126,"deescalation"
"8130",522,126,"conflict"
"8131",523,126,"deescalation"
"8132",524,126,"deescalation"
"8133",525,126,"conflict"
"8134",526,126,"deescalation"
"8135",527,126,"deescalation"
"8136",528,126,"deescalation"
"8137",457,127,"peace"
"8138",458,127,"peace"
"8139",459,127,"peace"
"8140",460,127,"peace"
"8141",461,127,"peace"
"8142",462,127,"peace"
"8143",463,127,"peace"
"8144",464,127,"peace"
"8145",465,127,"peace"
"8146",466,127,"peace"
"8147",467,127,"peace"
"8148",468,127,"peace"
"8149",469,127,"peace"
"8150",470,127,"peace"
"8151",471,127,"peace"
"8152",472,127,"peace"
"8153",473,127,"peace"
"8154",474,127,"peace"
"8155",475,127,"peace"
"8156",476,127,"peace"
"8157",477,127,"peace"
"8158",478,127,"peace"
"8159",479,127,"peace"
"8160",480,127,"peace"
"8161",481,127,"peace"
"8162",482,127,"peace"
"8163",483,127,"peace"
"8164",484,127,"peace"
"8165",485,127,"peace"
"8166",486,127,"peace"
"8167",487,127,"peace"
"8168",488,127,"peace"
"8169",489,127,"peace"
"8170",490,127,"peace"
"8171",491,127,"peace"
"8172",492,127,"peace"
"8173",493,127,"peace"
"8174",494,127,"peace"
"8175",495,127,"peace"
"8176",496,127,"peace"
"8177",497,127,"peace"
"8178",498,127,"peace"
"8179",499,127,"peace"
"8180",500,127,"peace"
"8181",501,127,"peace"
"8182",502,127,"peace"
"8183",503,127,"peace"
"8184",504,127,"peace"
"8185",505,127,"peace"
"8186",506,127,"peace"
"8187",507,127,"peace"
"8188",508,127,"peace"
"8189",509,127,"peace"
"8190",510,127,"peace"
"8191",511,127,"peace"
"8192",512,127,"peace"
"8193",513,127,"peace"
"8194",514,127,"peace"
"8195",515,127,"peace"
"8196",516,127,"peace"
"8197",517,127,"peace"
"8198",518,127,"peace"
"8199",519,127,"peace"
"8200",520,127,"peace"
"8201",521,127,"peace"
"8202",522,127,"peace"
"8203",523,127,"peace"
"8204",524,127,"peace"
"8205",525,127,"peace"
"8206",526,127,"peace"
"8207",527,127,"peace"
"8208",528,127,"peace"
"8209",457,128,"onset"
"8210",458,128,"peace"
"8211",459,128,"onset"
"8212",460,128,"onset"
"8213",461,128,"peace"
"8214",462,128,"onset"
"8215",463,128,"onset"
"8216",464,128,"onset"
"8217",465,128,"onset"
"8218",466,128,"onset"
"8219",467,128,"peace"
"8220",468,128,"peace"
"8221",469,128,"deescalation"
"8222",470,128,"conflict"
"8223",471,128,"deescalation"
"8224",472,128,"deescalation"
"8225",473,128,"conflict"
"8226",474,128,"conflict"
"8227",475,128,"conflict"
"8228",476,128,"conflict"
"8229",477,128,"deescalation"
"8230",478,128,"deescalation"
"8231",479,128,"deescalation"
"8232",480,128,"deescalation"
"8233",481,128,"onset"
"8234",482,128,"peace"
"8235",483,128,"onset"
"8236",484,128,"peace"
"8237",485,128,"onset"
"8238",486,128,"onset"
"8239",487,128,"onset"
"8240",488,128,"onset"
"8241",489,128,"onset"
"8242",490,128,"onset"
"8243",491,128,"onset"
"8244",492,128,"peace"
"8245",493,128,"deescalation"
"8246",494,128,"conflict"
"8247",495,128,"conflict"
"8248",496,128,"deescalation"
"8249",497,128,"conflict"
"8250",498,128,"conflict"
"8251",499,128,"conflict"
"8252",500,128,"conflict"
"8253",501,128,"conflict"
"8254",502,128,"deescalation"
"8255",503,128,"deescalation"
"8256",504,128,"conflict"
"8257",505,128,"peace"
"8258",506,128,"peace"
"8259",507,128,"peace"
"8260",508,128,"peace"
"8261",509,128,"peace"
"8262",510,128,"peace"
"8263",511,128,"peace"
"8264",512,128,"peace"
"8265",513,128,"onset"
"8266",514,128,"onset"
"8267",515,128,"peace"
"8268",516,128,"peace"
"8269",517,128,"deescalation"
"8270",518,128,"deescalation"
"8271",519,128,"deescalation"
"8272",520,128,"deescalation"
"8273",521,128,"conflict"
"8274",522,128,"conflict"
"8275",523,128,"conflict"
"8276",524,128,"conflict"
"8277",525,128,"conflict"
"8278",526,128,"deescalation"
"8279",527,128,"conflict"
"8280",528,128,"conflict"
"8281",457,129,"peace"
"8282",458,129,"peace"
"8283",459,129,"peace"
"8284",460,129,"peace"
"8285",461,129,"peace"
"8286",462,129,"peace"
"8287",463,129,"peace"
"8288",464,129,"peace"
"8289",465,129,"peace"
"8290",466,129,"peace"
"8291",467,129,"peace"
"8292",468,129,"peace"
"8293",469,129,"peace"
"8294",470,129,"peace"
"8295",471,129,"peace"
"8296",472,129,"peace"
"8297",473,129,"peace"
"8298",474,129,"peace"
"8299",475,129,"peace"
"8300",476,129,"peace"
"8301",477,129,"peace"
"8302",478,129,"peace"
"8303",479,129,"peace"
"8304",480,129,"peace"
"8305",481,129,"peace"
"8306",482,129,"peace"
"8307",483,129,"peace"
"8308",484,129,"peace"
"8309",485,129,"peace"
"8310",486,129,"peace"
"8311",487,129,"peace"
"8312",488,129,"peace"
"8313",489,129,"peace"
"8314",490,129,"peace"
"8315",491,129,"peace"
"8316",492,129,"peace"
"8317",493,129,"peace"
"8318",494,129,"peace"
"8319",495,129,"peace"
"8320",496,129,"peace"
"8321",497,129,"peace"
"8322",498,129,"peace"
"8323",499,129,"peace"
"8324",500,129,"peace"
"8325",501,129,"peace"
"8326",502,129,"peace"
"8327",503,129,"peace"
"8328",504,129,"peace"
"8329",505,129,"peace"
"8330",506,129,"peace"
"8331",507,129,"peace"
"8332",508,129,"peace"
"8333",509,129,"peace"
"8334",510,129,"peace"
"8335",511,129,"peace"
"8336",512,129,"peace"
"8337",513,129,"peace"
"8338",514,129,"peace"
"8339",515,129,"peace"
"8340",516,129,"peace"
"8341",517,129,"peace"
"8342",518,129,"peace"
"8343",519,129,"peace"
"8344",520,129,"peace"
"8345",521,129,"peace"
"8346",522,129,"peace"
"8347",523,129,"peace"
"8348",524,129,"peace"
"8349",525,129,"peace"
"8350",526,129,"peace"
"8351",527,129,"peace"
"8352",528,129,"peace"
"8353",457,130,"peace"
"8354",458,130,"peace"
"8355",459,130,"peace"
"8356",460,130,"peace"
"8357",461,130,"peace"
"8358",462,130,"peace"
"8359",463,130,"peace"
"8360",464,130,"peace"
"8361",465,130,"peace"
"8362",466,130,"peace"
"8363",467,130,"peace"
"8364",468,130,"peace"
"8365",469,130,"peace"
"8366",470,130,"peace"
"8367",471,130,"peace"
"8368",472,130,"peace"
"8369",473,130,"peace"
"8370",474,130,"peace"
"8371",475,130,"peace"
"8372",476,130,"peace"
"8373",477,130,"peace"
"8374",478,130,"peace"
"8375",479,130,"peace"
"8376",480,130,"peace"
"8377",481,130,"peace"
"8378",482,130,"peace"
"8379",483,130,"peace"
"8380",484,130,"peace"
"8381",485,130,"peace"
"8382",486,130,"peace"
"8383",487,130,"peace"
"8384",488,130,"peace"
"8385",489,130,"peace"
"8386",490,130,"peace"
"8387",491,130,"peace"
"8388",492,130,"peace"
"8389",493,130,"peace"
"8390",494,130,"peace"
"8391",495,130,"peace"
"8392",496,130,"peace"
"8393",497,130,"peace"
"8394",498,130,"peace"
"8395",499,130,"peace"
"8396",500,130,"peace"
"8397",501,130,"peace"
"8398",502,130,"peace"
"8399",503,130,"peace"
"8400",504,130,"peace"
"8401",505,130,"peace"
"8402",506,130,"peace"
"8403",507,130,"peace"
"8404",508,130,"peace"
"8405",509,130,"peace"
"8406",510,130,"peace"
"8407",511,130,"peace"
"8408",512,130,"peace"
"8409",513,130,"peace"
"8410",514,130,"peace"
"8411",515,130,"peace"
"8412",516,130,"peace"
"8413",517,130,"peace"
"8414",518,130,"peace"
"8415",519,130,"peace"
"8416",520,130,"peace"
"8417",521,130,"peace"
"8418",522,130,"peace"
"8419",523,130,"peace"
"8420",524,130,"peace"
"8421",525,130,"peace"
"8422",526,130,"peace"
"8423",527,130,"peace"
"8424",528,130,"peace"
"8425",457,131,"onset"
"8426",458,131,"peace"
"8427",459,131,"onset"
"8428",460,131,"onset"
"8429",461,131,"peace"
"8430",462,131,"onset"
"8431",463,131,"peace"
"8432",464,131,"onset"
"8433",465,131,"peace"
"8434",466,131,"peace"
"8435",467,131,"peace"
"8436",468,131,"peace"
"8437",469,131,"peace"
"8438",470,131,"onset"
"8439",471,131,"peace"
"8440",472,131,"peace"
"8441",473,131,"peace"
"8442",474,131,"peace"
"8443",475,131,"onset"
"8444",476,131,"peace"
"8445",477,131,"peace"
"8446",478,131,"peace"
"8447",479,131,"onset"
"8448",480,131,"onset"
"8449",481,131,"peace"
"8450",482,131,"peace"
"8451",483,131,"peace"
"8452",484,131,"peace"
"8453",485,131,"peace"
"8454",486,131,"peace"
"8455",487,131,"peace"
"8456",488,131,"peace"
"8457",489,131,"peace"
"8458",490,131,"peace"
"8459",491,131,"peace"
"8460",492,131,"peace"
"8461",493,131,"peace"
"8462",494,131,"peace"
"8463",495,131,"peace"
"8464",496,131,"peace"
"8465",497,131,"peace"
"8466",498,131,"peace"
"8467",499,131,"peace"
"8468",500,131,"peace"
"8469",501,131,"peace"
"8470",502,131,"onset"
"8471",503,131,"peace"
"8472",504,131,"onset"
"8473",505,131,"deescalation"
"8474",506,131,"deescalation"
"8475",507,131,"deescalation"
"8476",508,131,"deescalation"
"8477",509,131,"deescalation"
"8478",510,131,"deescalation"
"8479",511,131,"deescalation"
"8480",512,131,"deescalation"
"8481",513,131,"deescalation"
"8482",514,131,"deescalation"
"8483",515,131,"deescalation"
"8484",516,131,"deescalation"
"8485",517,131,"peace"
"8486",518,131,"peace"
"8487",519,131,"peace"
"8488",520,131,"peace"
"8489",521,131,"peace"
"8490",522,131,"peace"
"8491",523,131,"peace"
"8492",524,131,"peace"
"8493",525,131,"onset"
"8494",526,131,"onset"
"8495",527,131,"peace"
"8496",528,131,"peace"
"8497",457,132,"peace"
"8498",458,132,"peace"
"8499",459,132,"peace"
"8500",460,132,"peace"
"8501",461,132,"peace"
"8502",462,132,"peace"
"8503",463,132,"peace"
"8504",464,132,"peace"
"8505",465,132,"peace"
"8506",466,132,"peace"
"8507",467,132,"peace"
"8508",468,132,"peace"
"8509",469,132,"peace"
"8510",470,132,"peace"
"8511",471,132,"peace"
"8512",472,132,"peace"
"8513",473,132,"peace"
"8514",474,132,"peace"
"8515",475,132,"peace"
"8516",476,132,"peace"
"8517",477,132,"peace"
"8518",478,132,"peace"
"8519",479,132,"peace"
"8520",480,132,"peace"
"8521",481,132,"peace"
"8522",482,132,"peace"
"8523",483,132,"peace"
"8524",484,132,"peace"
"8525",485,132,"peace"
"8526",486,132,"peace"
"8527",487,132,"peace"
"8528",488,132,"peace"
"8529",489,132,"peace"
"8530",490,132,"peace"
"8531",491,132,"peace"
"8532",492,132,"peace"
"8533",493,132,"peace"
"8534",494,132,"peace"
"8535",495,132,"peace"
"8536",496,132,"peace"
"8537",497,132,"peace"
"8538",498,132,"peace"
"8539",499,132,"peace"
"8540",500,132,"peace"
"8541",501,132,"peace"
"8542",502,132,"peace"
"8543",503,132,"peace"
"8544",504,132,"peace"
"8545",505,132,"onset"
"8546",506,132,"peace"
"8547",507,132,"peace"
"8548",508,132,"peace"
"8549",509,132,"peace"
"8550",510,132,"peace"
"8551",511,132,"peace"
"8552",512,132,"peace"
"8553",513,132,"peace"
"8554",514,132,"peace"
"8555",515,132,"peace"
"8556",516,132,"peace"
"8557",517,132,"peace"
"8558",518,132,"peace"
"8559",519,132,"peace"
"8560",520,132,"peace"
"8561",521,132,"peace"
"8562",522,132,"peace"
"8563",523,132,"peace"
"8564",524,132,"peace"
"8565",525,132,"peace"
"8566",526,132,"peace"
"8567",527,132,"peace"
"8568",528,132,"peace"
"8569",457,133,"conflict"
"8570",458,133,"conflict"
"8571",459,133,"conflict"
"8572",460,133,"conflict"
"8573",461,133,"conflict"
"8574",462,133,"conflict"
"8575",463,133,"conflict"
"8576",464,133,"conflict"
"8577",465,133,"conflict"
"8578",466,133,"conflict"
"8579",467,133,"conflict"
"8580",468,133,"conflict"
"8581",469,133,"conflict"
"8582",470,133,"conflict"
"8583",471,133,"conflict"
"8584",472,133,"conflict"
"8585",473,133,"conflict"
"8586",474,133,"conflict"
"8587",475,133,"conflict"
"8588",476,133,"conflict"
"8589",477,133,"conflict"
"8590",478,133,"conflict"
"8591",479,133,"conflict"
"8592",480,133,"conflict"
"8593",481,133,"conflict"
"8594",482,133,"conflict"
"8595",483,133,"conflict"
"8596",484,133,"conflict"
"8597",485,133,"conflict"
"8598",486,133,"conflict"
"8599",487,133,"conflict"
"8600",488,133,"conflict"
"8601",489,133,"conflict"
"8602",490,133,"conflict"
"8603",491,133,"conflict"
"8604",492,133,"conflict"
"8605",493,133,"conflict"
"8606",494,133,"conflict"
"8607",495,133,"conflict"
"8608",496,133,"conflict"
"8609",497,133,"conflict"
"8610",498,133,"conflict"
"8611",499,133,"conflict"
"8612",500,133,"conflict"
"8613",501,133,"conflict"
"8614",502,133,"conflict"
"8615",503,133,"conflict"
"8616",504,133,"conflict"
"8617",505,133,"conflict"
"8618",506,133,"conflict"
"8619",507,133,"conflict"
"8620",508,133,"conflict"
"8621",509,133,"conflict"
"8622",510,133,"conflict"
"8623",511,133,"conflict"
"8624",512,133,"conflict"
"8625",513,133,"conflict"
"8626",514,133,"conflict"
"8627",515,133,"conflict"
"8628",516,133,"conflict"
"8629",517,133,"conflict"
"8630",518,133,"conflict"
"8631",519,133,"conflict"
"8632",520,133,"conflict"
"8633",521,133,"conflict"
"8634",522,133,"conflict"
"8635",523,133,"conflict"
"8636",524,133,"conflict"
"8637",525,133,"conflict"
"8638",526,133,"conflict"
"8639",527,133,"conflict"
"8640",528,133,"conflict"
"8641",457,134,"peace"
"8642",458,134,"peace"
"8643",459,134,"peace"
"8644",460,134,"peace"
"8645",461,134,"peace"
"8646",462,134,"peace"
"8647",463,134,"peace"
"8648",464,134,"peace"
"8649",465,134,"peace"
"8650",466,134,"peace"
"8651",467,134,"peace"
"8652",468,134,"peace"
"8653",469,134,"peace"
"8654",470,134,"peace"
"8655",471,134,"peace"
"8656",472,134,"peace"
"8657",473,134,"peace"
"8658",474,134,"peace"
"8659",475,134,"peace"
"8660",476,134,"peace"
"8661",477,134,"peace"
"8662",478,134,"peace"
"8663",479,134,"peace"
"8664",480,134,"peace"
"8665",481,134,"peace"
"8666",482,134,"peace"
"8667",483,134,"peace"
"8668",484,134,"peace"
"8669",485,134,"peace"
"8670",486,134,"peace"
"8671",487,134,"peace"
"8672",488,134,"peace"
"8673",489,134,"peace"
"8674",490,134,"peace"
"8675",491,134,"peace"
"8676",492,134,"peace"
"8677",493,134,"peace"
"8678",494,134,"peace"
"8679",495,134,"peace"
"8680",496,134,"onset"
"8681",497,134,"onset"
"8682",498,134,"peace"
"8683",499,134,"onset"
"8684",500,134,"peace"
"8685",501,134,"peace"
"8686",502,134,"peace"
"8687",503,134,"peace"
"8688",504,134,"peace"
"8689",505,134,"peace"
"8690",506,134,"peace"
"8691",507,134,"peace"
"8692",508,134,"onset"
"8693",509,134,"peace"
"8694",510,134,"peace"
"8695",511,134,"peace"
"8696",512,134,"peace"
"8697",513,134,"onset"
"8698",514,134,"peace"
"8699",515,134,"peace"
"8700",516,134,"peace"
"8701",517,134,"peace"
"8702",518,134,"peace"
"8703",519,134,"peace"
"8704",520,134,"peace"
"8705",521,134,"peace"
"8706",522,134,"peace"
"8707",523,134,"peace"
"8708",524,134,"peace"
"8709",525,134,"peace"
"8710",526,134,"peace"
"8711",527,134,"peace"
"8712",528,134,"peace"
"8713",457,135,"peace"
"8714",458,135,"peace"
"8715",459,135,"peace"
"8716",460,135,"peace"
"8717",461,135,"peace"
"8718",462,135,"peace"
"8719",463,135,"peace"
"8720",464,135,"peace"
"8721",465,135,"peace"
"8722",466,135,"peace"
"8723",467,135,"peace"
"8724",468,135,"peace"
"8725",469,135,"peace"
"8726",470,135,"peace"
"8727",471,135,"peace"
"8728",472,135,"peace"
"8729",473,135,"peace"
"8730",474,135,"peace"
"8731",475,135,"peace"
"8732",476,135,"peace"
"8733",477,135,"peace"
"8734",478,135,"peace"
"8735",479,135,"peace"
"8736",480,135,"peace"
"8737",481,135,"peace"
"8738",482,135,"peace"
"8739",483,135,"peace"
"8740",484,135,"peace"
"8741",485,135,"peace"
"8742",486,135,"peace"
"8743",487,135,"peace"
"8744",488,135,"peace"
"8745",489,135,"peace"
"8746",490,135,"peace"
"8747",491,135,"peace"
"8748",492,135,"peace"
"8749",493,135,"peace"
"8750",494,135,"peace"
"8751",495,135,"peace"
"8752",496,135,"peace"
"8753",497,135,"peace"
"8754",498,135,"peace"
"8755",499,135,"peace"
"8756",500,135,"peace"
"8757",501,135,"peace"
"8758",502,135,"peace"
"8759",503,135,"peace"
"8760",504,135,"peace"
"8761",505,135,"peace"
"8762",506,135,"peace"
"8763",507,135,"peace"
"8764",508,135,"peace"
"8765",509,135,"peace"
"8766",510,135,"peace"
"8767",511,135,"peace"
"8768",512,135,"peace"
"8769",513,135,"peace"
"8770",514,135,"peace"
"8771",515,135,"peace"
"8772",516,135,"peace"
"8773",517,135,"peace"
"8774",518,135,"peace"
"8775",519,135,"peace"
"8776",520,135,"peace"
"8777",521,135,"peace"
"8778",522,135,"peace"
"8779",523,135,"peace"
"8780",524,135,"peace"
"8781",525,135,"peace"
"8782",526,135,"peace"
"8783",527,135,"peace"
"8784",528,135,"peace"
"8785",457,136,"conflict"
"8786",458,136,"conflict"
"8787",459,136,"conflict"
"8788",460,136,"conflict"
"8789",461,136,"conflict"
"8790",462,136,"conflict"
"8791",463,136,"conflict"
"8792",464,136,"conflict"
"8793",465,136,"conflict"
"8794",466,136,"conflict"
"8795",467,136,"conflict"
"8796",468,136,"conflict"
"8797",469,136,"conflict"
"8798",470,136,"conflict"
"8799",471,136,"conflict"
"8800",472,136,"conflict"
"8801",473,136,"conflict"
"8802",474,136,"conflict"
"8803",475,136,"conflict"
"8804",476,136,"conflict"
"8805",477,136,"conflict"
"8806",478,136,"conflict"
"8807",479,136,"conflict"
"8808",480,136,"conflict"
"8809",481,136,"conflict"
"8810",482,136,"conflict"
"8811",483,136,"conflict"
"8812",484,136,"conflict"
"8813",485,136,"conflict"
"8814",486,136,"conflict"
"8815",487,136,"conflict"
"8816",488,136,"conflict"
"8817",489,136,"conflict"
"8818",490,136,"conflict"
"8819",491,136,"conflict"
"8820",492,136,"conflict"
"8821",493,136,"conflict"
"8822",494,136,"conflict"
"8823",495,136,"conflict"
"8824",496,136,"conflict"
"8825",497,136,"conflict"
"8826",498,136,"conflict"
"8827",499,136,"conflict"
"8828",500,136,"conflict"
"8829",501,136,"conflict"
"8830",502,136,"conflict"
"8831",503,136,"conflict"
"8832",504,136,"conflict"
"8833",505,136,"conflict"
"8834",506,136,"conflict"
"8835",507,136,"conflict"
"8836",508,136,"conflict"
"8837",509,136,"conflict"
"8838",510,136,"conflict"
"8839",511,136,"conflict"
"8840",512,136,"conflict"
"8841",513,136,"conflict"
"8842",514,136,"conflict"
"8843",515,136,"conflict"
"8844",516,136,"conflict"
"8845",517,136,"conflict"
"8846",518,136,"conflict"
"8847",519,136,"conflict"
"8848",520,136,"conflict"
"8849",521,136,"conflict"
"8850",522,136,"conflict"
"8851",523,136,"conflict"
"8852",524,136,"conflict"
"8853",525,136,"conflict"
"8854",526,136,"conflict"
"8855",527,136,"conflict"
"8856",528,136,"conflict"
"8857",457,137,"peace"
"8858",458,137,"peace"
"8859",459,137,"peace"
"8860",460,137,"peace"
"8861",461,137,"peace"
"8862",462,137,"peace"
"8863",463,137,"peace"
"8864",464,137,"peace"
"8865",465,137,"peace"
"8866",466,137,"peace"
"8867",467,137,"peace"
"8868",468,137,"peace"
"8869",469,137,"peace"
"8870",470,137,"peace"
"8871",471,137,"peace"
"8872",472,137,"peace"
"8873",473,137,"peace"
"8874",474,137,"peace"
"8875",475,137,"peace"
"8876",476,137,"peace"
"8877",477,137,"onset"
"8878",478,137,"peace"
"8879",479,137,"peace"
"8880",480,137,"peace"
"8881",481,137,"peace"
"8882",482,137,"peace"
"8883",483,137,"peace"
"8884",484,137,"peace"
"8885",485,137,"peace"
"8886",486,137,"peace"
"8887",487,137,"peace"
"8888",488,137,"peace"
"8889",489,137,"peace"
"8890",490,137,"peace"
"8891",491,137,"peace"
"8892",492,137,"peace"
"8893",493,137,"peace"
"8894",494,137,"peace"
"8895",495,137,"peace"
"8896",496,137,"peace"
"8897",497,137,"onset"
"8898",498,137,"peace"
"8899",499,137,"peace"
"8900",500,137,"peace"
"8901",501,137,"peace"
"8902",502,137,"peace"
"8903",503,137,"peace"
"8904",504,137,"peace"
"8905",505,137,"onset"
"8906",506,137,"peace"
"8907",507,137,"onset"
"8908",508,137,"peace"
"8909",509,137,"peace"
"8910",510,137,"onset"
"8911",511,137,"peace"
"8912",512,137,"peace"
"8913",513,137,"onset"
"8914",514,137,"peace"
"8915",515,137,"peace"
"8916",516,137,"peace"
"8917",517,137,"peace"
"8918",518,137,"peace"
"8919",519,137,"peace"
"8920",520,137,"peace"
"8921",521,137,"peace"
"8922",522,137,"peace"
"8923",523,137,"peace"
"8924",524,137,"peace"
"8925",525,137,"peace"
"8926",526,137,"peace"
"8927",527,137,"peace"
"8928",528,137,"peace"
"8929",457,138,"peace"
"8930",458,138,"peace"
"8931",459,138,"peace"
"8932",460,138,"peace"
"8933",461,138,"peace"
"8934",462,138,"peace"
"8935",463,138,"peace"
"8936",464,138,"peace"
"8937",465,138,"peace"
"8938",466,138,"onset"
"8939",467,138,"peace"
"8940",468,138,"peace"
"8941",469,138,"deescalation"
"8942",470,138,"deescalation"
"8943",471,138,"deescalation"
"8944",472,138,"conflict"
"8945",473,138,"deescalation"
"8946",474,138,"deescalation"
"8947",475,138,"deescalation"
"8948",476,138,"deescalation"
"8949",477,138,"deescalation"
"8950",478,138,"deescalation"
"8951",479,138,"conflict"
"8952",480,138,"deescalation"
"8953",481,138,"peace"
"8954",482,138,"peace"
"8955",483,138,"onset"
"8956",484,138,"peace"
"8957",485,138,"peace"
"8958",486,138,"peace"
"8959",487,138,"peace"
"8960",488,138,"peace"
"8961",489,138,"peace"
"8962",490,138,"onset"
"8963",491,138,"peace"
"8964",492,138,"onset"
"8965",493,138,"deescalation"
"8966",494,138,"deescalation"
"8967",495,138,"deescalation"
"8968",496,138,"deescalation"
"8969",497,138,"deescalation"
"8970",498,138,"deescalation"
"8971",499,138,"deescalation"
"8972",500,138,"deescalation"
"8973",501,138,"deescalation"
"8974",502,138,"deescalation"
"8975",503,138,"deescalation"
"8976",504,138,"deescalation"
"8977",505,138,"peace"
"8978",506,138,"onset"
"8979",507,138,"peace"
"8980",508,138,"peace"
"8981",509,138,"peace"
"8982",510,138,"peace"
"8983",511,138,"peace"
"8984",512,138,"peace"
"8985",513,138,"onset"
"8986",514,138,"onset"
"8987",515,138,"peace"
"8988",516,138,"peace"
"8989",517,138,"deescalation"
"8990",518,138,"deescalation"
"8991",519,138,"deescalation"
"8992",520,138,"deescalation"
"8993",521,138,"deescalation"
"8994",522,138,"deescalation"
"8995",523,138,"deescalation"
"8996",524,138,"deescalation"
"8997",525,138,"deescalation"
"8998",526,138,"deescalation"
"8999",527,138,"deescalation"
"9000",528,138,"deescalation"
"9001",457,139,"peace"
"9002",458,139,"peace"
"9003",459,139,"peace"
"9004",460,139,"peace"
"9005",461,139,"peace"
"9006",462,139,"peace"
"9007",463,139,"peace"
"9008",464,139,"peace"
"9009",465,139,"peace"
"9010",466,139,"peace"
"9011",467,139,"peace"
"9012",468,139,"peace"
"9013",469,139,"peace"
"9014",470,139,"peace"
"9015",471,139,"peace"
"9016",472,139,"peace"
"9017",473,139,"peace"
"9018",474,139,"peace"
"9019",475,139,"peace"
"9020",476,139,"peace"
"9021",477,139,"peace"
"9022",478,139,"peace"
"9023",479,139,"peace"
"9024",480,139,"peace"
"9025",481,139,"peace"
"9026",482,139,"peace"
"9027",483,139,"peace"
"9028",484,139,"peace"
"9029",485,139,"peace"
"9030",486,139,"peace"
"9031",487,139,"peace"
"9032",488,139,"peace"
"9033",489,139,"peace"
"9034",490,139,"peace"
"9035",491,139,"peace"
"9036",492,139,"peace"
"9037",493,139,"peace"
"9038",494,139,"peace"
"9039",495,139,"peace"
"9040",496,139,"peace"
"9041",497,139,"peace"
"9042",498,139,"peace"
"9043",499,139,"peace"
"9044",500,139,"peace"
"9045",501,139,"peace"
"9046",502,139,"peace"
"9047",503,139,"peace"
"9048",504,139,"peace"
"9049",505,139,"peace"
"9050",506,139,"peace"
"9051",507,139,"peace"
"9052",508,139,"peace"
"9053",509,139,"peace"
"9054",510,139,"peace"
"9055",511,139,"peace"
"9056",512,139,"peace"
"9057",513,139,"peace"
"9058",514,139,"peace"
"9059",515,139,"peace"
"9060",516,139,"peace"
"9061",517,139,"peace"
"9062",518,139,"peace"
"9063",519,139,"peace"
"9064",520,139,"peace"
"9065",521,139,"peace"
"9066",522,139,"peace"
"9067",523,139,"peace"
"9068",524,139,"peace"
"9069",525,139,"peace"
"9070",526,139,"peace"
"9071",527,139,"peace"
"9072",528,139,"peace"
"9073",457,140,"peace"
"9074",458,140,"peace"
"9075",459,140,"peace"
"9076",460,140,"peace"
"9077",461,140,"peace"
"9078",462,140,"peace"
"9079",463,140,"peace"
"9080",464,140,"peace"
"9081",465,140,"peace"
"9082",466,140,"peace"
"9083",467,140,"peace"
"9084",468,140,"peace"
"9085",469,140,"peace"
"9086",470,140,"peace"
"9087",471,140,"peace"
"9088",472,140,"peace"
"9089",473,140,"peace"
"9090",474,140,"peace"
"9091",475,140,"peace"
"9092",476,140,"peace"
"9093",477,140,"peace"
"9094",478,140,"peace"
"9095",479,140,"peace"
"9096",480,140,"peace"
"9097",481,140,"peace"
"9098",482,140,"peace"
"9099",483,140,"peace"
"9100",484,140,"peace"
"9101",485,140,"peace"
"9102",486,140,"peace"
"9103",487,140,"peace"
"9104",488,140,"peace"
"9105",489,140,"peace"
"9106",490,140,"peace"
"9107",491,140,"peace"
"9108",492,140,"peace"
"9109",493,140,"peace"
"9110",494,140,"peace"
"9111",495,140,"peace"
"9112",496,140,"peace"
"9113",497,140,"peace"
"9114",498,140,"peace"
"9115",499,140,"peace"
"9116",500,140,"peace"
"9117",501,140,"peace"
"9118",502,140,"peace"
"9119",503,140,"peace"
"9120",504,140,"peace"
"9121",505,140,"peace"
"9122",506,140,"peace"
"9123",507,140,"peace"
"9124",508,140,"peace"
"9125",509,140,"peace"
"9126",510,140,"peace"
"9127",511,140,"peace"
"9128",512,140,"peace"
"9129",513,140,"peace"
"9130",514,140,"peace"
"9131",515,140,"peace"
"9132",516,140,"peace"
"9133",517,140,"peace"
"9134",518,140,"peace"
"9135",519,140,"peace"
"9136",520,140,"peace"
"9137",521,140,"peace"
"9138",522,140,"peace"
"9139",523,140,"peace"
"9140",524,140,"peace"
"9141",525,140,"peace"
"9142",526,140,"peace"
"9143",527,140,"peace"
"9144",528,140,"peace"
"9145",457,142,"peace"
"9146",458,142,"peace"
"9147",459,142,"peace"
"9148",460,142,"peace"
"9149",461,142,"peace"
"9150",462,142,"peace"
"9151",463,142,"peace"
"9152",464,142,"peace"
"9153",465,142,"peace"
"9154",466,142,"peace"
"9155",467,142,"peace"
"9156",468,142,"peace"
"9157",469,142,"peace"
"9158",470,142,"peace"
"9159",471,142,"peace"
"9160",472,142,"peace"
"9161",473,142,"peace"
"9162",474,142,"peace"
"9163",475,142,"peace"
"9164",476,142,"peace"
"9165",477,142,"peace"
"9166",478,142,"peace"
"9167",479,142,"peace"
"9168",480,142,"peace"
"9169",481,142,"peace"
"9170",482,142,"peace"
"9171",483,142,"peace"
"9172",484,142,"peace"
"9173",485,142,"peace"
"9174",486,142,"peace"
"9175",487,142,"peace"
"9176",488,142,"peace"
"9177",489,142,"peace"
"9178",490,142,"peace"
"9179",491,142,"peace"
"9180",492,142,"peace"
"9181",493,142,"peace"
"9182",494,142,"peace"
"9183",495,142,"peace"
"9184",496,142,"peace"
"9185",497,142,"peace"
"9186",498,142,"peace"
"9187",499,142,"peace"
"9188",500,142,"peace"
"9189",501,142,"peace"
"9190",502,142,"peace"
"9191",503,142,"peace"
"9192",504,142,"peace"
"9193",505,142,"peace"
"9194",506,142,"peace"
"9195",507,142,"peace"
"9196",508,142,"peace"
"9197",509,142,"peace"
"9198",510,142,"peace"
"9199",511,142,"peace"
"9200",512,142,"peace"
"9201",513,142,"peace"
"9202",514,142,"peace"
"9203",515,142,"peace"
"9204",516,142,"peace"
"9205",517,142,"peace"
"9206",518,142,"peace"
"9207",519,142,"peace"
"9208",520,142,"peace"
"9209",521,142,"peace"
"9210",522,142,"peace"
"9211",523,142,"peace"
"9212",524,142,"peace"
"9213",525,142,"peace"
"9214",526,142,"peace"
"9215",527,142,"peace"
"9216",528,142,"peace"
"9217",457,143,"peace"
"9218",458,143,"peace"
"9219",459,143,"peace"
"9220",460,143,"peace"
"9221",461,143,"peace"
"9222",462,143,"peace"
"9223",463,143,"peace"
"9224",464,143,"peace"
"9225",465,143,"peace"
"9226",466,143,"peace"
"9227",467,143,"peace"
"9228",468,143,"peace"
"9229",469,143,"peace"
"9230",470,143,"peace"
"9231",471,143,"peace"
"9232",472,143,"peace"
"9233",473,143,"peace"
"9234",474,143,"peace"
"9235",475,143,"peace"
"9236",476,143,"peace"
"9237",477,143,"peace"
"9238",478,143,"peace"
"9239",479,143,"peace"
"9240",480,143,"peace"
"9241",481,143,"peace"
"9242",482,143,"peace"
"9243",483,143,"peace"
"9244",484,143,"peace"
"9245",485,143,"peace"
"9246",486,143,"peace"
"9247",487,143,"peace"
"9248",488,143,"peace"
"9249",489,143,"peace"
"9250",490,143,"peace"
"9251",491,143,"peace"
"9252",492,143,"peace"
"9253",493,143,"peace"
"9254",494,143,"peace"
"9255",495,143,"peace"
"9256",496,143,"peace"
"9257",497,143,"peace"
"9258",498,143,"peace"
"9259",499,143,"peace"
"9260",500,143,"peace"
"9261",501,143,"peace"
"9262",502,143,"peace"
"9263",503,143,"peace"
"9264",504,143,"peace"
"9265",505,143,"peace"
"9266",506,143,"peace"
"9267",507,143,"peace"
"9268",508,143,"peace"
"9269",509,143,"peace"
"9270",510,143,"peace"
"9271",511,143,"peace"
"9272",512,143,"peace"
"9273",513,143,"peace"
"9274",514,143,"peace"
"9275",515,143,"peace"
"9276",516,143,"peace"
"9277",517,143,"peace"
"9278",518,143,"peace"
"9279",519,143,"peace"
"9280",520,143,"peace"
"9281",521,143,"peace"
"9282",522,143,"peace"
"9283",523,143,"peace"
"9284",524,143,"peace"
"9285",525,143,"peace"
"9286",526,143,"peace"
"9287",527,143,"peace"
"9288",528,143,"peace"
"9289",457,144,"peace"
"9290",458,144,"peace"
"9291",459,144,"peace"
"9292",460,144,"peace"
"9293",461,144,"peace"
"9294",462,144,"peace"
"9295",463,144,"peace"
"9296",464,144,"peace"
"9297",465,144,"peace"
"9298",466,144,"peace"
"9299",467,144,"peace"
"9300",468,144,"peace"
"9301",469,144,"peace"
"9302",470,144,"peace"
"9303",471,144,"peace"
"9304",472,144,"peace"
"9305",473,144,"peace"
"9306",474,144,"peace"
"9307",475,144,"peace"
"9308",476,144,"peace"
"9309",477,144,"peace"
"9310",478,144,"peace"
"9311",479,144,"peace"
"9312",480,144,"peace"
"9313",481,144,"peace"
"9314",482,144,"peace"
"9315",483,144,"peace"
"9316",484,144,"peace"
"9317",485,144,"peace"
"9318",486,144,"peace"
"9319",487,144,"peace"
"9320",488,144,"peace"
"9321",489,144,"peace"
"9322",490,144,"peace"
"9323",491,144,"peace"
"9324",492,144,"peace"
"9325",493,144,"peace"
"9326",494,144,"peace"
"9327",495,144,"peace"
"9328",496,144,"peace"
"9329",497,144,"peace"
"9330",498,144,"peace"
"9331",499,144,"peace"
"9332",500,144,"peace"
"9333",501,144,"peace"
"9334",502,144,"peace"
"9335",503,144,"peace"
"9336",504,144,"peace"
"9337",505,144,"peace"
"9338",506,144,"peace"
"9339",507,144,"peace"
"9340",508,144,"peace"
"9341",509,144,"peace"
"9342",510,144,"peace"
"9343",511,144,"peace"
"9344",512,144,"peace"
"9345",513,144,"peace"
"9346",514,144,"peace"
"9347",515,144,"peace"
"9348",516,144,"peace"
"9349",517,144,"peace"
"9350",518,144,"peace"
"9351",519,144,"peace"
"9352",520,144,"peace"
"9353",521,144,"peace"
"9354",522,144,"peace"
"9355",523,144,"peace"
"9356",524,144,"peace"
"9357",525,144,"peace"
"9358",526,144,"peace"
"9359",527,144,"peace"
"9360",528,144,"peace"
"9361",457,145,"conflict"
"9362",458,145,"conflict"
"9363",459,145,"conflict"
"9364",460,145,"conflict"
"9365",461,145,"conflict"
"9366",462,145,"conflict"
"9367",463,145,"conflict"
"9368",464,145,"conflict"
"9369",465,145,"conflict"
"9370",466,145,"conflict"
"9371",467,145,"conflict"
"9372",468,145,"conflict"
"9373",469,145,"conflict"
"9374",470,145,"conflict"
"9375",471,145,"conflict"
"9376",472,145,"conflict"
"9377",473,145,"conflict"
"9378",474,145,"conflict"
"9379",475,145,"conflict"
"9380",476,145,"conflict"
"9381",477,145,"conflict"
"9382",478,145,"conflict"
"9383",479,145,"conflict"
"9384",480,145,"conflict"
"9385",481,145,"conflict"
"9386",482,145,"conflict"
"9387",483,145,"conflict"
"9388",484,145,"conflict"
"9389",485,145,"conflict"
"9390",486,145,"conflict"
"9391",487,145,"conflict"
"9392",488,145,"conflict"
"9393",489,145,"conflict"
"9394",490,145,"conflict"
"9395",491,145,"conflict"
"9396",492,145,"conflict"
"9397",493,145,"conflict"
"9398",494,145,"conflict"
"9399",495,145,"conflict"
"9400",496,145,"conflict"
"9401",497,145,"conflict"
"9402",498,145,"conflict"
"9403",499,145,"conflict"
"9404",500,145,"conflict"
"9405",501,145,"conflict"
"9406",502,145,"conflict"
"9407",503,145,"conflict"
"9408",504,145,"conflict"
"9409",505,145,"conflict"
"9410",506,145,"conflict"
"9411",507,145,"conflict"
"9412",508,145,"conflict"
"9413",509,145,"conflict"
"9414",510,145,"conflict"
"9415",511,145,"conflict"
"9416",512,145,"conflict"
"9417",513,145,"conflict"
"9418",514,145,"conflict"
"9419",515,145,"conflict"
"9420",516,145,"deescalation"
"9421",517,145,"conflict"
"9422",518,145,"conflict"
"9423",519,145,"conflict"
"9424",520,145,"conflict"
"9425",521,145,"conflict"
"9426",522,145,"conflict"
"9427",523,145,"conflict"
"9428",524,145,"conflict"
"9429",525,145,"conflict"
"9430",526,145,"conflict"
"9431",527,145,"conflict"
"9432",528,145,"conflict"
"9433",457,146,"peace"
"9434",458,146,"peace"
"9435",459,146,"peace"
"9436",460,146,"peace"
"9437",461,146,"peace"
"9438",462,146,"peace"
"9439",463,146,"peace"
"9440",464,146,"peace"
"9441",465,146,"peace"
"9442",466,146,"peace"
"9443",467,146,"peace"
"9444",468,146,"peace"
"9445",469,146,"peace"
"9446",470,146,"peace"
"9447",471,146,"peace"
"9448",472,146,"peace"
"9449",473,146,"peace"
"9450",474,146,"peace"
"9451",475,146,"peace"
"9452",476,146,"peace"
"9453",477,146,"peace"
"9454",478,146,"peace"
"9455",479,146,"peace"
"9456",480,146,"peace"
"9457",481,146,"peace"
"9458",482,146,"peace"
"9459",483,146,"peace"
"9460",484,146,"peace"
"9461",485,146,"peace"
"9462",486,146,"peace"
"9463",487,146,"peace"
"9464",488,146,"peace"
"9465",489,146,"peace"
"9466",490,146,"peace"
"9467",491,146,"peace"
"9468",492,146,"peace"
"9469",493,146,"peace"
"9470",494,146,"peace"
"9471",495,146,"peace"
"9472",496,146,"peace"
"9473",497,146,"peace"
"9474",498,146,"peace"
"9475",499,146,"peace"
"9476",500,146,"peace"
"9477",501,146,"peace"
"9478",502,146,"peace"
"9479",503,146,"peace"
"9480",504,146,"peace"
"9481",505,146,"peace"
"9482",506,146,"peace"
"9483",507,146,"peace"
"9484",508,146,"peace"
"9485",509,146,"peace"
"9486",510,146,"peace"
"9487",511,146,"peace"
"9488",512,146,"peace"
"9489",513,146,"peace"
"9490",514,146,"peace"
"9491",515,146,"peace"
"9492",516,146,"peace"
"9493",517,146,"peace"
"9494",518,146,"peace"
"9495",519,146,"peace"
"9496",520,146,"peace"
"9497",521,146,"peace"
"9498",522,146,"peace"
"9499",523,146,"peace"
"9500",524,146,"peace"
"9501",525,146,"peace"
"9502",526,146,"peace"
"9503",527,146,"peace"
"9504",528,146,"peace"
"9505",457,147,"peace"
"9506",458,147,"peace"
"9507",459,147,"peace"
"9508",460,147,"peace"
"9509",461,147,"peace"
"9510",462,147,"peace"
"9511",463,147,"peace"
"9512",464,147,"peace"
"9513",465,147,"peace"
"9514",466,147,"peace"
"9515",467,147,"peace"
"9516",468,147,"peace"
"9517",469,147,"peace"
"9518",470,147,"peace"
"9519",471,147,"peace"
"9520",472,147,"peace"
"9521",473,147,"peace"
"9522",474,147,"peace"
"9523",475,147,"peace"
"9524",476,147,"peace"
"9525",477,147,"peace"
"9526",478,147,"peace"
"9527",479,147,"peace"
"9528",480,147,"peace"
"9529",481,147,"peace"
"9530",482,147,"peace"
"9531",483,147,"peace"
"9532",484,147,"peace"
"9533",485,147,"peace"
"9534",486,147,"peace"
"9535",487,147,"peace"
"9536",488,147,"peace"
"9537",489,147,"peace"
"9538",490,147,"peace"
"9539",491,147,"peace"
"9540",492,147,"peace"
"9541",493,147,"peace"
"9542",494,147,"peace"
"9543",495,147,"peace"
"9544",496,147,"peace"
"9545",497,147,"peace"
"9546",498,147,"peace"
"9547",499,147,"peace"
"9548",500,147,"peace"
"9549",501,147,"peace"
"9550",502,147,"peace"
"9551",503,147,"peace"
"9552",504,147,"peace"
"9553",505,147,"peace"
"9554",506,147,"peace"
"9555",507,147,"peace"
"9556",508,147,"peace"
"9557",509,147,"peace"
"9558",510,147,"peace"
"9559",511,147,"peace"
"9560",512,147,"peace"
"9561",513,147,"peace"
"9562",514,147,"peace"
"9563",515,147,"peace"
"9564",516,147,"peace"
"9565",517,147,"peace"
"9566",518,147,"peace"
"9567",519,147,"peace"
"9568",520,147,"peace"
"9569",521,147,"peace"
"9570",522,147,"peace"
"9571",523,147,"peace"
"9572",524,147,"peace"
"9573",525,147,"peace"
"9574",526,147,"peace"
"9575",527,147,"peace"
"9576",528,147,"peace"
"9577",457,148,"peace"
"9578",458,148,"peace"
"9579",459,148,"peace"
"9580",460,148,"peace"
"9581",461,148,"peace"
"9582",462,148,"peace"
"9583",463,148,"peace"
"9584",464,148,"peace"
"9585",465,148,"peace"
"9586",466,148,"peace"
"9587",467,148,"peace"
"9588",468,148,"peace"
"9589",469,148,"peace"
"9590",470,148,"peace"
"9591",471,148,"peace"
"9592",472,148,"peace"
"9593",473,148,"peace"
"9594",474,148,"peace"
"9595",475,148,"peace"
"9596",476,148,"peace"
"9597",477,148,"peace"
"9598",478,148,"peace"
"9599",479,148,"peace"
"9600",480,148,"peace"
"9601",481,148,"peace"
"9602",482,148,"peace"
"9603",483,148,"peace"
"9604",484,148,"peace"
"9605",485,148,"peace"
"9606",486,148,"peace"
"9607",487,148,"peace"
"9608",488,148,"peace"
"9609",489,148,"peace"
"9610",490,148,"peace"
"9611",491,148,"peace"
"9612",492,148,"peace"
"9613",493,148,"peace"
"9614",494,148,"peace"
"9615",495,148,"peace"
"9616",496,148,"peace"
"9617",497,148,"peace"
"9618",498,148,"peace"
"9619",499,148,"peace"
"9620",500,148,"peace"
"9621",501,148,"peace"
"9622",502,148,"peace"
"9623",503,148,"peace"
"9624",504,148,"peace"
"9625",505,148,"peace"
"9626",506,148,"peace"
"9627",507,148,"peace"
"9628",508,148,"peace"
"9629",509,148,"peace"
"9630",510,148,"peace"
"9631",511,148,"peace"
"9632",512,148,"peace"
"9633",513,148,"peace"
"9634",514,148,"peace"
"9635",515,148,"peace"
"9636",516,148,"peace"
"9637",517,148,"peace"
"9638",518,148,"peace"
"9639",519,148,"peace"
"9640",520,148,"peace"
"9641",521,148,"peace"
"9642",522,148,"peace"
"9643",523,148,"peace"
"9644",524,148,"peace"
"9645",525,148,"peace"
"9646",526,148,"peace"
"9647",527,148,"peace"
"9648",528,148,"peace"
"9649",457,149,"onset"
"9650",458,149,"peace"
"9651",459,149,"peace"
"9652",460,149,"onset"
"9653",461,149,"onset"
"9654",462,149,"onset"
"9655",463,149,"onset"
"9656",464,149,"onset"
"9657",465,149,"onset"
"9658",466,149,"peace"
"9659",467,149,"onset"
"9660",468,149,"onset"
"9661",469,149,"onset"
"9662",470,149,"onset"
"9663",471,149,"onset"
"9664",472,149,"onset"
"9665",473,149,"onset"
"9666",474,149,"onset"
"9667",475,149,"onset"
"9668",476,149,"onset"
"9669",477,149,"onset"
"9670",478,149,"onset"
"9671",479,149,"onset"
"9672",480,149,"onset"
"9673",481,149,"conflict"
"9674",482,149,"conflict"
"9675",483,149,"conflict"
"9676",484,149,"conflict"
"9677",485,149,"conflict"
"9678",486,149,"conflict"
"9679",487,149,"conflict"
"9680",488,149,"conflict"
"9681",489,149,"conflict"
"9682",490,149,"conflict"
"9683",491,149,"conflict"
"9684",492,149,"deescalation"
"9685",493,149,"deescalation"
"9686",494,149,"conflict"
"9687",495,149,"conflict"
"9688",496,149,"conflict"
"9689",497,149,"conflict"
"9690",498,149,"conflict"
"9691",499,149,"conflict"
"9692",500,149,"conflict"
"9693",501,149,"conflict"
"9694",502,149,"conflict"
"9695",503,149,"conflict"
"9696",504,149,"conflict"
"9697",505,149,"conflict"
"9698",506,149,"conflict"
"9699",507,149,"conflict"
"9700",508,149,"conflict"
"9701",509,149,"conflict"
"9702",510,149,"conflict"
"9703",511,149,"conflict"
"9704",512,149,"conflict"
"9705",513,149,"conflict"
"9706",514,149,"conflict"
"9707",515,149,"conflict"
"9708",516,149,"conflict"
"9709",517,149,"conflict"
"9710",518,149,"conflict"
"9711",519,149,"conflict"
"9712",520,149,"conflict"
"9713",521,149,"conflict"
"9714",522,149,"conflict"
"9715",523,149,"conflict"
"9716",524,149,"conflict"
"9717",525,149,"conflict"
"9718",526,149,"conflict"
"9719",527,149,"conflict"
"9720",528,149,"conflict"
"9721",457,150,"conflict"
"9722",458,150,"conflict"
"9723",459,150,"deescalation"
"9724",460,150,"conflict"
"9725",461,150,"deescalation"
"9726",462,150,"conflict"
"9727",463,150,"conflict"
"9728",464,150,"conflict"
"9729",465,150,"conflict"
"9730",466,150,"conflict"
"9731",467,150,"conflict"
"9732",468,150,"conflict"
"9733",469,150,"conflict"
"9734",470,150,"conflict"
"9735",471,150,"conflict"
"9736",472,150,"conflict"
"9737",473,150,"conflict"
"9738",474,150,"deescalation"
"9739",475,150,"conflict"
"9740",476,150,"deescalation"
"9741",477,150,"deescalation"
"9742",478,150,"deescalation"
"9743",479,150,"conflict"
"9744",480,150,"conflict"
"9745",481,150,"onset"
"9746",482,150,"onset"
"9747",483,150,"onset"
"9748",484,150,"onset"
"9749",485,150,"onset"
"9750",486,150,"onset"
"9751",487,150,"onset"
"9752",488,150,"onset"
"9753",489,150,"onset"
"9754",490,150,"onset"
"9755",491,150,"peace"
"9756",492,150,"onset"
"9757",493,150,"deescalation"
"9758",494,150,"conflict"
"9759",495,150,"conflict"
"9760",496,150,"conflict"
"9761",497,150,"conflict"
"9762",498,150,"conflict"
"9763",499,150,"conflict"
"9764",500,150,"conflict"
"9765",501,150,"conflict"
"9766",502,150,"conflict"
"9767",503,150,"conflict"
"9768",504,150,"conflict"
"9769",505,150,"conflict"
"9770",506,150,"conflict"
"9771",507,150,"conflict"
"9772",508,150,"conflict"
"9773",509,150,"deescalation"
"9774",510,150,"deescalation"
"9775",511,150,"conflict"
"9776",512,150,"conflict"
"9777",513,150,"conflict"
"9778",514,150,"conflict"
"9779",515,150,"conflict"
"9780",516,150,"conflict"
"9781",517,150,"conflict"
"9782",518,150,"conflict"
"9783",519,150,"conflict"
"9784",520,150,"conflict"
"9785",521,150,"conflict"
"9786",522,150,"conflict"
"9787",523,150,"conflict"
"9788",524,150,"conflict"
"9789",525,150,"conflict"
"9790",526,150,"conflict"
"9791",527,150,"conflict"
"9792",528,150,"deescalation"
"9793",457,151,"peace"
"9794",458,151,"peace"
"9795",459,151,"peace"
"9796",460,151,"peace"
"9797",461,151,"peace"
"9798",462,151,"peace"
"9799",463,151,"peace"
"9800",464,151,"peace"
"9801",465,151,"peace"
"9802",466,151,"peace"
"9803",467,151,"peace"
"9804",468,151,"peace"
"9805",469,151,"peace"
"9806",470,151,"peace"
"9807",471,151,"peace"
"9808",472,151,"peace"
"9809",473,151,"peace"
"9810",474,151,"peace"
"9811",475,151,"peace"
"9812",476,151,"peace"
"9813",477,151,"peace"
"9814",478,151,"peace"
"9815",479,151,"peace"
"9816",480,151,"peace"
"9817",481,151,"peace"
"9818",482,151,"peace"
"9819",483,151,"peace"
"9820",484,151,"peace"
"9821",485,151,"peace"
"9822",486,151,"peace"
"9823",487,151,"peace"
"9824",488,151,"peace"
"9825",489,151,"peace"
"9826",490,151,"peace"
"9827",491,151,"peace"
"9828",492,151,"peace"
"9829",493,151,"peace"
"9830",494,151,"peace"
"9831",495,151,"peace"
"9832",496,151,"peace"
"9833",497,151,"peace"
"9834",498,151,"peace"
"9835",499,151,"peace"
"9836",500,151,"peace"
"9837",501,151,"peace"
"9838",502,151,"peace"
"9839",503,151,"peace"
"9840",504,151,"peace"
"9841",505,151,"peace"
"9842",506,151,"peace"
"9843",507,151,"peace"
"9844",508,151,"peace"
"9845",509,151,"peace"
"9846",510,151,"peace"
"9847",511,151,"peace"
"9848",512,151,"peace"
"9849",513,151,"peace"
"9850",514,151,"peace"
"9851",515,151,"peace"
"9852",516,151,"peace"
"9853",517,151,"peace"
"9854",518,151,"peace"
"9855",519,151,"peace"
"9856",520,151,"peace"
"9857",521,151,"peace"
"9858",522,151,"peace"
"9859",523,151,"peace"
"9860",524,151,"peace"
"9861",525,151,"peace"
"9862",526,151,"peace"
"9863",527,151,"peace"
"9864",528,151,"peace"
"9865",457,152,"peace"
"9866",458,152,"peace"
"9867",459,152,"peace"
"9868",460,152,"peace"
"9869",461,152,"peace"
"9870",462,152,"peace"
"9871",463,152,"peace"
"9872",464,152,"peace"
"9873",465,152,"peace"
"9874",466,152,"peace"
"9875",467,152,"peace"
"9876",468,152,"peace"
"9877",469,152,"peace"
"9878",470,152,"peace"
"9879",471,152,"peace"
"9880",472,152,"peace"
"9881",473,152,"peace"
"9882",474,152,"peace"
"9883",475,152,"peace"
"9884",476,152,"peace"
"9885",477,152,"peace"
"9886",478,152,"peace"
"9887",479,152,"peace"
"9888",480,152,"peace"
"9889",481,152,"peace"
"9890",482,152,"peace"
"9891",483,152,"peace"
"9892",484,152,"peace"
"9893",485,152,"peace"
"9894",486,152,"peace"
"9895",487,152,"peace"
"9896",488,152,"peace"
"9897",489,152,"peace"
"9898",490,152,"peace"
"9899",491,152,"peace"
"9900",492,152,"peace"
"9901",493,152,"peace"
"9902",494,152,"peace"
"9903",495,152,"peace"
"9904",496,152,"peace"
"9905",497,152,"peace"
"9906",498,152,"peace"
"9907",499,152,"peace"
"9908",500,152,"peace"
"9909",501,152,"peace"
"9910",502,152,"peace"
"9911",503,152,"peace"
"9912",504,152,"peace"
"9913",505,152,"peace"
"9914",506,152,"peace"
"9915",507,152,"peace"
"9916",508,152,"peace"
"9917",509,152,"peace"
"9918",510,152,"peace"
"9919",511,152,"peace"
"9920",512,152,"peace"
"9921",513,152,"peace"
"9922",514,152,"peace"
"9923",515,152,"peace"
"9924",516,152,"peace"
"9925",517,152,"peace"
"9926",518,152,"peace"
"9927",519,152,"peace"
"9928",520,152,"peace"
"9929",521,152,"peace"
"9930",522,152,"peace"
"9931",523,152,"peace"
"9932",524,152,"peace"
"9933",525,152,"peace"
"9934",526,152,"peace"
"9935",527,152,"peace"
"9936",528,152,"peace"
"9937",457,153,"peace"
"9938",458,153,"peace"
"9939",459,153,"peace"
"9940",460,153,"peace"
"9941",461,153,"peace"
"9942",462,153,"peace"
"9943",463,153,"peace"
"9944",464,153,"peace"
"9945",465,153,"peace"
"9946",466,153,"peace"
"9947",467,153,"peace"
"9948",468,153,"peace"
"9949",469,153,"peace"
"9950",470,153,"peace"
"9951",471,153,"peace"
"9952",472,153,"peace"
"9953",473,153,"peace"
"9954",474,153,"peace"
"9955",475,153,"peace"
"9956",476,153,"peace"
"9957",477,153,"peace"
"9958",478,153,"peace"
"9959",479,153,"peace"
"9960",480,153,"peace"
"9961",481,153,"peace"
"9962",482,153,"peace"
"9963",483,153,"peace"
"9964",484,153,"peace"
"9965",485,153,"peace"
"9966",486,153,"peace"
"9967",487,153,"peace"
"9968",488,153,"peace"
"9969",489,153,"peace"
"9970",490,153,"peace"
"9971",491,153,"peace"
"9972",492,153,"peace"
"9973",493,153,"peace"
"9974",494,153,"peace"
"9975",495,153,"peace"
"9976",496,153,"peace"
"9977",497,153,"peace"
"9978",498,153,"peace"
"9979",499,153,"peace"
"9980",500,153,"peace"
"9981",501,153,"peace"
"9982",502,153,"peace"
"9983",503,153,"peace"
"9984",504,153,"peace"
"9985",505,153,"peace"
"9986",506,153,"peace"
"9987",507,153,"peace"
"9988",508,153,"peace"
"9989",509,153,"peace"
"9990",510,153,"peace"
"9991",511,153,"peace"
"9992",512,153,"peace"
"9993",513,153,"peace"
"9994",514,153,"peace"
"9995",515,153,"peace"
"9996",516,153,"peace"
"9997",517,153,"peace"
"9998",518,153,"peace"
"9999",519,153,"peace"
"10000",520,153,"peace"
"10001",521,153,"peace"
"10002",522,153,"peace"
"10003",523,153,"peace"
"10004",524,153,"peace"
"10005",525,153,"peace"
"10006",526,153,"peace"
"10007",527,153,"peace"
"10008",528,153,"peace"
"10009",457,154,"peace"
"10010",458,154,"peace"
"10011",459,154,"peace"
"10012",460,154,"peace"
"10013",461,154,"peace"
"10014",462,154,"peace"
"10015",463,154,"peace"
"10016",464,154,"peace"
"10017",465,154,"peace"
"10018",466,154,"peace"
"10019",467,154,"peace"
"10020",468,154,"peace"
"10021",469,154,"peace"
"10022",470,154,"peace"
"10023",471,154,"peace"
"10024",472,154,"peace"
"10025",473,154,"peace"
"10026",474,154,"peace"
"10027",475,154,"peace"
"10028",476,154,"peace"
"10029",477,154,"peace"
"10030",478,154,"peace"
"10031",479,154,"peace"
"10032",480,154,"peace"
"10033",481,154,"peace"
"10034",482,154,"peace"
"10035",483,154,"peace"
"10036",484,154,"peace"
"10037",485,154,"peace"
"10038",486,154,"peace"
"10039",487,154,"peace"
"10040",488,154,"peace"
"10041",489,154,"peace"
"10042",490,154,"peace"
"10043",491,154,"peace"
"10044",492,154,"peace"
"10045",493,154,"peace"
"10046",494,154,"peace"
"10047",495,154,"peace"
"10048",496,154,"peace"
"10049",497,154,"peace"
"10050",498,154,"peace"
"10051",499,154,"peace"
"10052",500,154,"peace"
"10053",501,154,"peace"
"10054",502,154,"peace"
"10055",503,154,"peace"
"10056",504,154,"peace"
"10057",505,154,"peace"
"10058",506,154,"peace"
"10059",507,154,"peace"
"10060",508,154,"peace"
"10061",509,154,"peace"
"10062",510,154,"peace"
"10063",511,154,"peace"
"10064",512,154,"peace"
"10065",513,154,"peace"
"10066",514,154,"peace"
"10067",515,154,"peace"
"10068",516,154,"peace"
"10069",517,154,"peace"
"10070",518,154,"peace"
"10071",519,154,"peace"
"10072",520,154,"peace"
"10073",521,154,"peace"
"10074",522,154,"peace"
"10075",523,154,"peace"
"10076",524,154,"peace"
"10077",525,154,"peace"
"10078",526,154,"peace"
"10079",527,154,"peace"
"10080",528,154,"peace"
"10081",457,155,"peace"
"10082",458,155,"onset"
"10083",459,155,"peace"
"10084",460,155,"peace"
"10085",461,155,"peace"
"10086",462,155,"peace"
"10087",463,155,"peace"
"10088",464,155,"onset"
"10089",465,155,"onset"
"10090",466,155,"peace"
"10091",467,155,"peace"
"10092",468,155,"peace"
"10093",469,155,"peace"
"10094",470,155,"peace"
"10095",471,155,"peace"
"10096",472,155,"peace"
"10097",473,155,"peace"
"10098",474,155,"peace"
"10099",475,155,"peace"
"10100",476,155,"peace"
"10101",477,155,"peace"
"10102",478,155,"onset"
"10103",479,155,"peace"
"10104",480,155,"peace"
"10105",481,155,"deescalation"
"10106",482,155,"deescalation"
"10107",483,155,"deescalation"
"10108",484,155,"deescalation"
"10109",485,155,"deescalation"
"10110",486,155,"deescalation"
"10111",487,155,"deescalation"
"10112",488,155,"conflict"
"10113",489,155,"conflict"
"10114",490,155,"deescalation"
"10115",491,155,"deescalation"
"10116",492,155,"deescalation"
"10117",493,155,"peace"
"10118",494,155,"peace"
"10119",495,155,"peace"
"10120",496,155,"peace"
"10121",497,155,"onset"
"10122",498,155,"peace"
"10123",499,155,"peace"
"10124",500,155,"peace"
"10125",501,155,"peace"
"10126",502,155,"peace"
"10127",503,155,"peace"
"10128",504,155,"onset"
"10129",505,155,"peace"
"10130",506,155,"peace"
"10131",507,155,"peace"
"10132",508,155,"peace"
"10133",509,155,"peace"
"10134",510,155,"onset"
"10135",511,155,"peace"
"10136",512,155,"peace"
"10137",513,155,"peace"
"10138",514,155,"peace"
"10139",515,155,"peace"
"10140",516,155,"peace"
"10141",517,155,"peace"
"10142",518,155,"peace"
"10143",519,155,"peace"
"10144",520,155,"peace"
"10145",521,155,"peace"
"10146",522,155,"peace"
"10147",523,155,"peace"
"10148",524,155,"peace"
"10149",525,155,"onset"
"10150",526,155,"peace"
"10151",527,155,"peace"
"10152",528,155,"onset"
"10153",457,156,"peace"
"10154",458,156,"peace"
"10155",459,156,"peace"
"10156",460,156,"peace"
"10157",461,156,"peace"
"10158",462,156,"peace"
"10159",463,156,"peace"
"10160",464,156,"peace"
"10161",465,156,"peace"
"10162",466,156,"peace"
"10163",467,156,"peace"
"10164",468,156,"onset"
"10165",469,156,"peace"
"10166",470,156,"peace"
"10167",471,156,"peace"
"10168",472,156,"peace"
"10169",473,156,"peace"
"10170",474,156,"peace"
"10171",475,156,"peace"
"10172",476,156,"peace"
"10173",477,156,"peace"
"10174",478,156,"onset"
"10175",479,156,"peace"
"10176",480,156,"peace"
"10177",481,156,"deescalation"
"10178",482,156,"deescalation"
"10179",483,156,"deescalation"
"10180",484,156,"deescalation"
"10181",485,156,"deescalation"
"10182",486,156,"deescalation"
"10183",487,156,"deescalation"
"10184",488,156,"deescalation"
"10185",489,156,"deescalation"
"10186",490,156,"deescalation"
"10187",491,156,"deescalation"
"10188",492,156,"deescalation"
"10189",493,156,"peace"
"10190",494,156,"peace"
"10191",495,156,"peace"
"10192",496,156,"peace"
"10193",497,156,"onset"
"10194",498,156,"peace"
"10195",499,156,"peace"
"10196",500,156,"peace"
"10197",501,156,"peace"
"10198",502,156,"peace"
"10199",503,156,"peace"
"10200",504,156,"peace"
"10201",505,156,"peace"
"10202",506,156,"peace"
"10203",507,156,"peace"
"10204",508,156,"peace"
"10205",509,156,"onset"
"10206",510,156,"onset"
"10207",511,156,"peace"
"10208",512,156,"peace"
"10209",513,156,"peace"
"10210",514,156,"peace"
"10211",515,156,"peace"
"10212",516,156,"peace"
"10213",517,156,"peace"
"10214",518,156,"peace"
"10215",519,156,"peace"
"10216",520,156,"peace"
"10217",521,156,"peace"
"10218",522,156,"peace"
"10219",523,156,"peace"
"10220",524,156,"peace"
"10221",525,156,"peace"
"10222",526,156,"peace"
"10223",527,156,"peace"
"10224",528,156,"peace"
"10225",457,157,"peace"
"10226",458,157,"peace"
"10227",459,157,"peace"
"10228",460,157,"peace"
"10229",461,157,"peace"
"10230",462,157,"peace"
"10231",463,157,"peace"
"10232",464,157,"peace"
"10233",465,157,"peace"
"10234",466,157,"peace"
"10235",467,157,"peace"
"10236",468,157,"peace"
"10237",469,157,"peace"
"10238",470,157,"peace"
"10239",471,157,"peace"
"10240",472,157,"peace"
"10241",473,157,"peace"
"10242",474,157,"peace"
"10243",475,157,"peace"
"10244",476,157,"peace"
"10245",477,157,"peace"
"10246",478,157,"peace"
"10247",479,157,"peace"
"10248",480,157,"peace"
"10249",481,157,"peace"
"10250",482,157,"peace"
"10251",483,157,"peace"
"10252",484,157,"peace"
"10253",485,157,"peace"
"10254",486,157,"peace"
"10255",487,157,"peace"
"10256",488,157,"peace"
"10257",489,157,"peace"
"10258",490,157,"peace"
"10259",491,157,"peace"
"10260",492,157,"peace"
"10261",493,157,"peace"
"10262",494,157,"peace"
"10263",495,157,"peace"
"10264",496,157,"peace"
"10265",497,157,"peace"
"10266",498,157,"peace"
"10267",499,157,"peace"
"10268",500,157,"peace"
"10269",501,157,"peace"
"10270",502,157,"peace"
"10271",503,157,"peace"
"10272",504,157,"peace"
"10273",505,157,"peace"
"10274",506,157,"peace"
"10275",507,157,"peace"
"10276",508,157,"peace"
"10277",509,157,"peace"
"10278",510,157,"peace"
"10279",511,157,"peace"
"10280",512,157,"peace"
"10281",513,157,"peace"
"10282",514,157,"peace"
"10283",515,157,"peace"
"10284",516,157,"peace"
"10285",517,157,"peace"
"10286",518,157,"peace"
"10287",519,157,"peace"
"10288",520,157,"peace"
"10289",521,157,"peace"
"10290",522,157,"peace"
"10291",523,157,"peace"
"10292",524,157,"peace"
"10293",525,157,"peace"
"10294",526,157,"peace"
"10295",527,157,"peace"
"10296",528,157,"peace"
"10297",457,158,"peace"
"10298",458,158,"peace"
"10299",459,158,"peace"
"10300",460,158,"peace"
"10301",461,158,"peace"
"10302",462,158,"peace"
"10303",463,158,"peace"
"10304",464,158,"peace"
"10305",465,158,"peace"
"10306",466,158,"peace"
"10307",467,158,"peace"
"10308",468,158,"peace"
"10309",469,158,"peace"
"10310",470,158,"peace"
"10311",471,158,"peace"
"10312",472,158,"peace"
"10313",473,158,"peace"
"10314",474,158,"peace"
"10315",475,158,"peace"
"10316",476,158,"peace"
"10317",477,158,"peace"
"10318",478,158,"peace"
"10319",479,158,"peace"
"10320",480,158,"peace"
"10321",481,158,"peace"
"10322",482,158,"peace"
"10323",483,158,"peace"
"10324",484,158,"peace"
"10325",485,158,"peace"
"10326",486,158,"peace"
"10327",487,158,"peace"
"10328",488,158,"peace"
"10329",489,158,"peace"
"10330",490,158,"peace"
"10331",491,158,"peace"
"10332",492,158,"peace"
"10333",493,158,"peace"
"10334",494,158,"peace"
"10335",495,158,"peace"
"10336",496,158,"peace"
"10337",497,158,"peace"
"10338",498,158,"peace"
"10339",499,158,"peace"
"10340",500,158,"peace"
"10341",501,158,"peace"
"10342",502,158,"peace"
"10343",503,158,"peace"
"10344",504,158,"peace"
"10345",505,158,"peace"
"10346",506,158,"peace"
"10347",507,158,"peace"
"10348",508,158,"peace"
"10349",509,158,"peace"
"10350",510,158,"peace"
"10351",511,158,"peace"
"10352",512,158,"peace"
"10353",513,158,"peace"
"10354",514,158,"peace"
"10355",515,158,"peace"
"10356",516,158,"peace"
"10357",517,158,"peace"
"10358",518,158,"peace"
"10359",519,158,"peace"
"10360",520,158,"peace"
"10361",521,158,"peace"
"10362",522,158,"peace"
"10363",523,158,"peace"
"10364",524,158,"peace"
"10365",525,158,"peace"
"10366",526,158,"peace"
"10367",527,158,"peace"
"10368",528,158,"peace"
"10369",457,159,"peace"
"10370",458,159,"peace"
"10371",459,159,"peace"
"10372",460,159,"peace"
"10373",461,159,"peace"
"10374",462,159,"peace"
"10375",463,159,"peace"
"10376",464,159,"peace"
"10377",465,159,"peace"
"10378",466,159,"peace"
"10379",467,159,"peace"
"10380",468,159,"peace"
"10381",469,159,"peace"
"10382",470,159,"peace"
"10383",471,159,"peace"
"10384",472,159,"peace"
"10385",473,159,"peace"
"10386",474,159,"peace"
"10387",475,159,"peace"
"10388",476,159,"peace"
"10389",477,159,"peace"
"10390",478,159,"peace"
"10391",479,159,"peace"
"10392",480,159,"peace"
"10393",481,159,"peace"
"10394",482,159,"peace"
"10395",483,159,"peace"
"10396",484,159,"peace"
"10397",485,159,"peace"
"10398",486,159,"peace"
"10399",487,159,"peace"
"10400",488,159,"peace"
"10401",489,159,"peace"
"10402",490,159,"peace"
"10403",491,159,"peace"
"10404",492,159,"peace"
"10405",493,159,"peace"
"10406",494,159,"peace"
"10407",495,159,"peace"
"10408",496,159,"peace"
"10409",497,159,"peace"
"10410",498,159,"peace"
"10411",499,159,"peace"
"10412",500,159,"peace"
"10413",501,159,"peace"
"10414",502,159,"peace"
"10415",503,159,"peace"
"10416",504,159,"peace"
"10417",505,159,"peace"
"10418",506,159,"peace"
"10419",507,159,"peace"
"10420",508,159,"peace"
"10421",509,159,"peace"
"10422",510,159,"peace"
"10423",511,159,"peace"
"10424",512,159,"peace"
"10425",513,159,"peace"
"10426",514,159,"peace"
"10427",515,159,"peace"
"10428",516,159,"peace"
"10429",517,159,"peace"
"10430",518,159,"peace"
"10431",519,159,"peace"
"10432",520,159,"peace"
"10433",521,159,"peace"
"10434",522,159,"peace"
"10435",523,159,"peace"
"10436",524,159,"peace"
"10437",525,159,"peace"
"10438",526,159,"peace"
"10439",527,159,"peace"
"10440",528,159,"peace"
"10441",457,160,"peace"
"10442",458,160,"peace"
"10443",459,160,"peace"
"10444",460,160,"peace"
"10445",461,160,"peace"
"10446",462,160,"peace"
"10447",463,160,"peace"
"10448",464,160,"peace"
"10449",465,160,"peace"
"10450",466,160,"peace"
"10451",467,160,"peace"
"10452",468,160,"peace"
"10453",469,160,"peace"
"10454",470,160,"peace"
"10455",471,160,"peace"
"10456",472,160,"peace"
"10457",473,160,"peace"
"10458",474,160,"peace"
"10459",475,160,"peace"
"10460",476,160,"peace"
"10461",477,160,"peace"
"10462",478,160,"peace"
"10463",479,160,"peace"
"10464",480,160,"peace"
"10465",481,160,"peace"
"10466",482,160,"peace"
"10467",483,160,"peace"
"10468",484,160,"peace"
"10469",485,160,"peace"
"10470",486,160,"peace"
"10471",487,160,"peace"
"10472",488,160,"peace"
"10473",489,160,"peace"
"10474",490,160,"peace"
"10475",491,160,"peace"
"10476",492,160,"peace"
"10477",493,160,"peace"
"10478",494,160,"peace"
"10479",495,160,"peace"
"10480",496,160,"peace"
"10481",497,160,"peace"
"10482",498,160,"peace"
"10483",499,160,"peace"
"10484",500,160,"peace"
"10485",501,160,"peace"
"10486",502,160,"peace"
"10487",503,160,"peace"
"10488",504,160,"peace"
"10489",505,160,"peace"
"10490",506,160,"peace"
"10491",507,160,"peace"
"10492",508,160,"peace"
"10493",509,160,"peace"
"10494",510,160,"peace"
"10495",511,160,"peace"
"10496",512,160,"peace"
"10497",513,160,"peace"
"10498",514,160,"peace"
"10499",515,160,"peace"
"10500",516,160,"peace"
"10501",517,160,"peace"
"10502",518,160,"peace"
"10503",519,160,"peace"
"10504",520,160,"peace"
"10505",521,160,"peace"
"10506",522,160,"peace"
"10507",523,160,"peace"
"10508",524,160,"peace"
"10509",525,160,"peace"
"10510",526,160,"peace"
"10511",527,160,"peace"
"10512",528,160,"peace"
"10513",457,161,"peace"
"10514",458,161,"peace"
"10515",459,161,"peace"
"10516",460,161,"peace"
"10517",461,161,"peace"
"10518",462,161,"peace"
"10519",463,161,"peace"
"10520",464,161,"peace"
"10521",465,161,"peace"
"10522",466,161,"peace"
"10523",467,161,"peace"
"10524",468,161,"peace"
"10525",469,161,"peace"
"10526",470,161,"peace"
"10527",471,161,"peace"
"10528",472,161,"peace"
"10529",473,161,"peace"
"10530",474,161,"peace"
"10531",475,161,"peace"
"10532",476,161,"peace"
"10533",477,161,"peace"
"10534",478,161,"peace"
"10535",479,161,"peace"
"10536",480,161,"peace"
"10537",481,161,"peace"
"10538",482,161,"peace"
"10539",483,161,"peace"
"10540",484,161,"peace"
"10541",485,161,"peace"
"10542",486,161,"peace"
"10543",487,161,"peace"
"10544",488,161,"peace"
"10545",489,161,"peace"
"10546",490,161,"peace"
"10547",491,161,"peace"
"10548",492,161,"peace"
"10549",493,161,"peace"
"10550",494,161,"peace"
"10551",495,161,"peace"
"10552",496,161,"peace"
"10553",497,161,"peace"
"10554",498,161,"peace"
"10555",499,161,"peace"
"10556",500,161,"peace"
"10557",501,161,"peace"
"10558",502,161,"peace"
"10559",503,161,"peace"
"10560",504,161,"peace"
"10561",505,161,"peace"
"10562",506,161,"peace"
"10563",507,161,"peace"
"10564",508,161,"peace"
"10565",509,161,"peace"
"10566",510,161,"peace"
"10567",511,161,"peace"
"10568",512,161,"peace"
"10569",513,161,"peace"
"10570",514,161,"peace"
"10571",515,161,"peace"
"10572",516,161,"peace"
"10573",517,161,"peace"
"10574",518,161,"peace"
"10575",519,161,"peace"
"10576",520,161,"peace"
"10577",521,161,"peace"
"10578",522,161,"peace"
"10579",523,161,"peace"
"10580",524,161,"peace"
"10581",525,161,"peace"
"10582",526,161,"peace"
"10583",527,161,"peace"
"10584",528,161,"peace"
"10585",457,162,"onset"
"10586",458,162,"peace"
"10587",459,162,"onset"
"10588",460,162,"peace"
"10589",461,162,"peace"
"10590",462,162,"onset"
"10591",463,162,"onset"
"10592",464,162,"onset"
"10593",465,162,"onset"
"10594",466,162,"peace"
"10595",467,162,"onset"
"10596",468,162,"onset"
"10597",469,162,"onset"
"10598",470,162,"peace"
"10599",471,162,"onset"
"10600",472,162,"onset"
"10601",473,162,"onset"
"10602",474,162,"onset"
"10603",475,162,"onset"
"10604",476,162,"onset"
"10605",477,162,"onset"
"10606",478,162,"onset"
"10607",479,162,"onset"
"10608",480,162,"onset"
"10609",481,162,"conflict"
"10610",482,162,"conflict"
"10611",483,162,"conflict"
"10612",484,162,"conflict"
"10613",485,162,"conflict"
"10614",486,162,"conflict"
"10615",487,162,"conflict"
"10616",488,162,"conflict"
"10617",489,162,"conflict"
"10618",490,162,"conflict"
"10619",491,162,"conflict"
"10620",492,162,"conflict"
"10621",493,162,"conflict"
"10622",494,162,"conflict"
"10623",495,162,"conflict"
"10624",496,162,"conflict"
"10625",497,162,"conflict"
"10626",498,162,"conflict"
"10627",499,162,"conflict"
"10628",500,162,"conflict"
"10629",501,162,"conflict"
"10630",502,162,"conflict"
"10631",503,162,"conflict"
"10632",504,162,"conflict"
"10633",505,162,"conflict"
"10634",506,162,"conflict"
"10635",507,162,"conflict"
"10636",508,162,"conflict"
"10637",509,162,"conflict"
"10638",510,162,"conflict"
"10639",511,162,"conflict"
"10640",512,162,"conflict"
"10641",513,162,"conflict"
"10642",514,162,"conflict"
"10643",515,162,"conflict"
"10644",516,162,"conflict"
"10645",517,162,"conflict"
"10646",518,162,"conflict"
"10647",519,162,"conflict"
"10648",520,162,"conflict"
"10649",521,162,"conflict"
"10650",522,162,"conflict"
"10651",523,162,"conflict"
"10652",524,162,"conflict"
"10653",525,162,"conflict"
"10654",526,162,"deescalation"
"10655",527,162,"conflict"
"10656",528,162,"conflict"
"10657",457,163,"peace"
"10658",458,163,"peace"
"10659",459,163,"peace"
"10660",460,163,"peace"
"10661",461,163,"peace"
"10662",462,163,"peace"
"10663",463,163,"peace"
"10664",464,163,"peace"
"10665",465,163,"peace"
"10666",466,163,"peace"
"10667",467,163,"peace"
"10668",468,163,"peace"
"10669",469,163,"peace"
"10670",470,163,"peace"
"10671",471,163,"peace"
"10672",472,163,"peace"
"10673",473,163,"peace"
"10674",474,163,"peace"
"10675",475,163,"peace"
"10676",476,163,"peace"
"10677",477,163,"peace"
"10678",478,163,"peace"
"10679",479,163,"peace"
"10680",480,163,"peace"
"10681",481,163,"peace"
"10682",482,163,"peace"
"10683",483,163,"peace"
"10684",484,163,"peace"
"10685",485,163,"peace"
"10686",486,163,"peace"
"10687",487,163,"peace"
"10688",488,163,"peace"
"10689",489,163,"peace"
"10690",490,163,"peace"
"10691",491,163,"peace"
"10692",492,163,"peace"
"10693",493,163,"peace"
"10694",494,163,"peace"
"10695",495,163,"peace"
"10696",496,163,"peace"
"10697",497,163,"peace"
"10698",498,163,"peace"
"10699",499,163,"peace"
"10700",500,163,"peace"
"10701",501,163,"peace"
"10702",502,163,"peace"
"10703",503,163,"peace"
"10704",504,163,"peace"
"10705",505,163,"peace"
"10706",506,163,"peace"
"10707",507,163,"peace"
"10708",508,163,"peace"
"10709",509,163,"peace"
"10710",510,163,"peace"
"10711",511,163,"peace"
"10712",512,163,"peace"
"10713",513,163,"peace"
"10714",514,163,"peace"
"10715",515,163,"peace"
"10716",516,163,"peace"
"10717",517,163,"peace"
"10718",518,163,"peace"
"10719",519,163,"peace"
"10720",520,163,"peace"
"10721",521,163,"peace"
"10722",522,163,"peace"
"10723",523,163,"peace"
"10724",524,163,"peace"
"10725",525,163,"peace"
"10726",526,163,"peace"
"10727",527,163,"peace"
"10728",528,163,"peace"
"10729",457,164,"peace"
"10730",458,164,"peace"
"10731",459,164,"peace"
"10732",460,164,"peace"
"10733",461,164,"peace"
"10734",462,164,"peace"
"10735",463,164,"peace"
"10736",464,164,"peace"
"10737",465,164,"peace"
"10738",466,164,"peace"
"10739",467,164,"peace"
"10740",468,164,"peace"
"10741",469,164,"peace"
"10742",470,164,"peace"
"10743",471,164,"peace"
"10744",472,164,"peace"
"10745",473,164,"peace"
"10746",474,164,"peace"
"10747",475,164,"peace"
"10748",476,164,"peace"
"10749",477,164,"peace"
"10750",478,164,"peace"
"10751",479,164,"peace"
"10752",480,164,"peace"
"10753",481,164,"peace"
"10754",482,164,"peace"
"10755",483,164,"peace"
"10756",484,164,"peace"
"10757",485,164,"peace"
"10758",486,164,"peace"
"10759",487,164,"peace"
"10760",488,164,"peace"
"10761",489,164,"peace"
"10762",490,164,"peace"
"10763",491,164,"peace"
"10764",492,164,"peace"
"10765",493,164,"peace"
"10766",494,164,"peace"
"10767",495,164,"peace"
"10768",496,164,"peace"
"10769",497,164,"peace"
"10770",498,164,"peace"
"10771",499,164,"peace"
"10772",500,164,"peace"
"10773",501,164,"peace"
"10774",502,164,"peace"
"10775",503,164,"peace"
"10776",504,164,"peace"
"10777",505,164,"peace"
"10778",506,164,"peace"
"10779",507,164,"peace"
"10780",508,164,"peace"
"10781",509,164,"peace"
"10782",510,164,"peace"
"10783",511,164,"peace"
"10784",512,164,"peace"
"10785",513,164,"peace"
"10786",514,164,"peace"
"10787",515,164,"peace"
"10788",516,164,"peace"
"10789",517,164,"peace"
"10790",518,164,"peace"
"10791",519,164,"peace"
"10792",520,164,"peace"
"10793",521,164,"peace"
"10794",522,164,"peace"
"10795",523,164,"peace"
"10796",524,164,"peace"
"10797",525,164,"peace"
"10798",526,164,"peace"
"10799",527,164,"peace"
"10800",528,164,"peace"
"10801",457,165,"peace"
"10802",458,165,"peace"
"10803",459,165,"onset"
"10804",460,165,"peace"
"10805",461,165,"peace"
"10806",462,165,"peace"
"10807",463,165,"peace"
"10808",464,165,"peace"
"10809",465,165,"peace"
"10810",466,165,"peace"
"10811",467,165,"peace"
"10812",468,165,"peace"
"10813",469,165,"onset"
"10814",470,165,"onset"
"10815",471,165,"onset"
"10816",472,165,"peace"
"10817",473,165,"peace"
"10818",474,165,"peace"
"10819",475,165,"onset"
"10820",476,165,"peace"
"10821",477,165,"peace"
"10822",478,165,"peace"
"10823",479,165,"peace"
"10824",480,165,"onset"
"10825",481,165,"peace"
"10826",482,165,"peace"
"10827",483,165,"peace"
"10828",484,165,"peace"
"10829",485,165,"peace"
"10830",486,165,"onset"
"10831",487,165,"onset"
"10832",488,165,"peace"
"10833",489,165,"onset"
"10834",490,165,"peace"
"10835",491,165,"peace"
"10836",492,165,"onset"
"10837",493,165,"peace"
"10838",494,165,"peace"
"10839",495,165,"peace"
"10840",496,165,"peace"
"10841",497,165,"peace"
"10842",498,165,"peace"
"10843",499,165,"peace"
"10844",500,165,"peace"
"10845",501,165,"peace"
"10846",502,165,"peace"
"10847",503,165,"peace"
"10848",504,165,"peace"
"10849",505,165,"peace"
"10850",506,165,"peace"
"10851",507,165,"peace"
"10852",508,165,"peace"
"10853",509,165,"peace"
"10854",510,165,"peace"
"10855",511,165,"peace"
"10856",512,165,"onset"
"10857",513,165,"peace"
"10858",514,165,"peace"
"10859",515,165,"peace"
"10860",516,165,"onset"
"10861",517,165,"peace"
"10862",518,165,"peace"
"10863",519,165,"peace"
"10864",520,165,"peace"
"10865",521,165,"peace"
"10866",522,165,"peace"
"10867",523,165,"peace"
"10868",524,165,"peace"
"10869",525,165,"peace"
"10870",526,165,"peace"
"10871",527,165,"peace"
"10872",528,165,"peace"
"10873",457,166,"peace"
"10874",458,166,"peace"
"10875",459,166,"peace"
"10876",460,166,"peace"
"10877",461,166,"peace"
"10878",462,166,"peace"
"10879",463,166,"peace"
"10880",464,166,"peace"
"10881",465,166,"peace"
"10882",466,166,"peace"
"10883",467,166,"peace"
"10884",468,166,"peace"
"10885",469,166,"peace"
"10886",470,166,"peace"
"10887",471,166,"peace"
"10888",472,166,"peace"
"10889",473,166,"peace"
"10890",474,166,"peace"
"10891",475,166,"peace"
"10892",476,166,"peace"
"10893",477,166,"peace"
"10894",478,166,"peace"
"10895",479,166,"peace"
"10896",480,166,"peace"
"10897",481,166,"peace"
"10898",482,166,"peace"
"10899",483,166,"peace"
"10900",484,166,"peace"
"10901",485,166,"peace"
"10902",486,166,"peace"
"10903",487,166,"peace"
"10904",488,166,"peace"
"10905",489,166,"peace"
"10906",490,166,"peace"
"10907",491,166,"peace"
"10908",492,166,"peace"
"10909",493,166,"peace"
"10910",494,166,"peace"
"10911",495,166,"peace"
"10912",496,166,"peace"
"10913",497,166,"peace"
"10914",498,166,"peace"
"10915",499,166,"peace"
"10916",500,166,"peace"
"10917",501,166,"peace"
"10918",502,166,"peace"
"10919",503,166,"peace"
"10920",504,166,"peace"
"10921",505,166,"peace"
"10922",506,166,"peace"
"10923",507,166,"peace"
"10924",508,166,"peace"
"10925",509,166,"onset"
"10926",510,166,"peace"
"10927",511,166,"peace"
"10928",512,166,"peace"
"10929",513,166,"peace"
"10930",514,166,"peace"
"10931",515,166,"peace"
"10932",516,166,"peace"
"10933",517,166,"peace"
"10934",518,166,"peace"
"10935",519,166,"peace"
"10936",520,166,"peace"
"10937",521,166,"peace"
"10938",522,166,"peace"
"10939",523,166,"peace"
"10940",524,166,"peace"
"10941",525,166,"peace"
"10942",526,166,"peace"
"10943",527,166,"peace"
"10944",528,166,"peace"
"10945",457,167,"conflict"
"10946",458,167,"conflict"
"10947",459,167,"conflict"
"10948",460,167,"conflict"
"10949",461,167,"conflict"
"10950",462,167,"conflict"
"10951",463,167,"conflict"
"10952",464,167,"conflict"
"10953",465,167,"conflict"
"10954",466,167,"conflict"
"10955",467,167,"conflict"
"10956",468,167,"conflict"
"10957",469,167,"conflict"
"10958",470,167,"conflict"
"10959",471,167,"conflict"
"10960",472,167,"conflict"
"10961",473,167,"conflict"
"10962",474,167,"conflict"
"10963",475,167,"conflict"
"10964",476,167,"conflict"
"10965",477,167,"conflict"
"10966",478,167,"conflict"
"10967",479,167,"conflict"
"10968",480,167,"conflict"
"10969",481,167,"conflict"
"10970",482,167,"conflict"
"10971",483,167,"conflict"
"10972",484,167,"conflict"
"10973",485,167,"conflict"
"10974",486,167,"conflict"
"10975",487,167,"conflict"
"10976",488,167,"conflict"
"10977",489,167,"conflict"
"10978",490,167,"conflict"
"10979",491,167,"conflict"
"10980",492,167,"conflict"
"10981",493,167,"conflict"
"10982",494,167,"conflict"
"10983",495,167,"conflict"
"10984",496,167,"conflict"
"10985",497,167,"conflict"
"10986",498,167,"conflict"
"10987",499,167,"conflict"
"10988",500,167,"conflict"
"10989",501,167,"conflict"
"10990",502,167,"conflict"
"10991",503,167,"conflict"
"10992",504,167,"conflict"
"10993",505,167,"conflict"
"10994",506,167,"conflict"
"10995",507,167,"conflict"
"10996",508,167,"conflict"
"10997",509,167,"conflict"
"10998",510,167,"conflict"
"10999",511,167,"conflict"
"11000",512,167,"conflict"
"11001",513,167,"conflict"
"11002",514,167,"conflict"
"11003",515,167,"conflict"
"11004",516,167,"conflict"
"11005",517,167,"conflict"
"11006",518,167,"conflict"
"11007",519,167,"conflict"
"11008",520,167,"conflict"
"11009",521,167,"conflict"
"11010",522,167,"conflict"
"11011",523,167,"conflict"
"11012",524,167,"conflict"
"11013",525,167,"conflict"
"11014",526,167,"conflict"
"11015",527,167,"conflict"
"11016",528,167,"conflict"
"11017",457,168,"peace"
"11018",458,168,"peace"
"11019",459,168,"peace"
"11020",460,168,"peace"
"11021",461,168,"peace"
"11022",462,168,"peace"
"11023",463,168,"peace"
"11024",464,168,"peace"
"11025",465,168,"peace"
"11026",466,168,"peace"
"11027",467,168,"peace"
"11028",468,168,"peace"
"11029",469,168,"peace"
"11030",470,168,"peace"
"11031",471,168,"peace"
"11032",472,168,"peace"
"11033",473,168,"peace"
"11034",474,168,"peace"
"11035",475,168,"peace"
"11036",476,168,"peace"
"11037",477,168,"peace"
"11038",478,168,"peace"
"11039",479,168,"peace"
"11040",480,168,"peace"
"11041",481,168,"peace"
"11042",482,168,"peace"
"11043",483,168,"peace"
"11044",484,168,"peace"
"11045",485,168,"peace"
"11046",486,168,"peace"
"11047",487,168,"peace"
"11048",488,168,"peace"
"11049",489,168,"peace"
"11050",490,168,"peace"
"11051",491,168,"peace"
"11052",492,168,"peace"
"11053",493,168,"peace"
"11054",494,168,"peace"
"11055",495,168,"peace"
"11056",496,168,"peace"
"11057",497,168,"peace"
"11058",498,168,"peace"
"11059",499,168,"peace"
"11060",500,168,"peace"
"11061",501,168,"peace"
"11062",502,168,"peace"
"11063",503,168,"peace"
"11064",504,168,"peace"
"11065",505,168,"peace"
"11066",506,168,"peace"
"11067",507,168,"peace"
"11068",508,168,"peace"
"11069",509,168,"peace"
"11070",510,168,"peace"
"11071",511,168,"peace"
"11072",512,168,"peace"
"11073",513,168,"peace"
"11074",514,168,"peace"
"11075",515,168,"peace"
"11076",516,168,"peace"
"11077",517,168,"peace"
"11078",518,168,"peace"
"11079",519,168,"peace"
"11080",520,168,"peace"
"11081",521,168,"peace"
"11082",522,168,"peace"
"11083",523,168,"peace"
"11084",524,168,"peace"
"11085",525,168,"peace"
"11086",526,168,"peace"
"11087",527,168,"peace"
"11088",528,168,"peace"
"11089",457,169,"peace"
"11090",458,169,"peace"
"11091",459,169,"peace"
"11092",460,169,"peace"
"11093",461,169,"peace"
"11094",462,169,"peace"
"11095",463,169,"peace"
"11096",464,169,"peace"
"11097",465,169,"peace"
"11098",466,169,"peace"
"11099",467,169,"peace"
"11100",468,169,"peace"
"11101",469,169,"peace"
"11102",470,169,"peace"
"11103",471,169,"peace"
"11104",472,169,"peace"
"11105",473,169,"peace"
"11106",474,169,"peace"
"11107",475,169,"peace"
"11108",476,169,"peace"
"11109",477,169,"peace"
"11110",478,169,"peace"
"11111",479,169,"peace"
"11112",480,169,"peace"
"11113",481,169,"peace"
"11114",482,169,"peace"
"11115",483,169,"peace"
"11116",484,169,"peace"
"11117",485,169,"peace"
"11118",486,169,"peace"
"11119",487,169,"peace"
"11120",488,169,"peace"
"11121",489,169,"peace"
"11122",490,169,"peace"
"11123",491,169,"peace"
"11124",492,169,"peace"
"11125",493,169,"peace"
"11126",494,169,"peace"
"11127",495,169,"peace"
"11128",496,169,"peace"
"11129",497,169,"peace"
"11130",498,169,"peace"
"11131",499,169,"peace"
"11132",500,169,"peace"
"11133",501,169,"peace"
"11134",502,169,"peace"
"11135",503,169,"peace"
"11136",504,169,"peace"
"11137",505,169,"peace"
"11138",506,169,"peace"
"11139",507,169,"peace"
"11140",508,169,"peace"
"11141",509,169,"peace"
"11142",510,169,"peace"
"11143",511,169,"peace"
"11144",512,169,"peace"
"11145",513,169,"peace"
"11146",514,169,"peace"
"11147",515,169,"peace"
"11148",516,169,"peace"
"11149",517,169,"peace"
"11150",518,169,"peace"
"11151",519,169,"peace"
"11152",520,169,"peace"
"11153",521,169,"peace"
"11154",522,169,"peace"
"11155",523,169,"peace"
"11156",524,169,"peace"
"11157",525,169,"peace"
"11158",526,169,"peace"
"11159",527,169,"peace"
"11160",528,169,"peace"
"11161",457,170,"peace"
"11162",458,170,"peace"
"11163",459,170,"peace"
"11164",460,170,"peace"
"11165",461,170,"peace"
"11166",462,170,"peace"
"11167",463,170,"peace"
"11168",464,170,"peace"
"11169",465,170,"peace"
"11170",466,170,"peace"
"11171",467,170,"peace"
"11172",468,170,"peace"
"11173",469,170,"peace"
"11174",470,170,"peace"
"11175",471,170,"peace"
"11176",472,170,"peace"
"11177",473,170,"peace"
"11178",474,170,"peace"
"11179",475,170,"peace"
"11180",476,170,"peace"
"11181",477,170,"peace"
"11182",478,170,"peace"
"11183",479,170,"peace"
"11184",480,170,"peace"
"11185",481,170,"peace"
"11186",482,170,"peace"
"11187",483,170,"peace"
"11188",484,170,"peace"
"11189",485,170,"peace"
"11190",486,170,"peace"
"11191",487,170,"peace"
"11192",488,170,"peace"
"11193",489,170,"peace"
"11194",490,170,"peace"
"11195",491,170,"peace"
"11196",492,170,"peace"
"11197",493,170,"peace"
"11198",494,170,"peace"
"11199",495,170,"peace"
"11200",496,170,"peace"
"11201",497,170,"peace"
"11202",498,170,"peace"
"11203",499,170,"peace"
"11204",500,170,"peace"
"11205",501,170,"peace"
"11206",502,170,"peace"
"11207",503,170,"peace"
"11208",504,170,"peace"
"11209",505,170,"peace"
"11210",506,170,"peace"
"11211",507,170,"peace"
"11212",508,170,"peace"
"11213",509,170,"peace"
"11214",510,170,"peace"
"11215",511,170,"peace"
"11216",512,170,"peace"
"11217",513,170,"peace"
"11218",514,170,"peace"
"11219",515,170,"peace"
"11220",516,170,"peace"
"11221",517,170,"peace"
"11222",518,170,"peace"
"11223",519,170,"peace"
"11224",520,170,"peace"
"11225",521,170,"peace"
"11226",522,170,"peace"
"11227",523,170,"peace"
"11228",524,170,"peace"
"11229",525,170,"peace"
"11230",526,170,"peace"
"11231",527,170,"peace"
"11232",528,170,"peace"
"11233",457,171,"peace"
"11234",458,171,"peace"
"11235",459,171,"peace"
"11236",460,171,"peace"
"11237",461,171,"peace"
"11238",462,171,"peace"
"11239",463,171,"peace"
"11240",464,171,"peace"
"11241",465,171,"peace"
"11242",466,171,"peace"
"11243",467,171,"peace"
"11244",468,171,"peace"
"11245",469,171,"peace"
"11246",470,171,"peace"
"11247",471,171,"peace"
"11248",472,171,"peace"
"11249",473,171,"peace"
"11250",474,171,"peace"
"11251",475,171,"peace"
"11252",476,171,"peace"
"11253",477,171,"peace"
"11254",478,171,"peace"
"11255",479,171,"peace"
"11256",480,171,"peace"
"11257",481,171,"peace"
"11258",482,171,"peace"
"11259",483,171,"peace"
"11260",484,171,"peace"
"11261",485,171,"peace"
"11262",486,171,"peace"
"11263",487,171,"peace"
"11264",488,171,"peace"
"11265",489,171,"peace"
"11266",490,171,"peace"
"11267",491,171,"peace"
"11268",492,171,"peace"
"11269",493,171,"peace"
"11270",494,171,"peace"
"11271",495,171,"peace"
"11272",496,171,"peace"
"11273",497,171,"peace"
"11274",498,171,"peace"
"11275",499,171,"peace"
"11276",500,171,"peace"
"11277",501,171,"peace"
"11278",502,171,"peace"
"11279",503,171,"peace"
"11280",504,171,"peace"
"11281",505,171,"peace"
"11282",506,171,"peace"
"11283",507,171,"peace"
"11284",508,171,"peace"
"11285",509,171,"peace"
"11286",510,171,"peace"
"11287",511,171,"peace"
"11288",512,171,"peace"
"11289",513,171,"peace"
"11290",514,171,"peace"
"11291",515,171,"peace"
"11292",516,171,"peace"
"11293",517,171,"peace"
"11294",518,171,"peace"
"11295",519,171,"peace"
"11296",520,171,"peace"
"11297",521,171,"peace"
"11298",522,171,"peace"
"11299",523,171,"peace"
"11300",524,171,"peace"
"11301",525,171,"peace"
"11302",526,171,"peace"
"11303",527,171,"peace"
"11304",528,171,"peace"
"11305",457,172,"peace"
"11306",458,172,"peace"
"11307",459,172,"peace"
"11308",460,172,"peace"
"11309",461,172,"peace"
"11310",462,172,"peace"
"11311",463,172,"peace"
"11312",464,172,"peace"
"11313",465,172,"peace"
"11314",466,172,"peace"
"11315",467,172,"peace"
"11316",468,172,"peace"
"11317",469,172,"peace"
"11318",470,172,"peace"
"11319",471,172,"peace"
"11320",472,172,"peace"
"11321",473,172,"peace"
"11322",474,172,"peace"
"11323",475,172,"peace"
"11324",476,172,"peace"
"11325",477,172,"peace"
"11326",478,172,"peace"
"11327",479,172,"peace"
"11328",480,172,"peace"
"11329",481,172,"peace"
"11330",482,172,"peace"
"11331",483,172,"peace"
"11332",484,172,"peace"
"11333",485,172,"peace"
"11334",486,172,"peace"
"11335",487,172,"peace"
"11336",488,172,"peace"
"11337",489,172,"peace"
"11338",490,172,"peace"
"11339",491,172,"peace"
"11340",492,172,"peace"
"11341",493,172,"peace"
"11342",494,172,"peace"
"11343",495,172,"peace"
"11344",496,172,"peace"
"11345",497,172,"peace"
"11346",498,172,"peace"
"11347",499,172,"peace"
"11348",500,172,"peace"
"11349",501,172,"peace"
"11350",502,172,"peace"
"11351",503,172,"peace"
"11352",504,172,"peace"
"11353",505,172,"peace"
"11354",506,172,"peace"
"11355",507,172,"peace"
"11356",508,172,"peace"
"11357",509,172,"peace"
"11358",510,172,"peace"
"11359",511,172,"peace"
"11360",512,172,"peace"
"11361",513,172,"peace"
"11362",514,172,"peace"
"11363",515,172,"peace"
"11364",516,172,"peace"
"11365",517,172,"peace"
"11366",518,172,"peace"
"11367",519,172,"peace"
"11368",520,172,"peace"
"11369",521,172,"peace"
"11370",522,172,"peace"
"11371",523,172,"peace"
"11372",524,172,"peace"
"11373",525,172,"peace"
"11374",526,172,"peace"
"11375",527,172,"peace"
"11376",528,172,"peace"
"11377",457,173,"peace"
"11378",458,173,"peace"
"11379",459,173,"peace"
"11380",460,173,"peace"
"11381",461,173,"peace"
"11382",462,173,"peace"
"11383",463,173,"peace"
"11384",464,173,"peace"
"11385",465,173,"peace"
"11386",466,173,"peace"
"11387",467,173,"peace"
"11388",468,173,"peace"
"11389",469,173,"peace"
"11390",470,173,"peace"
"11391",471,173,"peace"
"11392",472,173,"peace"
"11393",473,173,"peace"
"11394",474,173,"peace"
"11395",475,173,"peace"
"11396",476,173,"peace"
"11397",477,173,"peace"
"11398",478,173,"peace"
"11399",479,173,"peace"
"11400",480,173,"peace"
"11401",481,173,"peace"
"11402",482,173,"peace"
"11403",483,173,"peace"
"11404",484,173,"peace"
"11405",485,173,"peace"
"11406",486,173,"peace"
"11407",487,173,"peace"
"11408",488,173,"peace"
"11409",489,173,"peace"
"11410",490,173,"peace"
"11411",491,173,"peace"
"11412",492,173,"peace"
"11413",493,173,"peace"
"11414",494,173,"peace"
"11415",495,173,"peace"
"11416",496,173,"peace"
"11417",497,173,"peace"
"11418",498,173,"peace"
"11419",499,173,"peace"
"11420",500,173,"peace"
"11421",501,173,"peace"
"11422",502,173,"peace"
"11423",503,173,"peace"
"11424",504,173,"peace"
"11425",505,173,"peace"
"11426",506,173,"peace"
"11427",507,173,"peace"
"11428",508,173,"peace"
"11429",509,173,"peace"
"11430",510,173,"peace"
"11431",511,173,"peace"
"11432",512,173,"peace"
"11433",513,173,"peace"
"11434",514,173,"peace"
"11435",515,173,"peace"
"11436",516,173,"peace"
"11437",517,173,"peace"
"11438",518,173,"peace"
"11439",519,173,"peace"
"11440",520,173,"peace"
"11441",521,173,"peace"
"11442",522,173,"peace"
"11443",523,173,"peace"
"11444",524,173,"peace"
"11445",525,173,"peace"
"11446",526,173,"peace"
"11447",527,173,"peace"
"11448",528,173,"peace"
"11449",457,174,"peace"
"11450",458,174,"peace"
"11451",459,174,"peace"
"11452",460,174,"peace"
"11453",461,174,"peace"
"11454",462,174,"peace"
"11455",463,174,"peace"
"11456",464,174,"peace"
"11457",465,174,"peace"
"11458",466,174,"peace"
"11459",467,174,"peace"
"11460",468,174,"peace"
"11461",469,174,"peace"
"11462",470,174,"peace"
"11463",471,174,"peace"
"11464",472,174,"peace"
"11465",473,174,"peace"
"11466",474,174,"peace"
"11467",475,174,"peace"
"11468",476,174,"peace"
"11469",477,174,"peace"
"11470",478,174,"peace"
"11471",479,174,"peace"
"11472",480,174,"peace"
"11473",481,174,"peace"
"11474",482,174,"peace"
"11475",483,174,"peace"
"11476",484,174,"peace"
"11477",485,174,"peace"
"11478",486,174,"peace"
"11479",487,174,"peace"
"11480",488,174,"peace"
"11481",489,174,"peace"
"11482",490,174,"peace"
"11483",491,174,"peace"
"11484",492,174,"peace"
"11485",493,174,"peace"
"11486",494,174,"peace"
"11487",495,174,"peace"
"11488",496,174,"peace"
"11489",497,174,"peace"
"11490",498,174,"peace"
"11491",499,174,"peace"
"11492",500,174,"peace"
"11493",501,174,"peace"
"11494",502,174,"peace"
"11495",503,174,"peace"
"11496",504,174,"peace"
"11497",505,174,"peace"
"11498",506,174,"peace"
"11499",507,174,"peace"
"11500",508,174,"peace"
"11501",509,174,"peace"
"11502",510,174,"peace"
"11503",511,174,"peace"
"11504",512,174,"peace"
"11505",513,174,"peace"
"11506",514,174,"peace"
"11507",515,174,"peace"
"11508",516,174,"peace"
"11509",517,174,"peace"
"11510",518,174,"peace"
"11511",519,174,"peace"
"11512",520,174,"peace"
"11513",521,174,"peace"
"11514",522,174,"peace"
"11515",523,174,"peace"
"11516",524,174,"peace"
"11517",525,174,"peace"
"11518",526,174,"peace"
"11519",527,174,"peace"
"11520",528,174,"peace"
"11521",457,176,"peace"
"11522",458,176,"peace"
"11523",459,176,"peace"
"11524",460,176,"peace"
"11525",461,176,"peace"
"11526",462,176,"peace"
"11527",463,176,"peace"
"11528",464,176,"peace"
"11529",465,176,"peace"
"11530",466,176,"peace"
"11531",467,176,"peace"
"11532",468,176,"peace"
"11533",469,176,"peace"
"11534",470,176,"peace"
"11535",471,176,"peace"
"11536",472,176,"peace"
"11537",473,176,"peace"
"11538",474,176,"peace"
"11539",475,176,"peace"
"11540",476,176,"peace"
"11541",477,176,"peace"
"11542",478,176,"peace"
"11543",479,176,"peace"
"11544",480,176,"peace"
"11545",481,176,"peace"
"11546",482,176,"peace"
"11547",483,176,"peace"
"11548",484,176,"peace"
"11549",485,176,"peace"
"11550",486,176,"peace"
"11551",487,176,"peace"
"11552",488,176,"peace"
"11553",489,176,"peace"
"11554",490,176,"peace"
"11555",491,176,"peace"
"11556",492,176,"peace"
"11557",493,176,"peace"
"11558",494,176,"peace"
"11559",495,176,"peace"
"11560",496,176,"peace"
"11561",497,176,"peace"
"11562",498,176,"peace"
"11563",499,176,"peace"
"11564",500,176,"peace"
"11565",501,176,"peace"
"11566",502,176,"peace"
"11567",503,176,"peace"
"11568",504,176,"peace"
"11569",505,176,"peace"
"11570",506,176,"peace"
"11571",507,176,"peace"
"11572",508,176,"peace"
"11573",509,176,"peace"
"11574",510,176,"peace"
"11575",511,176,"peace"
"11576",512,176,"peace"
"11577",513,176,"peace"
"11578",514,176,"peace"
"11579",515,176,"peace"
"11580",516,176,"peace"
"11581",517,176,"peace"
"11582",518,176,"peace"
"11583",519,176,"peace"
"11584",520,176,"peace"
"11585",521,176,"peace"
"11586",522,176,"peace"
"11587",523,176,"peace"
"11588",524,176,"peace"
"11589",525,176,"peace"
"11590",526,176,"peace"
"11591",527,176,"peace"
"11592",528,176,"peace"
"11593",457,177,"peace"
"11594",458,177,"peace"
"11595",459,177,"peace"
"11596",460,177,"peace"
"11597",461,177,"peace"
"11598",462,177,"peace"
"11599",463,177,"peace"
"11600",464,177,"peace"
"11601",465,177,"peace"
"11602",466,177,"peace"
"11603",467,177,"onset"
"11604",468,177,"peace"
"11605",469,177,"peace"
"11606",470,177,"peace"
"11607",471,177,"peace"
"11608",472,177,"peace"
"11609",473,177,"peace"
"11610",474,177,"peace"
"11611",475,177,"peace"
"11612",476,177,"peace"
"11613",477,177,"peace"
"11614",478,177,"peace"
"11615",479,177,"peace"
"11616",480,177,"peace"
"11617",481,177,"peace"
"11618",482,177,"peace"
"11619",483,177,"peace"
"11620",484,177,"peace"
"11621",485,177,"peace"
"11622",486,177,"peace"
"11623",487,177,"peace"
"11624",488,177,"peace"
"11625",489,177,"peace"
"11626",490,177,"peace"
"11627",491,177,"peace"
"11628",492,177,"peace"
"11629",493,177,"peace"
"11630",494,177,"peace"
"11631",495,177,"peace"
"11632",496,177,"peace"
"11633",497,177,"peace"
"11634",498,177,"peace"
"11635",499,177,"peace"
"11636",500,177,"peace"
"11637",501,177,"peace"
"11638",502,177,"peace"
"11639",503,177,"peace"
"11640",504,177,"peace"
"11641",505,177,"peace"
"11642",506,177,"peace"
"11643",507,177,"peace"
"11644",508,177,"peace"
"11645",509,177,"peace"
"11646",510,177,"peace"
"11647",511,177,"peace"
"11648",512,177,"peace"
"11649",513,177,"peace"
"11650",514,177,"peace"
"11651",515,177,"peace"
"11652",516,177,"peace"
"11653",517,177,"peace"
"11654",518,177,"peace"
"11655",519,177,"peace"
"11656",520,177,"peace"
"11657",521,177,"peace"
"11658",522,177,"peace"
"11659",523,177,"peace"
"11660",524,177,"peace"
"11661",525,177,"peace"
"11662",526,177,"peace"
"11663",527,177,"peace"
"11664",528,177,"peace"
"11665",457,178,"peace"
"11666",458,178,"peace"
"11667",459,178,"peace"
"11668",460,178,"peace"
"11669",461,178,"peace"
"11670",462,178,"peace"
"11671",463,178,"peace"
"11672",464,178,"peace"
"11673",465,178,"peace"
"11674",466,178,"peace"
"11675",467,178,"peace"
"11676",468,178,"peace"
"11677",469,178,"peace"
"11678",470,178,"peace"
"11679",471,178,"peace"
"11680",472,178,"peace"
"11681",473,178,"peace"
"11682",474,178,"peace"
"11683",475,178,"peace"
"11684",476,178,"peace"
"11685",477,178,"peace"
"11686",478,178,"peace"
"11687",479,178,"peace"
"11688",480,178,"peace"
"11689",481,178,"peace"
"11690",482,178,"peace"
"11691",483,178,"peace"
"11692",484,178,"peace"
"11693",485,178,"peace"
"11694",486,178,"peace"
"11695",487,178,"peace"
"11696",488,178,"peace"
"11697",489,178,"peace"
"11698",490,178,"peace"
"11699",491,178,"peace"
"11700",492,178,"peace"
"11701",493,178,"peace"
"11702",494,178,"peace"
"11703",495,178,"peace"
"11704",496,178,"peace"
"11705",497,178,"peace"
"11706",498,178,"peace"
"11707",499,178,"peace"
"11708",500,178,"peace"
"11709",501,178,"peace"
"11710",502,178,"peace"
"11711",503,178,"peace"
"11712",504,178,"peace"
"11713",505,178,"peace"
"11714",506,178,"peace"
"11715",507,178,"peace"
"11716",508,178,"peace"
"11717",509,178,"peace"
"11718",510,178,"peace"
"11719",511,178,"peace"
"11720",512,178,"peace"
"11721",513,178,"peace"
"11722",514,178,"peace"
"11723",515,178,"peace"
"11724",516,178,"peace"
"11725",517,178,"peace"
"11726",518,178,"peace"
"11727",519,178,"peace"
"11728",520,178,"peace"
"11729",521,178,"peace"
"11730",522,178,"peace"
"11731",523,178,"peace"
"11732",524,178,"peace"
"11733",525,178,"peace"
"11734",526,178,"peace"
"11735",527,178,"peace"
"11736",528,178,"peace"
"11737",457,179,"peace"
"11738",458,179,"peace"
"11739",459,179,"peace"
"11740",460,179,"peace"
"11741",461,179,"peace"
"11742",462,179,"peace"
"11743",463,179,"peace"
"11744",464,179,"peace"
"11745",465,179,"peace"
"11746",466,179,"peace"
"11747",467,179,"peace"
"11748",468,179,"peace"
"11749",469,179,"peace"
"11750",470,179,"peace"
"11751",471,179,"peace"
"11752",472,179,"peace"
"11753",473,179,"peace"
"11754",474,179,"peace"
"11755",475,179,"peace"
"11756",476,179,"peace"
"11757",477,179,"peace"
"11758",478,179,"peace"
"11759",479,179,"peace"
"11760",480,179,"peace"
"11761",481,179,"peace"
"11762",482,179,"peace"
"11763",483,179,"peace"
"11764",484,179,"peace"
"11765",485,179,"peace"
"11766",486,179,"peace"
"11767",487,179,"peace"
"11768",488,179,"peace"
"11769",489,179,"peace"
"11770",490,179,"peace"
"11771",491,179,"peace"
"11772",492,179,"peace"
"11773",493,179,"peace"
"11774",494,179,"peace"
"11775",495,179,"peace"
"11776",496,179,"peace"
"11777",497,179,"peace"
"11778",498,179,"peace"
"11779",499,179,"peace"
"11780",500,179,"peace"
"11781",501,179,"peace"
"11782",502,179,"peace"
"11783",503,179,"peace"
"11784",504,179,"peace"
"11785",505,179,"peace"
"11786",506,179,"peace"
"11787",507,179,"peace"
"11788",508,179,"peace"
"11789",509,179,"peace"
"11790",510,179,"peace"
"11791",511,179,"peace"
"11792",512,179,"peace"
"11793",513,179,"peace"
"11794",514,179,"peace"
"11795",515,179,"peace"
"11796",516,179,"peace"
"11797",517,179,"peace"
"11798",518,179,"peace"
"11799",519,179,"peace"
"11800",520,179,"peace"
"11801",521,179,"peace"
"11802",522,179,"peace"
"11803",523,179,"peace"
"11804",524,179,"peace"
"11805",525,179,"peace"
"11806",526,179,"peace"
"11807",527,179,"peace"
"11808",528,179,"peace"
"11809",457,180,"peace"
"11810",458,180,"peace"
"11811",459,180,"peace"
"11812",460,180,"peace"
"11813",461,180,"peace"
"11814",462,180,"peace"
"11815",463,180,"peace"
"11816",464,180,"peace"
"11817",465,180,"peace"
"11818",466,180,"peace"
"11819",467,180,"peace"
"11820",468,180,"peace"
"11821",469,180,"peace"
"11822",470,180,"peace"
"11823",471,180,"peace"
"11824",472,180,"peace"
"11825",473,180,"peace"
"11826",474,180,"peace"
"11827",475,180,"peace"
"11828",476,180,"peace"
"11829",477,180,"peace"
"11830",478,180,"peace"
"11831",479,180,"peace"
"11832",480,180,"peace"
"11833",481,180,"peace"
"11834",482,180,"peace"
"11835",483,180,"peace"
"11836",484,180,"peace"
"11837",485,180,"peace"
"11838",486,180,"peace"
"11839",487,180,"peace"
"11840",488,180,"peace"
"11841",489,180,"peace"
"11842",490,180,"peace"
"11843",491,180,"peace"
"11844",492,180,"peace"
"11845",493,180,"peace"
"11846",494,180,"peace"
"11847",495,180,"peace"
"11848",496,180,"peace"
"11849",497,180,"peace"
"11850",498,180,"peace"
"11851",499,180,"peace"
"11852",500,180,"peace"
"11853",501,180,"peace"
"11854",502,180,"peace"
"11855",503,180,"peace"
"11856",504,180,"peace"
"11857",505,180,"peace"
"11858",506,180,"peace"
"11859",507,180,"peace"
"11860",508,180,"peace"
"11861",509,180,"peace"
"11862",510,180,"peace"
"11863",511,180,"peace"
"11864",512,180,"peace"
"11865",513,180,"peace"
"11866",514,180,"peace"
"11867",515,180,"peace"
"11868",516,180,"peace"
"11869",517,180,"peace"
"11870",518,180,"peace"
"11871",519,180,"peace"
"11872",520,180,"peace"
"11873",521,180,"peace"
"11874",522,180,"peace"
"11875",523,180,"peace"
"11876",524,180,"peace"
"11877",525,180,"peace"
"11878",526,180,"peace"
"11879",527,180,"peace"
"11880",528,180,"peace"
"11881",457,181,"peace"
"11882",458,181,"peace"
"11883",459,181,"peace"
"11884",460,181,"peace"
"11885",461,181,"peace"
"11886",462,181,"peace"
"11887",463,181,"peace"
"11888",464,181,"peace"
"11889",465,181,"peace"
"11890",466,181,"peace"
"11891",467,181,"peace"
"11892",468,181,"peace"
"11893",469,181,"peace"
"11894",470,181,"peace"
"11895",471,181,"peace"
"11896",472,181,"peace"
"11897",473,181,"peace"
"11898",474,181,"peace"
"11899",475,181,"peace"
"11900",476,181,"peace"
"11901",477,181,"peace"
"11902",478,181,"peace"
"11903",479,181,"peace"
"11904",480,181,"peace"
"11905",481,181,"peace"
"11906",482,181,"peace"
"11907",483,181,"peace"
"11908",484,181,"peace"
"11909",485,181,"peace"
"11910",486,181,"peace"
"11911",487,181,"peace"
"11912",488,181,"peace"
"11913",489,181,"peace"
"11914",490,181,"peace"
"11915",491,181,"peace"
"11916",492,181,"peace"
"11917",493,181,"peace"
"11918",494,181,"peace"
"11919",495,181,"peace"
"11920",496,181,"peace"
"11921",497,181,"peace"
"11922",498,181,"peace"
"11923",499,181,"peace"
"11924",500,181,"peace"
"11925",501,181,"peace"
"11926",502,181,"peace"
"11927",503,181,"peace"
"11928",504,181,"peace"
"11929",505,181,"peace"
"11930",506,181,"peace"
"11931",507,181,"peace"
"11932",508,181,"peace"
"11933",509,181,"peace"
"11934",510,181,"peace"
"11935",511,181,"peace"
"11936",512,181,"peace"
"11937",513,181,"peace"
"11938",514,181,"peace"
"11939",515,181,"peace"
"11940",516,181,"peace"
"11941",517,181,"peace"
"11942",518,181,"peace"
"11943",519,181,"peace"
"11944",520,181,"peace"
"11945",521,181,"peace"
"11946",522,181,"peace"
"11947",523,181,"peace"
"11948",524,181,"peace"
"11949",525,181,"peace"
"11950",526,181,"peace"
"11951",527,181,"peace"
"11952",528,181,"peace"
"11953",457,182,"peace"
"11954",458,182,"peace"
"11955",459,182,"peace"
"11956",460,182,"peace"
"11957",461,182,"peace"
"11958",462,182,"peace"
"11959",463,182,"peace"
"11960",464,182,"peace"
"11961",465,182,"peace"
"11962",466,182,"peace"
"11963",467,182,"peace"
"11964",468,182,"peace"
"11965",469,182,"peace"
"11966",470,182,"peace"
"11967",471,182,"peace"
"11968",472,182,"peace"
"11969",473,182,"peace"
"11970",474,182,"peace"
"11971",475,182,"peace"
"11972",476,182,"peace"
"11973",477,182,"peace"
"11974",478,182,"peace"
"11975",479,182,"peace"
"11976",480,182,"peace"
"11977",481,182,"peace"
"11978",482,182,"peace"
"11979",483,182,"peace"
"11980",484,182,"peace"
"11981",485,182,"peace"
"11982",486,182,"peace"
"11983",487,182,"peace"
"11984",488,182,"peace"
"11985",489,182,"peace"
"11986",490,182,"peace"
"11987",491,182,"peace"
"11988",492,182,"peace"
"11989",493,182,"peace"
"11990",494,182,"peace"
"11991",495,182,"peace"
"11992",496,182,"peace"
"11993",497,182,"peace"
"11994",498,182,"peace"
"11995",499,182,"peace"
"11996",500,182,"peace"
"11997",501,182,"peace"
"11998",502,182,"peace"
"11999",503,182,"peace"
"12000",504,182,"peace"
"12001",505,182,"peace"
"12002",506,182,"peace"
"12003",507,182,"peace"
"12004",508,182,"peace"
"12005",509,182,"peace"
"12006",510,182,"peace"
"12007",511,182,"peace"
"12008",512,182,"peace"
"12009",513,182,"peace"
"12010",514,182,"peace"
"12011",515,182,"peace"
"12012",516,182,"peace"
"12013",517,182,"peace"
"12014",518,182,"peace"
"12015",519,182,"peace"
"12016",520,182,"peace"
"12017",521,182,"peace"
"12018",522,182,"peace"
"12019",523,182,"peace"
"12020",524,182,"peace"
"12021",525,182,"peace"
"12022",526,182,"peace"
"12023",527,182,"peace"
"12024",528,182,"peace"
"12025",457,183,"peace"
"12026",458,183,"peace"
"12027",459,183,"peace"
"12028",460,183,"peace"
"12029",461,183,"peace"
"12030",462,183,"peace"
"12031",463,183,"peace"
"12032",464,183,"peace"
"12033",465,183,"peace"
"12034",466,183,"peace"
"12035",467,183,"peace"
"12036",468,183,"peace"
"12037",469,183,"peace"
"12038",470,183,"peace"
"12039",471,183,"peace"
"12040",472,183,"peace"
"12041",473,183,"peace"
"12042",474,183,"peace"
"12043",475,183,"peace"
"12044",476,183,"peace"
"12045",477,183,"peace"
"12046",478,183,"peace"
"12047",479,183,"peace"
"12048",480,183,"peace"
"12049",481,183,"peace"
"12050",482,183,"peace"
"12051",483,183,"peace"
"12052",484,183,"peace"
"12053",485,183,"peace"
"12054",486,183,"peace"
"12055",487,183,"peace"
"12056",488,183,"peace"
"12057",489,183,"peace"
"12058",490,183,"peace"
"12059",491,183,"peace"
"12060",492,183,"peace"
"12061",493,183,"peace"
"12062",494,183,"peace"
"12063",495,183,"peace"
"12064",496,183,"peace"
"12065",497,183,"peace"
"12066",498,183,"peace"
"12067",499,183,"peace"
"12068",500,183,"peace"
"12069",501,183,"peace"
"12070",502,183,"peace"
"12071",503,183,"peace"
"12072",504,183,"peace"
"12073",505,183,"peace"
"12074",506,183,"peace"
"12075",507,183,"peace"
"12076",508,183,"peace"
"12077",509,183,"peace"
"12078",510,183,"peace"
"12079",511,183,"peace"
"12080",512,183,"peace"
"12081",513,183,"peace"
"12082",514,183,"peace"
"12083",515,183,"peace"
"12084",516,183,"peace"
"12085",517,183,"peace"
"12086",518,183,"peace"
"12087",519,183,"peace"
"12088",520,183,"peace"
"12089",521,183,"peace"
"12090",522,183,"peace"
"12091",523,183,"peace"
"12092",524,183,"peace"
"12093",525,183,"peace"
"12094",526,183,"peace"
"12095",527,183,"peace"
"12096",528,183,"peace"
"12097",457,184,"peace"
"12098",458,184,"peace"
"12099",459,184,"peace"
"12100",460,184,"peace"
"12101",461,184,"peace"
"12102",462,184,"peace"
"12103",463,184,"peace"
"12104",464,184,"peace"
"12105",465,184,"peace"
"12106",466,184,"peace"
"12107",467,184,"peace"
"12108",468,184,"peace"
"12109",469,184,"peace"
"12110",470,184,"peace"
"12111",471,184,"peace"
"12112",472,184,"peace"
"12113",473,184,"peace"
"12114",474,184,"peace"
"12115",475,184,"peace"
"12116",476,184,"peace"
"12117",477,184,"peace"
"12118",478,184,"peace"
"12119",479,184,"peace"
"12120",480,184,"peace"
"12121",481,184,"peace"
"12122",482,184,"peace"
"12123",483,184,"peace"
"12124",484,184,"peace"
"12125",485,184,"peace"
"12126",486,184,"peace"
"12127",487,184,"peace"
"12128",488,184,"peace"
"12129",489,184,"peace"
"12130",490,184,"peace"
"12131",491,184,"peace"
"12132",492,184,"peace"
"12133",493,184,"peace"
"12134",494,184,"peace"
"12135",495,184,"peace"
"12136",496,184,"peace"
"12137",497,184,"peace"
"12138",498,184,"peace"
"12139",499,184,"peace"
"12140",500,184,"peace"
"12141",501,184,"peace"
"12142",502,184,"peace"
"12143",503,184,"peace"
"12144",504,184,"peace"
"12145",505,184,"peace"
"12146",506,184,"peace"
"12147",507,184,"peace"
"12148",508,184,"peace"
"12149",509,184,"peace"
"12150",510,184,"peace"
"12151",511,184,"peace"
"12152",512,184,"peace"
"12153",513,184,"peace"
"12154",514,184,"peace"
"12155",515,184,"peace"
"12156",516,184,"peace"
"12157",517,184,"peace"
"12158",518,184,"peace"
"12159",519,184,"peace"
"12160",520,184,"peace"
"12161",521,184,"peace"
"12162",522,184,"peace"
"12163",523,184,"peace"
"12164",524,184,"peace"
"12165",525,184,"peace"
"12166",526,184,"peace"
"12167",527,184,"peace"
"12168",528,184,"peace"
"12169",457,198,"peace"
"12170",458,198,"peace"
"12171",459,198,"peace"
"12172",460,198,"peace"
"12173",461,198,"peace"
"12174",462,198,"peace"
"12175",463,198,"peace"
"12176",464,198,"peace"
"12177",465,198,"peace"
"12178",466,198,"peace"
"12179",467,198,"peace"
"12180",468,198,"peace"
"12181",469,198,"peace"
"12182",470,198,"peace"
"12183",471,198,"peace"
"12184",472,198,"peace"
"12185",473,198,"peace"
"12186",474,198,"peace"
"12187",475,198,"peace"
"12188",476,198,"peace"
"12189",477,198,"peace"
"12190",478,198,"peace"
"12191",479,198,"peace"
"12192",480,198,"peace"
"12193",481,198,"peace"
"12194",482,198,"peace"
"12195",483,198,"peace"
"12196",484,198,"peace"
"12197",485,198,"peace"
"12198",486,198,"peace"
"12199",487,198,"peace"
"12200",488,198,"peace"
"12201",489,198,"peace"
"12202",490,198,"peace"
"12203",491,198,"peace"
"12204",492,198,"peace"
"12205",493,198,"peace"
"12206",494,198,"peace"
"12207",495,198,"peace"
"12208",496,198,"peace"
"12209",497,198,"peace"
"12210",498,198,"peace"
"12211",499,198,"peace"
"12212",500,198,"peace"
"12213",501,198,"peace"
"12214",502,198,"peace"
"12215",503,198,"peace"
"12216",504,198,"peace"
"12217",505,198,"peace"
"12218",506,198,"peace"
"12219",507,198,"peace"
"12220",508,198,"peace"
"12221",509,198,"peace"
"12222",510,198,"peace"
"12223",511,198,"peace"
"12224",512,198,"peace"
"12225",513,198,"peace"
"12226",514,198,"peace"
"12227",515,198,"peace"
"12228",516,198,"peace"
"12229",517,198,"peace"
"12230",518,198,"peace"
"12231",519,198,"peace"
"12232",520,198,"peace"
"12233",521,198,"peace"
"12234",522,198,"peace"
"12235",523,198,"peace"
"12236",524,198,"peace"
"12237",525,198,"peace"
"12238",526,198,"peace"
"12239",527,198,"peace"
"12240",528,198,"peace"
"12241",457,199,"peace"
"12242",458,199,"peace"
"12243",459,199,"peace"
"12244",460,199,"peace"
"12245",461,199,"peace"
"12246",462,199,"peace"
"12247",463,199,"peace"
"12248",464,199,"peace"
"12249",465,199,"peace"
"12250",466,199,"peace"
"12251",467,199,"peace"
"12252",468,199,"peace"
"12253",469,199,"peace"
"12254",470,199,"peace"
"12255",471,199,"peace"
"12256",472,199,"peace"
"12257",473,199,"peace"
"12258",474,199,"peace"
"12259",475,199,"peace"
"12260",476,199,"peace"
"12261",477,199,"peace"
"12262",478,199,"peace"
"12263",479,199,"peace"
"12264",480,199,"peace"
"12265",481,199,"peace"
"12266",482,199,"peace"
"12267",483,199,"peace"
"12268",484,199,"peace"
"12269",485,199,"peace"
"12270",486,199,"peace"
"12271",487,199,"peace"
"12272",488,199,"peace"
"12273",489,199,"peace"
"12274",490,199,"peace"
"12275",491,199,"peace"
"12276",492,199,"peace"
"12277",493,199,"peace"
"12278",494,199,"peace"
"12279",495,199,"peace"
"12280",496,199,"peace"
"12281",497,199,"peace"
"12282",498,199,"peace"
"12283",499,199,"peace"
"12284",500,199,"peace"
"12285",501,199,"peace"
"12286",502,199,"peace"
"12287",503,199,"peace"
"12288",504,199,"peace"
"12289",505,199,"peace"
"12290",506,199,"peace"
"12291",507,199,"peace"
"12292",508,199,"peace"
"12293",509,199,"peace"
"12294",510,199,"peace"
"12295",511,199,"peace"
"12296",512,199,"peace"
"12297",513,199,"peace"
"12298",514,199,"peace"
"12299",515,199,"peace"
"12300",516,199,"peace"
"12301",517,199,"peace"
"12302",518,199,"peace"
"12303",519,199,"peace"
"12304",520,199,"peace"
"12305",521,199,"peace"
"12306",522,199,"peace"
"12307",523,199,"peace"
"12308",524,199,"peace"
"12309",525,199,"peace"
"12310",526,199,"peace"
"12311",527,199,"onset"
"12312",528,199,"peace"
"12313",457,205,"peace"
"12314",458,205,"peace"
"12315",459,205,"peace"
"12316",460,205,"peace"
"12317",461,205,"peace"
"12318",462,205,"peace"
"12319",463,205,"peace"
"12320",464,205,"peace"
"12321",465,205,"peace"
"12322",466,205,"peace"
"12323",467,205,"peace"
"12324",468,205,"peace"
"12325",469,205,"peace"
"12326",470,205,"peace"
"12327",471,205,"peace"
"12328",472,205,"peace"
"12329",473,205,"peace"
"12330",474,205,"peace"
"12331",475,205,"peace"
"12332",476,205,"peace"
"12333",477,205,"peace"
"12334",478,205,"peace"
"12335",479,205,"peace"
"12336",480,205,"peace"
"12337",481,205,"peace"
"12338",482,205,"peace"
"12339",483,205,"peace"
"12340",484,205,"peace"
"12341",485,205,"peace"
"12342",486,205,"peace"
"12343",487,205,"peace"
"12344",488,205,"peace"
"12345",489,205,"peace"
"12346",490,205,"peace"
"12347",491,205,"peace"
"12348",492,205,"peace"
"12349",493,205,"peace"
"12350",494,205,"peace"
"12351",495,205,"peace"
"12352",496,205,"peace"
"12353",497,205,"peace"
"12354",498,205,"peace"
"12355",499,205,"peace"
"12356",500,205,"peace"
"12357",501,205,"peace"
"12358",502,205,"peace"
"12359",503,205,"peace"
"12360",504,205,"peace"
"12361",505,205,"peace"
"12362",506,205,"peace"
"12363",507,205,"peace"
"12364",508,205,"peace"
"12365",509,205,"peace"
"12366",510,205,"peace"
"12367",511,205,"peace"
"12368",512,205,"peace"
"12369",513,205,"peace"
"12370",514,205,"peace"
"12371",515,205,"peace"
"12372",516,205,"peace"
"12373",517,205,"peace"
"12374",518,205,"peace"
"12375",519,205,"peace"
"12376",520,205,"peace"
"12377",521,205,"peace"
"12378",522,205,"peace"
"12379",523,205,"peace"
"12380",524,205,"peace"
"12381",525,205,"peace"
"12382",526,205,"peace"
"12383",527,205,"peace"
"12384",528,205,"peace"
"12385",457,206,"peace"
"12386",458,206,"peace"
"12387",459,206,"peace"
"12388",460,206,"peace"
"12389",461,206,"peace"
"12390",462,206,"peace"
"12391",463,206,"peace"
"12392",464,206,"peace"
"12393",465,206,"peace"
"12394",466,206,"peace"
"12395",467,206,"peace"
"12396",468,206,"peace"
"12397",469,206,"peace"
"12398",470,206,"peace"
"12399",471,206,"peace"
"12400",472,206,"peace"
"12401",473,206,"peace"
"12402",474,206,"peace"
"12403",475,206,"peace"
"12404",476,206,"peace"
"12405",477,206,"peace"
"12406",478,206,"peace"
"12407",479,206,"peace"
"12408",480,206,"peace"
"12409",481,206,"peace"
"12410",482,206,"peace"
"12411",483,206,"peace"
"12412",484,206,"peace"
"12413",485,206,"peace"
"12414",486,206,"peace"
"12415",487,206,"peace"
"12416",488,206,"peace"
"12417",489,206,"peace"
"12418",490,206,"peace"
"12419",491,206,"peace"
"12420",492,206,"peace"
"12421",493,206,"peace"
"12422",494,206,"peace"
"12423",495,206,"peace"
"12424",496,206,"peace"
"12425",497,206,"peace"
"12426",498,206,"peace"
"12427",499,206,"peace"
"12428",500,206,"peace"
"12429",501,206,"peace"
"12430",502,206,"peace"
"12431",503,206,"peace"
"12432",504,206,"peace"
"12433",505,206,"peace"
"12434",506,206,"peace"
"12435",507,206,"peace"
"12436",508,206,"peace"
"12437",509,206,"peace"
"12438",510,206,"peace"
"12439",511,206,"peace"
"12440",512,206,"peace"
"12441",513,206,"peace"
"12442",514,206,"peace"
"12443",515,206,"peace"
"12444",516,206,"peace"
"12445",517,206,"peace"
"12446",518,206,"peace"
"12447",519,206,"peace"
"12448",520,206,"peace"
"12449",521,206,"peace"
"12450",522,206,"peace"
"12451",523,206,"peace"
"12452",524,206,"peace"
"12453",525,206,"peace"
"12454",526,206,"peace"
"12455",527,206,"peace"
"12456",528,206,"peace"
"12457",457,209,"deescalation"
"12458",458,209,"deescalation"
"12459",459,209,"deescalation"
"12460",460,209,"conflict"
"12461",461,209,"deescalation"
"12462",462,209,"conflict"
"12463",463,209,"deescalation"
"12464",464,209,"deescalation"
"12465",465,209,"deescalation"
"12466",466,209,"deescalation"
"12467",467,209,"deescalation"
"12468",468,209,"conflict"
"12469",469,209,"onset"
"12470",470,209,"peace"
"12471",471,209,"onset"
"12472",472,209,"peace"
"12473",473,209,"onset"
"12474",474,209,"peace"
"12475",475,209,"onset"
"12476",476,209,"peace"
"12477",477,209,"onset"
"12478",478,209,"onset"
"12479",479,209,"peace"
"12480",480,209,"onset"
"12481",481,209,"deescalation"
"12482",482,209,"conflict"
"12483",483,209,"conflict"
"12484",484,209,"conflict"
"12485",485,209,"deescalation"
"12486",486,209,"deescalation"
"12487",487,209,"deescalation"
"12488",488,209,"conflict"
"12489",489,209,"conflict"
"12490",490,209,"conflict"
"12491",491,209,"deescalation"
"12492",492,209,"deescalation"
"12493",493,209,"conflict"
"12494",494,209,"conflict"
"12495",495,209,"conflict"
"12496",496,209,"conflict"
"12497",497,209,"conflict"
"12498",498,209,"conflict"
"12499",499,209,"deescalation"
"12500",500,209,"conflict"
"12501",501,209,"conflict"
"12502",502,209,"conflict"
"12503",503,209,"conflict"
"12504",504,209,"conflict"
"12505",505,209,"conflict"
"12506",506,209,"deescalation"
"12507",507,209,"conflict"
"12508",508,209,"conflict"
"12509",509,209,"conflict"
"12510",510,209,"conflict"
"12511",511,209,"conflict"
"12512",512,209,"deescalation"
"12513",513,209,"conflict"
"12514",514,209,"conflict"
"12515",515,209,"conflict"
"12516",516,209,"conflict"
"12517",517,209,"deescalation"
"12518",518,209,"deescalation"
"12519",519,209,"conflict"
"12520",520,209,"conflict"
"12521",521,209,"conflict"
"12522",522,209,"deescalation"
"12523",523,209,"deescalation"
"12524",524,209,"conflict"
"12525",525,209,"conflict"
"12526",526,209,"conflict"
"12527",527,209,"conflict"
"12528",528,209,"conflict"
"12529",457,213,"deescalation"
"12530",458,213,"deescalation"
"12531",459,213,"deescalation"
"12532",460,213,"deescalation"
"12533",461,213,"conflict"
"12534",462,213,"conflict"
"12535",463,213,"deescalation"
"12536",464,213,"conflict"
"12537",465,213,"conflict"
"12538",466,213,"deescalation"
"12539",467,213,"deescalation"
"12540",468,213,"conflict"
"12541",469,213,"peace"
"12542",470,213,"onset"
"12543",471,213,"peace"
"12544",472,213,"onset"
"12545",473,213,"onset"
"12546",474,213,"onset"
"12547",475,213,"onset"
"12548",476,213,"onset"
"12549",477,213,"onset"
"12550",478,213,"onset"
"12551",479,213,"onset"
"12552",480,213,"onset"
"12553",481,213,"conflict"
"12554",482,213,"conflict"
"12555",483,213,"conflict"
"12556",484,213,"conflict"
"12557",485,213,"conflict"
"12558",486,213,"conflict"
"12559",487,213,"conflict"
"12560",488,213,"deescalation"
"12561",489,213,"deescalation"
"12562",490,213,"deescalation"
"12563",491,213,"deescalation"
"12564",492,213,"deescalation"
"12565",493,213,"peace"
"12566",494,213,"onset"
"12567",495,213,"peace"
"12568",496,213,"peace"
"12569",497,213,"peace"
"12570",498,213,"onset"
"12571",499,213,"peace"
"12572",500,213,"peace"
"12573",501,213,"peace"
"12574",502,213,"peace"
"12575",503,213,"peace"
"12576",504,213,"peace"
"12577",505,213,"peace"
"12578",506,213,"peace"
"12579",507,213,"peace"
"12580",508,213,"peace"
"12581",509,213,"peace"
"12582",510,213,"peace"
"12583",511,213,"peace"
"12584",512,213,"peace"
"12585",513,213,"onset"
"12586",514,213,"peace"
"12587",515,213,"peace"
"12588",516,213,"peace"
"12589",517,213,"peace"
"12590",518,213,"peace"
"12591",519,213,"peace"
"12592",520,213,"peace"
"12593",521,213,"onset"
"12594",522,213,"peace"
"12595",523,213,"peace"
"12596",524,213,"peace"
"12597",525,213,"peace"
"12598",526,213,"peace"
"12599",527,213,"peace"
"12600",528,213,"peace"
"12601",457,214,"peace"
"12602",458,214,"onset"
"12603",459,214,"onset"
"12604",460,214,"peace"
"12605",461,214,"onset"
"12606",462,214,"peace"
"12607",463,214,"peace"
"12608",464,214,"onset"
"12609",465,214,"onset"
"12610",466,214,"onset"
"12611",467,214,"peace"
"12612",468,214,"peace"
"12613",469,214,"deescalation"
"12614",470,214,"conflict"
"12615",471,214,"deescalation"
"12616",472,214,"conflict"
"12617",473,214,"conflict"
"12618",474,214,"conflict"
"12619",475,214,"conflict"
"12620",476,214,"deescalation"
"12621",477,214,"conflict"
"12622",478,214,"deescalation"
"12623",479,214,"deescalation"
"12624",480,214,"deescalation"
"12625",481,214,"onset"
"12626",482,214,"onset"
"12627",483,214,"peace"
"12628",484,214,"onset"
"12629",485,214,"peace"
"12630",486,214,"peace"
"12631",487,214,"onset"
"12632",488,214,"peace"
"12633",489,214,"onset"
"12634",490,214,"onset"
"12635",491,214,"onset"
"12636",492,214,"peace"
"12637",493,214,"deescalation"
"12638",494,214,"deescalation"
"12639",495,214,"deescalation"
"12640",496,214,"conflict"
"12641",497,214,"deescalation"
"12642",498,214,"deescalation"
"12643",499,214,"deescalation"
"12644",500,214,"deescalation"
"12645",501,214,"deescalation"
"12646",502,214,"deescalation"
"12647",503,214,"conflict"
"12648",504,214,"deescalation"
"12649",505,214,"peace"
"12650",506,214,"onset"
"12651",507,214,"peace"
"12652",508,214,"peace"
"12653",509,214,"peace"
"12654",510,214,"peace"
"12655",511,214,"peace"
"12656",512,214,"onset"
"12657",513,214,"peace"
"12658",514,214,"peace"
"12659",515,214,"onset"
"12660",516,214,"peace"
"12661",517,214,"peace"
"12662",518,214,"peace"
"12663",519,214,"peace"
"12664",520,214,"peace"
"12665",521,214,"onset"
"12666",522,214,"onset"
"12667",523,214,"peace"
"12668",524,214,"onset"
"12669",525,214,"onset"
"12670",526,214,"peace"
"12671",527,214,"peace"
"12672",528,214,"peace"
"12673",457,218,"conflict"
"12674",458,218,"conflict"
"12675",459,218,"conflict"
"12676",460,218,"conflict"
"12677",461,218,"conflict"
"12678",462,218,"deescalation"
"12679",463,218,"conflict"
"12680",464,218,"conflict"
"12681",465,218,"deescalation"
"12682",466,218,"deescalation"
"12683",467,218,"conflict"
"12684",468,218,"conflict"
"12685",469,218,"onset"
"12686",470,218,"peace"
"12687",471,218,"onset"
"12688",472,218,"peace"
"12689",473,218,"onset"
"12690",474,218,"peace"
"12691",475,218,"peace"
"12692",476,218,"onset"
"12693",477,218,"peace"
"12694",478,218,"peace"
"12695",479,218,"onset"
"12696",480,218,"onset"
"12697",481,218,"onset"
"12698",482,218,"onset"
"12699",483,218,"peace"
"12700",484,218,"peace"
"12701",485,218,"peace"
"12702",486,218,"peace"
"12703",487,218,"peace"
"12704",488,218,"peace"
"12705",489,218,"peace"
"12706",490,218,"peace"
"12707",491,218,"peace"
"12708",492,218,"peace"
"12709",493,218,"peace"
"12710",494,218,"peace"
"12711",495,218,"peace"
"12712",496,218,"peace"
"12713",497,218,"onset"
"12714",498,218,"onset"
"12715",499,218,"peace"
"12716",500,218,"onset"
"12717",501,218,"onset"
"12718",502,218,"peace"
"12719",503,218,"onset"
"12720",504,218,"onset"
"12721",505,218,"onset"
"12722",506,218,"onset"
"12723",507,218,"onset"
"12724",508,218,"onset"
"12725",509,218,"onset"
"12726",510,218,"onset"
"12727",511,218,"onset"
"12728",512,218,"onset"
"12729",513,218,"onset"
"12730",514,218,"onset"
"12731",515,218,"onset"
"12732",516,218,"onset"
"12733",517,218,"conflict"
"12734",518,218,"conflict"
"12735",519,218,"conflict"
"12736",520,218,"conflict"
"12737",521,218,"conflict"
"12738",522,218,"conflict"
"12739",523,218,"conflict"
"12740",524,218,"conflict"
"12741",525,218,"conflict"
"12742",526,218,"conflict"
"12743",527,218,"conflict"
"12744",528,218,"conflict"
"12745",457,220,"conflict"
"12746",458,220,"conflict"
"12747",459,220,"conflict"
"12748",460,220,"conflict"
"12749",461,220,"conflict"
"12750",462,220,"conflict"
"12751",463,220,"conflict"
"12752",464,220,"conflict"
"12753",465,220,"conflict"
"12754",466,220,"conflict"
"12755",467,220,"conflict"
"12756",468,220,"conflict"
"12757",469,220,"conflict"
"12758",470,220,"conflict"
"12759",471,220,"conflict"
"12760",472,220,"conflict"
"12761",473,220,"conflict"
"12762",474,220,"conflict"
"12763",475,220,"conflict"
"12764",476,220,"conflict"
"12765",477,220,"conflict"
"12766",478,220,"conflict"
"12767",479,220,"conflict"
"12768",480,220,"conflict"
"12769",481,220,"conflict"
"12770",482,220,"conflict"
"12771",483,220,"conflict"
"12772",484,220,"conflict"
"12773",485,220,"conflict"
"12774",486,220,"conflict"
"12775",487,220,"conflict"
"12776",488,220,"conflict"
"12777",489,220,"conflict"
"12778",490,220,"conflict"
"12779",491,220,"conflict"
"12780",492,220,"conflict"
"12781",493,220,"conflict"
"12782",494,220,"conflict"
"12783",495,220,"conflict"
"12784",496,220,"conflict"
"12785",497,220,"conflict"
"12786",498,220,"conflict"
"12787",499,220,"conflict"
"12788",500,220,"conflict"
"12789",501,220,"conflict"
"12790",502,220,"conflict"
"12791",503,220,"conflict"
"12792",504,220,"conflict"
"12793",505,220,"conflict"
"12794",506,220,"conflict"
"12795",507,220,"conflict"
"12796",508,220,"conflict"
"12797",509,220,"conflict"
"12798",510,220,"conflict"
"12799",511,220,"conflict"
"12800",512,220,"conflict"
"12801",513,220,"conflict"
"12802",514,220,"conflict"
"12803",515,220,"conflict"
"12804",516,220,"conflict"
"12805",517,220,"conflict"
"12806",518,220,"conflict"
"12807",519,220,"conflict"
"12808",520,220,"conflict"
"12809",521,220,"conflict"
"12810",522,220,"conflict"
"12811",523,220,"conflict"
"12812",524,220,"conflict"
"12813",525,220,"conflict"
"12814",526,220,"conflict"
"12815",527,220,"conflict"
"12816",528,220,"conflict"
"12817",457,222,"conflict"
"12818",458,222,"conflict"
"12819",459,222,"conflict"
"12820",460,222,"conflict"
"12821",461,222,"conflict"
"12822",462,222,"conflict"
"12823",463,222,"conflict"
"12824",464,222,"conflict"
"12825",465,222,"conflict"
"12826",466,222,"conflict"
"12827",467,222,"conflict"
"12828",468,222,"conflict"
"12829",469,222,"conflict"
"12830",470,222,"conflict"
"12831",471,222,"conflict"
"12832",472,222,"conflict"
"12833",473,222,"conflict"
"12834",474,222,"conflict"
"12835",475,222,"conflict"
"12836",476,222,"conflict"
"12837",477,222,"conflict"
"12838",478,222,"conflict"
"12839",479,222,"conflict"
"12840",480,222,"conflict"
"12841",481,222,"conflict"
"12842",482,222,"conflict"
"12843",483,222,"conflict"
"12844",484,222,"conflict"
"12845",485,222,"conflict"
"12846",486,222,"conflict"
"12847",487,222,"conflict"
"12848",488,222,"conflict"
"12849",489,222,"conflict"
"12850",490,222,"conflict"
"12851",491,222,"conflict"
"12852",492,222,"conflict"
"12853",493,222,"conflict"
"12854",494,222,"conflict"
"12855",495,222,"conflict"
"12856",496,222,"conflict"
"12857",497,222,"conflict"
"12858",498,222,"conflict"
"12859",499,222,"conflict"
"12860",500,222,"conflict"
"12861",501,222,"conflict"
"12862",502,222,"deescalation"
"12863",503,222,"conflict"
"12864",504,222,"conflict"
"12865",505,222,"onset"
"12866",506,222,"onset"
"12867",507,222,"onset"
"12868",508,222,"onset"
"12869",509,222,"onset"
"12870",510,222,"onset"
"12871",511,222,"onset"
"12872",512,222,"onset"
"12873",513,222,"onset"
"12874",514,222,"onset"
"12875",515,222,"onset"
"12876",516,222,"onset"
"12877",517,222,"deescalation"
"12878",518,222,"conflict"
"12879",519,222,"deescalation"
"12880",520,222,"deescalation"
"12881",521,222,"deescalation"
"12882",522,222,"deescalation"
"12883",523,222,"deescalation"
"12884",524,222,"deescalation"
"12885",525,222,"deescalation"
"12886",526,222,"deescalation"
"12887",527,222,"deescalation"
"12888",528,222,"deescalation"
"12889",457,223,"conflict"
"12890",458,223,"conflict"
"12891",459,223,"conflict"
"12892",460,223,"conflict"
"12893",461,223,"conflict"
"12894",462,223,"conflict"
"12895",463,223,"conflict"
"12896",464,223,"conflict"
"12897",465,223,"conflict"
"12898",466,223,"conflict"
"12899",467,223,"conflict"
"12900",468,223,"conflict"
"12901",469,223,"conflict"
"12902",470,223,"conflict"
"12903",471,223,"conflict"
"12904",472,223,"conflict"
"12905",473,223,"conflict"
"12906",474,223,"conflict"
"12907",475,223,"conflict"
"12908",476,223,"conflict"
"12909",477,223,"conflict"
"12910",478,223,"conflict"
"12911",479,223,"conflict"
"12912",480,223,"conflict"
"12913",481,223,"conflict"
"12914",482,223,"conflict"
"12915",483,223,"conflict"
"12916",484,223,"conflict"
"12917",485,223,"conflict"
"12918",486,223,"conflict"
"12919",487,223,"conflict"
"12920",488,223,"conflict"
"12921",489,223,"conflict"
"12922",490,223,"conflict"
"12923",491,223,"conflict"
"12924",492,223,"conflict"
"12925",493,223,"conflict"
"12926",494,223,"conflict"
"12927",495,223,"conflict"
"12928",496,223,"conflict"
"12929",497,223,"conflict"
"12930",498,223,"conflict"
"12931",499,223,"conflict"
"12932",500,223,"conflict"
"12933",501,223,"conflict"
"12934",502,223,"conflict"
"12935",503,223,"conflict"
"12936",504,223,"conflict"
"12937",505,223,"conflict"
"12938",506,223,"conflict"
"12939",507,223,"conflict"
"12940",508,223,"conflict"
"12941",509,223,"conflict"
"12942",510,223,"conflict"
"12943",511,223,"conflict"
"12944",512,223,"conflict"
"12945",513,223,"conflict"
"12946",514,223,"conflict"
"12947",515,223,"conflict"
"12948",516,223,"conflict"
"12949",517,223,"conflict"
"12950",518,223,"conflict"
"12951",519,223,"conflict"
"12952",520,223,"conflict"
"12953",521,223,"conflict"
"12954",522,223,"conflict"
"12955",523,223,"conflict"
"12956",524,223,"conflict"
"12957",525,223,"conflict"
"12958",526,223,"conflict"
"12959",527,223,"conflict"
"12960",528,223,"conflict"
"12961",457,231,"peace"
"12962",458,231,"peace"
"12963",459,231,"peace"
"12964",460,231,"peace"
"12965",461,231,"peace"
"12966",462,231,"peace"
"12967",463,231,"peace"
"12968",464,231,"peace"
"12969",465,231,"peace"
"12970",466,231,"peace"
"12971",467,231,"peace"
"12972",468,231,"peace"
"12973",469,231,"peace"
"12974",470,231,"peace"
"12975",471,231,"peace"
"12976",472,231,"peace"
"12977",473,231,"peace"
"12978",474,231,"peace"
"12979",475,231,"peace"
"12980",476,231,"peace"
"12981",477,231,"peace"
"12982",478,231,"peace"
"12983",479,231,"peace"
"12984",480,231,"peace"
"12985",481,231,"peace"
"12986",482,231,"peace"
"12987",483,231,"peace"
"12988",484,231,"peace"
"12989",485,231,"peace"
"12990",486,231,"peace"
"12991",487,231,"peace"
"12992",488,231,"peace"
"12993",489,231,"peace"
"12994",490,231,"peace"
"12995",491,231,"peace"
"12996",492,231,"peace"
"12997",493,231,"peace"
"12998",494,231,"peace"
"12999",495,231,"peace"
"13000",496,231,"peace"
"13001",497,231,"peace"
"13002",498,231,"peace"
"13003",499,231,"peace"
"13004",500,231,"peace"
"13005",501,231,"peace"
"13006",502,231,"peace"
"13007",503,231,"peace"
"13008",504,231,"peace"
"13009",505,231,"peace"
"13010",506,231,"peace"
"13011",507,231,"peace"
"13012",508,231,"peace"
"13013",509,231,"peace"
"13014",510,231,"peace"
"13015",511,231,"peace"
"13016",512,231,"peace"
"13017",513,231,"peace"
"13018",514,231,"peace"
"13019",515,231,"peace"
"13020",516,231,"peace"
"13021",517,231,"peace"
"13022",518,231,"peace"
"13023",519,231,"peace"
"13024",520,231,"peace"
"13025",521,231,"peace"
"13026",522,231,"peace"
"13027",523,231,"peace"
"13028",524,231,"peace"
"13029",525,231,"peace"
"13030",526,231,"peace"
"13031",527,231,"peace"
"13032",528,231,"peace"
"13033",457,232,"peace"
"13034",458,232,"peace"
"13035",459,232,"peace"
"13036",460,232,"peace"
"13037",461,232,"peace"
"13038",462,232,"peace"
"13039",463,232,"peace"
"13040",464,232,"peace"
"13041",465,232,"peace"
"13042",466,232,"peace"
"13043",467,232,"peace"
"13044",468,232,"peace"
"13045",469,232,"peace"
"13046",470,232,"peace"
"13047",471,232,"peace"
"13048",472,232,"peace"
"13049",473,232,"peace"
"13050",474,232,"peace"
"13051",475,232,"peace"
"13052",476,232,"peace"
"13053",477,232,"peace"
"13054",478,232,"peace"
"13055",479,232,"peace"
"13056",480,232,"peace"
"13057",481,232,"peace"
"13058",482,232,"peace"
"13059",483,232,"peace"
"13060",484,232,"peace"
"13061",485,232,"peace"
"13062",486,232,"peace"
"13063",487,232,"peace"
"13064",488,232,"peace"
"13065",489,232,"peace"
"13066",490,232,"peace"
"13067",491,232,"peace"
"13068",492,232,"peace"
"13069",493,232,"peace"
"13070",494,232,"peace"
"13071",495,232,"peace"
"13072",496,232,"peace"
"13073",497,232,"peace"
"13074",498,232,"peace"
"13075",499,232,"peace"
"13076",500,232,"peace"
"13077",501,232,"peace"
"13078",502,232,"peace"
"13079",503,232,"peace"
"13080",504,232,"peace"
"13081",505,232,"peace"
"13082",506,232,"peace"
"13083",507,232,"peace"
"13084",508,232,"peace"
"13085",509,232,"peace"
"13086",510,232,"peace"
"13087",511,232,"peace"
"13088",512,232,"peace"
"13089",513,232,"peace"
"13090",514,232,"peace"
"13091",515,232,"peace"
"13092",516,232,"peace"
"13093",517,232,"peace"
"13094",518,232,"peace"
"13095",519,232,"peace"
"13096",520,232,"peace"
"13097",521,232,"peace"
"13098",522,232,"peace"
"13099",523,232,"peace"
"13100",524,232,"peace"
"13101",525,232,"peace"
"13102",526,232,"peace"
"13103",527,232,"peace"
"13104",528,232,"peace"
"13105",457,233,"peace"
"13106",458,233,"peace"
"13107",459,233,"peace"
"13108",460,233,"peace"
"13109",461,233,"peace"
"13110",462,233,"peace"
"13111",463,233,"peace"
"13112",464,233,"peace"
"13113",465,233,"peace"
"13114",466,233,"peace"
"13115",467,233,"peace"
"13116",468,233,"peace"
"13117",469,233,"peace"
"13118",470,233,"peace"
"13119",471,233,"peace"
"13120",472,233,"peace"
"13121",473,233,"peace"
"13122",474,233,"peace"
"13123",475,233,"peace"
"13124",476,233,"peace"
"13125",477,233,"peace"
"13126",478,233,"peace"
"13127",479,233,"peace"
"13128",480,233,"peace"
"13129",481,233,"peace"
"13130",482,233,"peace"
"13131",483,233,"peace"
"13132",484,233,"peace"
"13133",485,233,"peace"
"13134",486,233,"peace"
"13135",487,233,"peace"
"13136",488,233,"peace"
"13137",489,233,"peace"
"13138",490,233,"peace"
"13139",491,233,"peace"
"13140",492,233,"peace"
"13141",493,233,"peace"
"13142",494,233,"peace"
"13143",495,233,"peace"
"13144",496,233,"peace"
"13145",497,233,"peace"
"13146",498,233,"peace"
"13147",499,233,"peace"
"13148",500,233,"peace"
"13149",501,233,"peace"
"13150",502,233,"peace"
"13151",503,233,"peace"
"13152",504,233,"peace"
"13153",505,233,"peace"
"13154",506,233,"peace"
"13155",507,233,"peace"
"13156",508,233,"peace"
"13157",509,233,"peace"
"13158",510,233,"peace"
"13159",511,233,"peace"
"13160",512,233,"peace"
"13161",513,233,"peace"
"13162",514,233,"peace"
"13163",515,233,"peace"
"13164",516,233,"peace"
"13165",517,233,"peace"
"13166",518,233,"peace"
"13167",519,233,"peace"
"13168",520,233,"peace"
"13169",521,233,"peace"
"13170",522,233,"peace"
"13171",523,233,"peace"
"13172",524,233,"peace"
"13173",525,233,"peace"
"13174",526,233,"peace"
"13175",527,233,"peace"
"13176",528,233,"peace"
"13177",457,234,"peace"
"13178",458,234,"peace"
"13179",459,234,"peace"
"13180",460,234,"peace"
"13181",461,234,"peace"
"13182",462,234,"peace"
"13183",463,234,"peace"
"13184",464,234,"peace"
"13185",465,234,"peace"
"13186",466,234,"peace"
"13187",467,234,"peace"
"13188",468,234,"peace"
"13189",469,234,"peace"
"13190",470,234,"peace"
"13191",471,234,"peace"
"13192",472,234,"peace"
"13193",473,234,"peace"
"13194",474,234,"peace"
"13195",475,234,"peace"
"13196",476,234,"peace"
"13197",477,234,"peace"
"13198",478,234,"peace"
"13199",479,234,"peace"
"13200",480,234,"peace"
"13201",481,234,"peace"
"13202",482,234,"peace"
"13203",483,234,"peace"
"13204",484,234,"peace"
"13205",485,234,"peace"
"13206",486,234,"peace"
"13207",487,234,"peace"
"13208",488,234,"peace"
"13209",489,234,"peace"
"13210",490,234,"peace"
"13211",491,234,"peace"
"13212",492,234,"peace"
"13213",493,234,"peace"
"13214",494,234,"peace"
"13215",495,234,"peace"
"13216",496,234,"peace"
"13217",497,234,"peace"
"13218",498,234,"peace"
"13219",499,234,"peace"
"13220",500,234,"peace"
"13221",501,234,"peace"
"13222",502,234,"peace"
"13223",503,234,"peace"
"13224",504,234,"peace"
"13225",505,234,"peace"
"13226",506,234,"peace"
"13227",507,234,"peace"
"13228",508,234,"peace"
"13229",509,234,"peace"
"13230",510,234,"peace"
"13231",511,234,"peace"
"13232",512,234,"peace"
"13233",513,234,"peace"
"13234",514,234,"peace"
"13235",515,234,"peace"
"13236",516,234,"peace"
"13237",517,234,"peace"
"13238",518,234,"peace"
"13239",519,234,"peace"
"13240",520,234,"peace"
"13241",521,234,"peace"
"13242",522,234,"peace"
"13243",523,234,"peace"
"13244",524,234,"peace"
"13245",525,234,"peace"
"13246",526,234,"peace"
"13247",527,234,"peace"
"13248",528,234,"peace"
"13249",457,235,"peace"
"13250",458,235,"peace"
"13251",459,235,"peace"
"13252",460,235,"peace"
"13253",461,235,"peace"
"13254",462,235,"peace"
"13255",463,235,"peace"
"13256",464,235,"peace"
"13257",465,235,"peace"
"13258",466,235,"peace"
"13259",467,235,"peace"
"13260",468,235,"peace"
"13261",469,235,"peace"
"13262",470,235,"peace"
"13263",471,235,"peace"
"13264",472,235,"peace"
"13265",473,235,"peace"
"13266",474,235,"peace"
"13267",475,235,"peace"
"13268",476,235,"peace"
"13269",477,235,"peace"
"13270",478,235,"peace"
"13271",479,235,"peace"
"13272",480,235,"peace"
"13273",481,235,"peace"
"13274",482,235,"peace"
"13275",483,235,"peace"
"13276",484,235,"peace"
"13277",485,235,"peace"
"13278",486,235,"peace"
"13279",487,235,"peace"
"13280",488,235,"peace"
"13281",489,235,"peace"
"13282",490,235,"peace"
"13283",491,235,"peace"
"13284",492,235,"peace"
"13285",493,235,"peace"
"13286",494,235,"peace"
"13287",495,235,"peace"
"13288",496,235,"peace"
"13289",497,235,"peace"
"13290",498,235,"onset"
"13291",499,235,"onset"
"13292",500,235,"peace"
"13293",501,235,"peace"
"13294",502,235,"onset"
"13295",503,235,"onset"
"13296",504,235,"peace"
"13297",505,235,"deescalation"
"13298",506,235,"deescalation"
"13299",507,235,"deescalation"
"13300",508,235,"deescalation"
"13301",509,235,"deescalation"
"13302",510,235,"conflict"
"13303",511,235,"deescalation"
"13304",512,235,"deescalation"
"13305",513,235,"deescalation"
"13306",514,235,"deescalation"
"13307",515,235,"deescalation"
"13308",516,235,"conflict"
"13309",517,235,"peace"
"13310",518,235,"onset"
"13311",519,235,"peace"
"13312",520,235,"peace"
"13313",521,235,"peace"
"13314",522,235,"onset"
"13315",523,235,"onset"
"13316",524,235,"peace"
"13317",525,235,"peace"
"13318",526,235,"onset"
"13319",527,235,"peace"
"13320",528,235,"onset"
"13321",457,237,"conflict"
"13322",458,237,"conflict"
"13323",459,237,"conflict"
"13324",460,237,"deescalation"
"13325",461,237,"deescalation"
"13326",462,237,"conflict"
"13327",463,237,"conflict"
"13328",464,237,"conflict"
"13329",465,237,"conflict"
"13330",466,237,"deescalation"
"13331",467,237,"conflict"
"13332",468,237,"deescalation"
"13333",469,237,"onset"
"13334",470,237,"peace"
"13335",471,237,"peace"
"13336",472,237,"onset"
"13337",473,237,"peace"
"13338",474,237,"onset"
"13339",475,237,"onset"
"13340",476,237,"onset"
"13341",477,237,"onset"
"13342",478,237,"onset"
"13343",479,237,"peace"
"13344",480,237,"onset"
"13345",481,237,"conflict"
"13346",482,237,"conflict"
"13347",483,237,"conflict"
"13348",484,237,"conflict"
"13349",485,237,"conflict"
"13350",486,237,"conflict"
"13351",487,237,"conflict"
"13352",488,237,"deescalation"
"13353",489,237,"conflict"
"13354",490,237,"deescalation"
"13355",491,237,"conflict"
"13356",492,237,"conflict"
"13357",493,237,"onset"
"13358",494,237,"onset"
"13359",495,237,"onset"
"13360",496,237,"peace"
"13361",497,237,"onset"
"13362",498,237,"onset"
"13363",499,237,"onset"
"13364",500,237,"onset"
"13365",501,237,"onset"
"13366",502,237,"peace"
"13367",503,237,"onset"
"13368",504,237,"onset"
"13369",505,237,"onset"
"13370",506,237,"onset"
"13371",507,237,"onset"
"13372",508,237,"peace"
"13373",509,237,"peace"
"13374",510,237,"peace"
"13375",511,237,"onset"
"13376",512,237,"onset"
"13377",513,237,"peace"
"13378",514,237,"peace"
"13379",515,237,"peace"
"13380",516,237,"onset"
"13381",517,237,"onset"
"13382",518,237,"onset"
"13383",519,237,"peace"
"13384",520,237,"peace"
"13385",521,237,"onset"
"13386",522,237,"onset"
"13387",523,237,"onset"
"13388",524,237,"onset"
"13389",525,237,"onset"
"13390",526,237,"onset"
"13391",527,237,"onset"
"13392",528,237,"onset"
"13393",457,242,"peace"
"13394",458,242,"peace"
"13395",459,242,"peace"
"13396",460,242,"peace"
"13397",461,242,"peace"
"13398",462,242,"peace"
"13399",463,242,"peace"
"13400",464,242,"peace"
"13401",465,242,"peace"
"13402",466,242,"peace"
"13403",467,242,"peace"
"13404",468,242,"peace"
"13405",469,242,"peace"
"13406",470,242,"peace"
"13407",471,242,"peace"
"13408",472,242,"peace"
"13409",473,242,"peace"
"13410",474,242,"peace"
"13411",475,242,"peace"
"13412",476,242,"peace"
"13413",477,242,"peace"
"13414",478,242,"peace"
"13415",479,242,"peace"
"13416",480,242,"peace"
"13417",481,242,"peace"
"13418",482,242,"peace"
"13419",483,242,"peace"
"13420",484,242,"peace"
"13421",485,242,"peace"
"13422",486,242,"peace"
"13423",487,242,"peace"
"13424",488,242,"peace"
"13425",489,242,"peace"
"13426",490,242,"onset"
"13427",491,242,"peace"
"13428",492,242,"peace"
"13429",493,242,"deescalation"
"13430",494,242,"deescalation"
"13431",495,242,"deescalation"
"13432",496,242,"deescalation"
"13433",497,242,"deescalation"
"13434",498,242,"deescalation"
"13435",499,242,"deescalation"
"13436",500,242,"conflict"
"13437",501,242,"deescalation"
"13438",502,242,"deescalation"
"13439",503,242,"conflict"
"13440",504,242,"conflict"
"13441",505,242,"peace"
"13442",506,242,"peace"
"13443",507,242,"peace"
"13444",508,242,"peace"
"13445",509,242,"peace"
"13446",510,242,"peace"
"13447",511,242,"peace"
"13448",512,242,"peace"
"13449",513,242,"peace"
"13450",514,242,"onset"
"13451",515,242,"peace"
"13452",516,242,"peace"
"13453",517,242,"deescalation"
"13454",518,242,"deescalation"
"13455",519,242,"deescalation"
"13456",520,242,"deescalation"
"13457",521,242,"deescalation"
"13458",522,242,"deescalation"
"13459",523,242,"deescalation"
"13460",524,242,"deescalation"
"13461",525,242,"deescalation"
"13462",526,242,"deescalation"
"13463",527,242,"deescalation"
"13464",528,242,"deescalation"
"13465",457,243,"peace"
"13466",458,243,"peace"
"13467",459,243,"peace"
"13468",460,243,"peace"
"13469",461,243,"peace"
"13470",462,243,"peace"
"13471",463,243,"peace"
"13472",464,243,"peace"
"13473",465,243,"peace"
"13474",466,243,"peace"
"13475",467,243,"peace"
"13476",468,243,"peace"
"13477",469,243,"peace"
"13478",470,243,"peace"
"13479",471,243,"peace"
"13480",472,243,"peace"
"13481",473,243,"peace"
"13482",474,243,"peace"
"13483",475,243,"peace"
"13484",476,243,"peace"
"13485",477,243,"peace"
"13486",478,243,"peace"
"13487",479,243,"peace"
"13488",480,243,"peace"
"13489",481,243,"peace"
"13490",482,243,"peace"
"13491",483,243,"peace"
"13492",484,243,"peace"
"13493",485,243,"peace"
"13494",486,243,"peace"
"13495",487,243,"peace"
"13496",488,243,"peace"
"13497",489,243,"peace"
"13498",490,243,"peace"
"13499",491,243,"onset"
"13500",492,243,"peace"
"13501",493,243,"peace"
"13502",494,243,"peace"
"13503",495,243,"peace"
"13504",496,243,"onset"
"13505",497,243,"peace"
"13506",498,243,"peace"
"13507",499,243,"peace"
"13508",500,243,"peace"
"13509",501,243,"peace"
"13510",502,243,"peace"
"13511",503,243,"onset"
"13512",504,243,"peace"
"13513",505,243,"onset"
"13514",506,243,"peace"
"13515",507,243,"peace"
"13516",508,243,"onset"
"13517",509,243,"peace"
"13518",510,243,"peace"
"13519",511,243,"peace"
"13520",512,243,"peace"
"13521",513,243,"peace"
"13522",514,243,"peace"
"13523",515,243,"onset"
"13524",516,243,"peace"
"13525",517,243,"peace"
"13526",518,243,"peace"
"13527",519,243,"peace"
"13528",520,243,"peace"
"13529",521,243,"peace"
"13530",522,243,"peace"
"13531",523,243,"peace"
"13532",524,243,"peace"
"13533",525,243,"peace"
"13534",526,243,"onset"
"13535",527,243,"peace"
"13536",528,243,"onset"
"13537",457,244,"peace"
"13538",458,244,"peace"
"13539",459,244,"peace"
"13540",460,244,"peace"
"13541",461,244,"peace"
"13542",462,244,"peace"
"13543",463,244,"peace"
"13544",464,244,"peace"
"13545",465,244,"peace"
"13546",466,244,"peace"
"13547",467,244,"peace"
"13548",468,244,"peace"
"13549",469,244,"peace"
"13550",470,244,"peace"
"13551",471,244,"peace"
"13552",472,244,"peace"
"13553",473,244,"peace"
"13554",474,244,"peace"
"13555",475,244,"peace"
"13556",476,244,"peace"
"13557",477,244,"peace"
"13558",478,244,"peace"
"13559",479,244,"peace"
"13560",480,244,"peace"
"13561",481,244,"peace"
"13562",482,244,"peace"
"13563",483,244,"peace"
"13564",484,244,"peace"
"13565",485,244,"peace"
"13566",486,244,"peace"
"13567",487,244,"peace"
"13568",488,244,"peace"
"13569",489,244,"peace"
"13570",490,244,"peace"
"13571",491,244,"peace"
"13572",492,244,"peace"
"13573",493,244,"peace"
"13574",494,244,"peace"
"13575",495,244,"peace"
"13576",496,244,"peace"
"13577",497,244,"peace"
"13578",498,244,"peace"
"13579",499,244,"peace"
"13580",500,244,"peace"
"13581",501,244,"peace"
"13582",502,244,"peace"
"13583",503,244,"peace"
"13584",504,244,"peace"
"13585",505,244,"peace"
"13586",506,244,"peace"
"13587",507,244,"peace"
"13588",508,244,"peace"
"13589",509,244,"peace"
"13590",510,244,"peace"
"13591",511,244,"peace"
"13592",512,244,"peace"
"13593",513,244,"peace"
"13594",514,244,"peace"
"13595",515,244,"peace"
"13596",516,244,"peace"
"13597",517,244,"peace"
"13598",518,244,"peace"
"13599",519,244,"onset"
"13600",520,244,"peace"
"13601",521,244,"peace"
"13602",522,244,"peace"
"13603",523,244,"peace"
"13604",524,244,"peace"
"13605",525,244,"peace"
"13606",526,244,"peace"
"13607",527,244,"peace"
"13608",528,244,"peace"
"13609",457,245,"onset"
"13610",458,245,"onset"
"13611",459,245,"onset"
"13612",460,245,"onset"
"13613",461,245,"onset"
"13614",462,245,"onset"
"13615",463,245,"onset"
"13616",464,245,"onset"
"13617",465,245,"onset"
"13618",466,245,"onset"
"13619",467,245,"onset"
"13620",468,245,"onset"
"13621",469,245,"conflict"
"13622",470,245,"conflict"
"13623",471,245,"conflict"
"13624",472,245,"deescalation"
"13625",473,245,"deescalation"
"13626",474,245,"deescalation"
"13627",475,245,"deescalation"
"13628",476,245,"deescalation"
"13629",477,245,"deescalation"
"13630",478,245,"deescalation"
"13631",479,245,"deescalation"
"13632",480,245,"deescalation"
"13633",481,245,"peace"
"13634",482,245,"peace"
"13635",483,245,"peace"
"13636",484,245,"peace"
"13637",485,245,"peace"
"13638",486,245,"onset"
"13639",487,245,"onset"
"13640",488,245,"onset"
"13641",489,245,"onset"
"13642",490,245,"peace"
"13643",491,245,"peace"
"13644",492,245,"peace"
"13645",493,245,"onset"
"13646",494,245,"peace"
"13647",495,245,"peace"
"13648",496,245,"peace"
"13649",497,245,"peace"
"13650",498,245,"peace"
"13651",499,245,"onset"
"13652",500,245,"peace"
"13653",501,245,"peace"
"13654",502,245,"peace"
"13655",503,245,"peace"
"13656",504,245,"peace"
"13657",505,245,"onset"
"13658",506,245,"peace"
"13659",507,245,"onset"
"13660",508,245,"peace"
"13661",509,245,"peace"
"13662",510,245,"peace"
"13663",511,245,"onset"
"13664",512,245,"peace"
"13665",513,245,"onset"
"13666",514,245,"onset"
"13667",515,245,"onset"
"13668",516,245,"onset"
"13669",517,245,"deescalation"
"13670",518,245,"deescalation"
"13671",519,245,"deescalation"
"13672",520,245,"conflict"
"13673",521,245,"conflict"
"13674",522,245,"conflict"
"13675",523,245,"conflict"
"13676",524,245,"conflict"
"13677",525,245,"conflict"
"13678",526,245,"conflict"
"13679",527,245,"conflict"
"13680",528,245,"conflict"
"13681",457,246,"conflict"
"13682",458,246,"conflict"
"13683",459,246,"conflict"
"13684",460,246,"conflict"
"13685",461,246,"conflict"
"13686",462,246,"conflict"
"13687",463,246,"conflict"
"13688",464,246,"conflict"
"13689",465,246,"conflict"
"13690",466,246,"conflict"
"13691",467,246,"deescalation"
"13692",468,246,"conflict"
"13693",469,246,"conflict"
"13694",470,246,"conflict"
"13695",471,246,"conflict"
"13696",472,246,"conflict"
"13697",473,246,"conflict"
"13698",474,246,"deescalation"
"13699",475,246,"conflict"
"13700",476,246,"conflict"
"13701",477,246,"conflict"
"13702",478,246,"conflict"
"13703",479,246,"deescalation"
"13704",480,246,"deescalation"
"13705",481,246,"conflict"
"13706",482,246,"deescalation"
"13707",483,246,"deescalation"
"13708",484,246,"conflict"
"13709",485,246,"conflict"
"13710",486,246,"conflict"
"13711",487,246,"conflict"
"13712",488,246,"conflict"
"13713",489,246,"conflict"
"13714",490,246,"deescalation"
"13715",491,246,"conflict"
"13716",492,246,"deescalation"
"13717",493,246,"peace"
"13718",494,246,"peace"
"13719",495,246,"onset"
"13720",496,246,"peace"
"13721",497,246,"onset"
"13722",498,246,"onset"
"13723",499,246,"onset"
"13724",500,246,"onset"
"13725",501,246,"onset"
"13726",502,246,"onset"
"13727",503,246,"peace"
"13728",504,246,"onset"
"13729",505,246,"deescalation"
"13730",506,246,"conflict"
"13731",507,246,"conflict"
"13732",508,246,"deescalation"
"13733",509,246,"deescalation"
"13734",510,246,"deescalation"
"13735",511,246,"deescalation"
"13736",512,246,"deescalation"
"13737",513,246,"deescalation"
"13738",514,246,"deescalation"
"13739",515,246,"deescalation"
"13740",516,246,"deescalation"
"13741",517,246,"peace"
"13742",518,246,"onset"
"13743",519,246,"peace"
"13744",520,246,"peace"
"13745",521,246,"peace"
"13746",522,246,"peace"
"13747",523,246,"peace"
"13748",524,246,"peace"
"13749",525,246,"peace"
"13750",526,246,"peace"
"13751",527,246,"peace"
"13752",528,246,"peace"
